{
    "name": "root",
    "metadata": {
        "timer_format_version": "0.1.0",
        "start_time_seconds": "1729218453",
        "python_version": "3.8.10 (tags/v3.8.10:3d8993a, May  3 2021, 11:48:03) [MSC v.1928 64 bit (AMD64)]",
        "command_line_arguments": "C:\\Users\\User\\Desktop\\Tank-Game-AI\\venv\\Scripts\\mlagents-learn --run-id=Gen22",
        "mlagents_version": "0.29.0",
        "mlagents_envs_version": "0.29.0",
        "communication_protocol_version": "1.5.0",
        "pytorch_version": "2.2.2+cu121",
        "numpy_version": "1.21.2",
        "end_time_seconds": "1729218473"
    },
    "total": 20.0488766,
    "count": 1,
    "self": 0.005624999999998437,
    "children": {
        "run_training.setup": {
            "total": 0.0340676000000002,
            "count": 1,
            "self": 0.0340676000000002
        },
        "TrainerController.start_learning": {
            "total": 20.009184,
            "count": 1,
            "self": 0.0016506000000049426,
            "children": {
                "TrainerController._reset_env": {
                    "total": 7.074618599999999,
                    "count": 1,
                    "self": 7.074618599999999
                },
                "TrainerController.advance": {
                    "total": 12.826546899999999,
                    "count": 44,
                    "self": 0.0011008999999972957,
                    "children": {
                        "env_step": {
                            "total": 12.824066300000002,
                            "count": 44,
                            "self": 12.734173200000004,
                            "children": {
                                "SubprocessEnvManager._take_step": {
                                    "total": 0.08929589999999799,
                                    "count": 44,
                                    "self": 0.004405700000004842,
                                    "children": {
                                        "TorchPolicy.evaluate": {
                                            "total": 0.08489019999999314,
                                            "count": 44,
                                            "self": 0.021330799999990546,
                                            "children": {
                                                "TorchPolicy.sample_actions": {
                                                    "total": 0.0635594000000026,
                                                    "count": 44,
                                                    "self": 0.0635594000000026
                                                }
                                            }
                                        }
                                    }
                                },
                                "workers": {
                                    "total": 0.0005971999999996314,
                                    "count": 43,
                                    "self": 0.0,
                                    "children": {
                                        "worker_root": {
                                            "total": 3.6094789999999977,
                                            "count": 43,
                                            "is_parallel": true,
                                            "self": 1.3371919999999902,
                                            "children": {
                                                "steps_from_proto": {
                                                    "total": 0.0012418999999992408,
                                                    "count": 1,
                                                    "is_parallel": true,
                                                    "self": 0.0003276999999988206,
                                                    "children": {
                                                        "_process_rank_one_or_two_observation": {
                                                            "total": 0.0009142000000004202,
                                                            "count": 2,
                                                            "is_parallel": true,
                                                            "self": 0.0009142000000004202
                                                        }
                                                    }
                                                },
                                                "UnityEnvironment.step": {
                                                    "total": 2.2710451000000083,
                                                    "count": 43,
                                                    "is_parallel": true,
                                                    "self": 0.017423700000005482,
                                                    "children": {
                                                        "UnityEnvironment._generate_step_input": {
                                                            "total": 0.024047700000003225,
                                                            "count": 43,
                                                            "is_parallel": true,
                                                            "self": 0.024047700000003225
                                                        },
                                                        "communicator.exchange": {
                                                            "total": 2.179640299999999,
                                                            "count": 43,
                                                            "is_parallel": true,
                                                            "self": 2.179640299999999
                                                        },
                                                        "steps_from_proto": {
                                                            "total": 0.04993340000000046,
                                                            "count": 43,
                                                            "is_parallel": true,
                                                            "self": 0.012469800000005193,
                                                            "children": {
                                                                "_process_rank_one_or_two_observation": {
                                                                    "total": 0.03746359999999527,
                                                                    "count": 86,
                                                                    "is_parallel": true,
                                                                    "self": 0.03746359999999527
                                                                }
                                                            }
                                                        }
                                                    }
                                                }
                                            }
                                        }
                                    }
                                }
                            }
                        },
                        "trainer_advance": {
                            "total": 0.0013796999999993176,
                            "count": 43,
                            "self": 0.0009566999999979231,
                            "children": {
                                "process_trajectory": {
                                    "total": 0.0004230000000013945,
                                    "count": 43,
                                    "self": 0.0004230000000013945
                                }
                            }
                        }
                    }
                },