{
    "name": "root",
    "metadata": {
        "timer_format_version": "0.1.0",
        "start_time_seconds": "1732580777",
        "python_version": "3.8.10 (tags/v3.8.10:3d8993a, May  3 2021, 11:48:03) [MSC v.1928 64 bit (AMD64)]",
        "command_line_arguments": "C:\\Users\\User\\Desktop\\Tank-Game-AI\\venv\\Scripts\\mlagents-learn config/TankConfig6.yaml --run-id=Gen37b",
        "mlagents_version": "0.29.0",
        "mlagents_envs_version": "0.29.0",
        "communication_protocol_version": "1.5.0",
        "pytorch_version": "2.2.2+cu121",
        "numpy_version": "1.21.2",
        "end_time_seconds": "1732580805"
    },
    "total": 28.658903,
    "count": 1,
    "self": 0.019543500000001046,
    "children": {
        "run_training.setup": {
            "total": 0.16909059999999965,
            "count": 1,
            "self": 0.16909059999999965
        },
        "TrainerController.start_learning": {
            "total": 28.470268899999997,
            "count": 1,
            "self": 0.017545399999992384,
            "children": {
                "TrainerController._reset_env": {
                    "total": 13.879368999999999,
                    "count": 1,
                    "self": 13.459899599999998,
                    "children": {
                        "demo_to_buffer": {
                            "total": 0.41946940000000055,
                            "count": 2,
                            "self": 0.00012699999999554734,
                            "children": {
                                "load_demonstration": {
                                    "total": 0.007270200000004223,
                                    "count": 2,
                                    "self": 0.0071147000000060245,
                                    "children": {
                                        "read_file": {
                                            "total": 0.00015549999999819875,
                                            "count": 2,
                                            "self": 0.00015549999999819875
                                        }
                                    }
                                },
                                "make_demo_buffer": {
                                    "total": 0.4120722000000008,
                                    "count": 2,
                                    "self": 0.07653489999997376,
                                    "children": {
                                        "steps_from_proto": {
                                            "total": 0.335537300000027,
                                            "count": 1600,
                                            "self": 0.24254920000001334,
                                            "children": {
                                                "_process_rank_one_or_two_observation": {
                                                    "total": 0.09298810000001367,
                                                    "count": 3200,
                                                    "self": 0.09298810000001367
                                                }
                                            }
                                        }
                                    }
                                }
                            }
                        }
                    }
                },
                "TrainerController.advance": {
                    "total": 14.256015900000001,
                    "count": 137,
                    "self": 0.00449759999999344,
                    "children": {
                        "env_step": {
                            "total": 14.251518300000008,
                            "count": 137,
                            "self": 13.897905700000003,
                            "children": {
                                "SubprocessEnvManager._take_step": {
                                    "total": 0.3515727000000055,
                                    "count": 137,
                                    "self": 0.01138769999999667,
                                    "children": {
                                        "TorchPolicy.evaluate": {
                                            "total": 0.34018500000000884,
                                            "count": 137,
                                            "self": 0.07297959999998227,
                                            "children": {
                                                "TorchPolicy.sample_actions": {
                                                    "total": 0.26720540000002657,
                                                    "count": 137,
                                                    "self": 0.26720540000002657
                                                }
                                            }
                                        }
                                    }
                                },
                                "workers": {
                                    "total": 0.0020398999999997613,
                                    "count": 136,
                                    "self": 0.0,
                                    "children": {
                                        "worker_root": {
                                            "total": 12.519678999999977,
                                            "count": 136,
                                            "is_parallel": true,
                                            "self": 3.4895045999999557,
                                            "children": {
                                                "steps_from_proto": {
                                                    "total": 0.004963599999999957,
                                                    "count": 1,
                                                    "is_parallel": true,
                                                    "self": 0.0017779999999998353,
                                                    "children": {
                                                        "_process_rank_one_or_two_observation": {
                                                            "total": 0.0031856000000001217,
                                                            "count": 2,
                                                            "is_parallel": true,
                                                            "self": 0.0031856000000001217
                                                        }
                                                    }
                                                },
                                                "UnityEnvironment.step": {
                                                    "total": 9.025210800000021,
                                                    "count": 136,
                                                    "is_parallel": true,
                                                    "self": 0.02384680000001005,
                                                    "children": {
                                                        "UnityEnvironment._generate_step_input": {
                                                            "total": 0.038797099999976936,
                                                            "count": 136,
                                                            "is_parallel": true,
                                                            "self": 0.038797099999976936
                                                        },
                                                        "communicator.exchange": {
                                                            "total": 8.895129100000016,
                                                            "count": 136,
                                                            "is_parallel": true,