{
    "name": "root",
    "metadata": {
        "timer_format_version": "0.1.0",
        "start_time_seconds": "1731994557",
        "python_version": "3.8.10 (tags/v3.8.10:3d8993a, May  3 2021, 11:48:03) [MSC v.1928 64 bit (AMD64)]",
        "command_line_arguments": "C:\\Users\\User\\Desktop\\Tank-Game-AI\\venv\\Scripts\\mlagents-learn config/TankConfig6.yaml --run-id=Gen36a",
        "mlagents_version": "0.29.0",
        "mlagents_envs_version": "0.29.0",
        "communication_protocol_version": "1.5.0",
        "pytorch_version": "2.2.2+cu121",
        "numpy_version": "1.21.2",
        "end_time_seconds": "1731994583"
    },
    "total": 26.0703885,
    "count": 1,
    "self": 0.014411100000000232,
    "children": {
        "run_training.setup": {
            "total": 0.11975559999999996,
            "count": 1,
            "self": 0.11975559999999996
        },
        "TrainerController.start_learning": {
            "total": 25.9362218,
            "count": 1,
            "self": 0.014003400000010657,
            "children": {
                "TrainerController._reset_env": {
                    "total": 11.803230500000002,
                    "count": 1,
                    "self": 10.652961200000004,
                    "children": {
                        "demo_to_buffer": {
                            "total": 1.150269299999998,
                            "count": 2,
                            "self": 0.00015489999999651616,
                            "children": {
                                "load_demonstration": {
                                    "total": 0.016557600000000505,
                                    "count": 2,
                                    "self": 0.016371299999999422,
                                    "children": {
                                        "read_file": {
                                            "total": 0.00018630000000108282,
                                            "count": 2,
                                            "self": 0.00018630000000108282
                                        }
                                    }
                                },
                                "make_demo_buffer": {
                                    "total": 1.133556800000001,
                                    "count": 2,
                                    "self": 0.21345409999999632,
                                    "children": {
                                        "steps_from_proto": {
                                            "total": 0.9201027000000046,
                                            "count": 3920,
                                            "self": 0.6586692000000252,
                                            "children": {
                                                "_process_rank_one_or_two_observation": {
                                                    "total": 0.26143349999997945,
                                                    "count": 7840,
                                                    "self": 0.26143349999997945
                                                }
                                            }
                                        }
                                    }
                                }
                            }
                        }
                    }
                },
                "TrainerController.advance": {
                    "total": 13.947514099999987,
                    "count": 57,
                    "self": 0.0015641999999864709,
                    "children": {
                        "env_step": {
                            "total": 13.9459499,
                            "count": 57,
                            "self": 13.832558499999994,
                            "children": {
                                "SubprocessEnvManager._take_step": {
                                    "total": 0.11262980000000766,
                                    "count": 57,
                                    "self": 0.004406900000017089,
                                    "children": {
                                        "TorchPolicy.evaluate": {
                                            "total": 0.10822289999999057,
                                            "count": 57,
                                            "self": 0.026437599999988848,
                                            "children": {
                                                "TorchPolicy.sample_actions": {
                                                    "total": 0.08178530000000173,
                                                    "count": 57,
                                                    "self": 0.08178530000000173
                                                }
                                            }
                                        }
                                    }
                                },
                                "workers": {
                                    "total": 0.0007615999999988077,
                                    "count": 56,
                                    "self": 0.0,
                                    "children": {
                                        "worker_root": {
                                            "total": 11.663348200000007,
                                            "count": 56,
                                            "is_parallel": true,
                                            "self": 2.794169700000001,
                                            "children": {
                                                "steps_from_proto": {
                                                    "total": 0.0008243999999990592,
                                                    "count": 1,
                                                    "is_parallel": true,
                                                    "self": 0.0004228999999984495,
                                                    "children": {
                                                        "_process_rank_one_or_two_observation": {
                                                            "total": 0.0004015000000006097,
                                                            "count": 2,
                                                            "is_parallel": true,
                                                            "self": 0.0004015000000006097
                                                        }
                                                    }
                                                },
                                                "UnityEnvironment.step": {
                                                    "total": 8.868354100000007,
                                                    "count": 56,
                                                    "is_parallel": true,
                                                    "self": 0.009978000000010923,
                                                    "children": {
                                                        "UnityEnvironment._generate_step_input": {
                                                            "total": 0.0156961000000031,
                                                            "count": 56,
                                                            "is_parallel": true,
                                                            "self": 0.0156961000000031
                                                        },
                                                        "communicator.exchange": {
                                                            "total": 8.815237999999983,
                                                            "count": 56,
                                                            "is_parallel": true,