{
    "name": "root",
    "gauges": {
        "TankBehavior.Policy.Entropy.mean": {
            "value": 2.06099796295166,
            "min": 2.06099796295166,
            "max": 2.0866587162017822,
            "count": 10
        },
        "TankBehavior.Policy.Entropy.sum": {
            "value": 102895.3203125,
            "min": 102888.8984375,
            "max": 105904.0234375,
            "count": 10
        },
        "TankBehavior.Step.mean": {
            "value": 499978.0,
            "min": 49994.0,
            "max": 499978.0,
            "count": 10
        },
        "TankBehavior.Step.sum": {
            "value": 499978.0,
            "min": 49994.0,
            "max": 499978.0,
            "count": 10
        },
        "TankBehavior.Policy.ExtrinsicValueEstimate.mean": {
            "value": 19.285411834716797,
            "min": 4.277698040008545,
            "max": 19.285411834716797,
            "count": 10
        },
        "TankBehavior.Policy.ExtrinsicValueEstimate.sum": {
            "value": 17646.15234375,
            "min": 4033.869140625,
            "max": 17646.15234375,
            "count": 10
        },
        "TankBehavior.Environment.EpisodeLength.mean": {
            "value": 195.46875,
            "min": 160.26384364820848,
            "max": 195.46875,
            "count": 10
        },
        "TankBehavior.Environment.EpisodeLength.sum": {
            "value": 50040.0,
            "min": 48286.0,
            "max": 50607.0,
            "count": 10
        },
        "TankBehavior.Environment.CumulativeReward.mean": {
            "value": 67.65918375493493,
            "min": 22.82333480042716,
            "max": 67.65918375493493,
            "count": 10
        },
        "TankBehavior.Environment.CumulativeReward.sum": {
            "value": 17320.751041263342,
            "min": 6847.000440128148,
            "max": 17320.751041263342,
            "count": 10
        },
        "TankBehavior.Policy.ExtrinsicReward.mean": {
            "value": 67.65918375493493,
            "min": 22.82333480042716,
            "max": 67.65918375493493,
            "count": 10
        },
        "TankBehavior.Policy.ExtrinsicReward.sum": {
            "value": 17320.751041263342,
            "min": 6847.000440128148,
            "max": 17320.751041263342,
            "count": 10
        },
        "TankBehavior.Losses.PolicyLoss.mean": {
            "value": 0.02244108166448617,
            "min": 0.021026928067779713,
            "max": 0.02692672646444407,
            "count": 10
        },
        "TankBehavior.Losses.PolicyLoss.sum": {
            "value": 0.11220540832243084,
            "min": 0.08410771227111885,
            "max": 0.1322655452124309,
            "count": 10
        },
        "TankBehavior.Losses.ValueLoss.mean": {
            "value": 28.55888861338297,
            "min": 9.329709800084432,
            "max": 28.55888861338297,
            "count": 10
        },
        "TankBehavior.Losses.ValueLoss.sum": {
            "value": 142.79444306691485,
            "min": 37.31883920033773,
            "max": 142.79444306691485,
            "count": 10
        },
        "TankBehavior.Policy.LearningRate.mean": {
            "value": 1.614381461876e-05,
            "min": 1.614381461876e-05,
            "max": 0.0002845674051442,
            "count": 10
        },
        "TankBehavior.Policy.LearningRate.sum": {
            "value": 8.07190730938e-05,
            "min": 8.07190730938e-05,
            "max": 0.0012839436720187996,
            "count": 10
        },
        "TankBehavior.Policy.Epsilon.mean": {
            "value": 0.10538124,
            "min": 0.10538124,
            "max": 0.19485579999999997,
            "count": 10
        },
        "TankBehavior.Policy.Epsilon.sum": {
            "value": 0.5269062,
            "min": 0.4996060000000001,
            "max": 0.9279812000000001,
            "count": 10
        },
        "TankBehavior.Policy.Beta.mean": {
            "value": 0.000278523876,
            "min": 0.000278523876,
            "max": 0.00474330442,
            "count": 10
        },
        "TankBehavior.Policy.Beta.sum": {
            "value": 0.00139261938,
            "min": 0.00139261938,
            "max": 0.02140626188,
            "count": 10
        },
        "TankBehavior.IsTraining.mean": {
            "value": 1.0,
            "min": 1.0,
            "max": 1.0,
            "count": 10
        },
        "TankBehavior.IsTraining.sum": {
            "value": 1.0,
            "min": 1.0,
            "max": 1.0,
            "count": 10
        }
    },
    "metadata": {
        "timer_format_version": "0.1.0",
        "start_time_seconds": "1728081051",
        "python_version": "3.8.10 (tags/v3.8.10:3d8993a, May  3 2021, 11:48:03) [MSC v.1928 64 bit (AMD64)]",
        "command_line_arguments": "C:\\Users\\User\\Desktop\\Tank-Game-AI\\venv\\Scripts\\mlagents-learn --run-id=Gen9",
        "mlagents_version": "0.29.0",
        "mlagents_envs_version": "0.29.0",
        "communication_protocol_version": "1.5.0",
        "pytorch_version": "2.2.2+cu121",
        "numpy_version": "1.21.2",
        "end_time_seconds": "1728081911"
    },
    "total": 860.1759983999999,
    "count": 1,
    "self": 0.021073499999943124,
    "children": {
        "run_training.setup": {
            "total": 0.04849780000000026,
            "count": 1,
            "self": 0.04849780000000026
        },
        "TrainerController.start_learning": {
            "total": 860.1064271,
            "count": 1,
            "self": 0.7005624999975453,
            "children": {
                "TrainerController._reset_env": {
                    "total": 12.1874476,
                    "count": 1,
                    "self": 12.1874476
                },
                "TrainerController.advance": {
                    "total": 847.1438979000025,
                    "count": 22245,
                    "self": 0.6028083000117022,
                    "children": {
                        "env_step": {
                            "total": 689.3117912999918,
                            "count": 22245,
                            "self": 647.3812249000053,
                            "children": {
                                "SubprocessEnvManager._take_step": {
                                    "total": 41.49837929999542,
                                    "count": 22245,
                                    "self": 1.9827448999911965,
                                    "children": {
                                        "TorchPolicy.evaluate": {
                                            "total": 39.515634400004224,
                                            "count": 20030,
                                            "self": 9.470491100000054,
                                            "children": {
                                                "TorchPolicy.sample_actions": {
                                                    "total": 30.04514330000417,
                                                    "count": 20030,
                                                    "self": 30.04514330000417
                                                }
                                            }
                                        }
                                    }
                                },
                                "workers": {
                                    "total": 0.43218709999100113,
                                    "count": 22245,
                                    "self": 0.0,
                                    "children": {
                                        "worker_root": {
                                            "total": 848.063641400004,
                                            "count": 22245,
                                            "is_parallel": true,
                                            "self": 252.0474972000037,