{
    "name": "root",
    "gauges": {
        "TankBehavior.Policy.Entropy.mean": {
            "value": 1.5175671577453613,
            "min": 1.5175671577453613,
            "max": 1.927051305770874,
            "count": 10
        },
        "TankBehavior.Policy.Entropy.sum": {
            "value": 75574.84375,
            "min": 75574.84375,
            "max": 97701.5,
            "count": 10
        },
        "TankBehavior.Step.mean": {
            "value": 499992.0,
            "min": 49989.0,
            "max": 499992.0,
            "count": 10
        },
        "TankBehavior.Step.sum": {
            "value": 499992.0,
            "min": 49989.0,
            "max": 499992.0,
            "count": 10
        },
        "TankBehavior.Policy.ExtrinsicValueEstimate.mean": {
            "value": -5.832088470458984,
            "min": -21.694358825683594,
            "max": -5.832088470458984,
            "count": 10
        },
        "TankBehavior.Policy.ExtrinsicValueEstimate.sum": {
            "value": -5773.767578125,
            "min": -20718.11328125,
            "max": -5773.767578125,
            "count": 10
        },
        "TankBehavior.Environment.EpisodeLength.mean": {
            "value": 152.95987654320987,
            "min": 149.27190332326285,
            "max": 160.61129568106313,
            "count": 10
        },
        "TankBehavior.Environment.EpisodeLength.sum": {
            "value": 49559.0,
            "min": 48344.0,
            "max": 50239.0,
            "count": 10
        },
        "TankBehavior.Environment.CumulativeReward.mean": {
            "value": -14.147692307692308,
            "min": -21.269102990033222,
            "max": -14.147692307692308,
            "count": 10
        },
        "TankBehavior.Environment.CumulativeReward.sum": {
            "value": -4598.0,
            "min": -6563.0,
            "max": -4598.0,
            "count": 10
        },
        "TankBehavior.Policy.ExtrinsicReward.mean": {
            "value": -14.147692307692308,
            "min": -21.269102990033222,
            "max": -14.147692307692308,
            "count": 10
        },
        "TankBehavior.Policy.ExtrinsicReward.sum": {
            "value": -4598.0,
            "min": -6563.0,
            "max": -4598.0,
            "count": 10
        },
        "TankBehavior.Losses.PolicyLoss.mean": {
            "value": 0.02648008771939203,
            "min": 0.02128007205654285,
            "max": 0.028361926771807097,
            "count": 10
        },
        "TankBehavior.Losses.PolicyLoss.sum": {
            "value": 0.13240043859696016,
            "min": 0.10640036028271425,
            "max": 0.13240043859696016,
            "count": 10
        },
        "TankBehavior.Losses.ValueLoss.mean": {
            "value": 1.0033421421051025,
            "min": 1.0033421421051025,
            "max": 23.4276619275411,
            "count": 10
        },
        "TankBehavior.Losses.ValueLoss.sum": {
            "value": 5.016710710525513,
            "min": 4.457062397400538,
            "max": 93.7106477101644,
            "count": 10
        },
        "TankBehavior.Policy.LearningRate.mean": {
            "value": 1.641333452892e-05,
            "min": 1.641333452892e-05,
            "max": 0.00028458495513835,
            "count": 10
        },
        "TankBehavior.Policy.LearningRate.sum": {
            "value": 8.20666726446e-05,
            "min": 8.20666726446e-05,
            "max": 0.0012841236719588,
            "count": 10
        },
        "TankBehavior.Policy.Epsilon.mean": {
            "value": 0.10547108000000001,
            "min": 0.10547108000000001,
            "max": 0.19486165000000003,
            "count": 10
        },
        "TankBehavior.Policy.Epsilon.sum": {
            "value": 0.5273554,
            "min": 0.49997079999999994,
            "max": 0.9280412,
            "count": 10
        },
        "TankBehavior.Policy.Beta.mean": {
            "value": 0.00028300689199999994,
            "min": 0.00028300689199999994,
            "max": 0.004743596335000001,
            "count": 10
        },
        "TankBehavior.Policy.Beta.sum": {
            "value": 0.0014150344599999998,
            "min": 0.0014150344599999998,
            "max": 0.02140925588,
            "count": 10
        },
        "TankBehavior.IsTraining.mean": {
            "value": 1.0,
            "min": 1.0,
            "max": 1.0,
            "count": 10
        },
        "TankBehavior.IsTraining.sum": {
            "value": 1.0,
            "min": 1.0,
            "max": 1.0,
            "count": 10
        }
    },
    "metadata": {
        "timer_format_version": "0.1.0",
        "start_time_seconds": "1727938870",
        "python_version": "3.8.10 (tags/v3.8.10:3d8993a, May  3 2021, 11:48:03) [MSC v.1928 64 bit (AMD64)]",
        "command_line_arguments": "C:\\Users\\User\\Desktop\\Tank-Game-AI\\venv\\Scripts\\mlagents-learn results/Test5.3/configuration.yaml --initialize-from=Test5.3 --run-id=Test5.4",
        "mlagents_version": "0.29.0",
        "mlagents_envs_version": "0.29.0",
        "communication_protocol_version": "1.5.0",
        "pytorch_version": "2.2.2+cu121",
        "numpy_version": "1.21.2",
        "end_time_seconds": "1727939703"
    },
    "total": 832.9196668000001,
    "count": 1,
    "self": 0.009046000000125787,
    "children": {
        "run_training.setup": {
            "total": 0.12974370000000013,
            "count": 1,
            "self": 0.12974370000000013
        },
        "TrainerController.start_learning": {
            "total": 832.7808771,
            "count": 1,
            "self": 0.7102043999972238,
            "children": {
                "TrainerController._reset_env": {
                    "total": 9.4736367,
                    "count": 1,
                    "self": 9.4736367
                },
                "TrainerController.advance": {
                    "total": 822.5310413000027,
                    "count": 22490,
                    "self": 0.625173899999595,
                    "children": {
                        "env_step": {
                            "total": 668.6783229000051,
                            "count": 22490,
                            "self": 628.3346326000037,
                            "children": {
                                "SubprocessEnvManager._take_step": {
                                    "total": 39.91718339999582,
                                    "count": 22490,
                                    "self": 1.9384877000015166,
                                    "children": {
                                        "TorchPolicy.evaluate": {
                                            "total": 37.978695699994304,
                                            "count": 20032,
                                            "self": 9.345130899995954,
                                            "children": {
                                                "TorchPolicy.sample_actions": {
                                                    "total": 28.63356479999835,
                                                    "count": 20032,
                                                    "self": 28.63356479999835
                                                }
                                            }
                                        }
                                    }
                                },
                                "workers": {
                                    "total": 0.42650690000554015,
                                    "count": 22490,
                                    "self": 0.0,
                                    "children": {
                                        "worker_root": {
                                            "total": 823.6044785999941,
                                            "count": 22490,
                                            "is_parallel": true,