{
    "name": "root",
    "gauges": {
        "TankBehavior.Policy.Entropy.mean": {
            "value": 15.482441902160645,
            "min": 11.42055606842041,
            "max": 15.48626708984375,
            "count": 907
        },
        "TankBehavior.Policy.Entropy.sum": {
            "value": 159469.15625,
            "min": 17509.46484375,
            "max": 329746.125,
            "count": 907
        },
        "TankBehavior.Environment.LessonNumber.env_params.mean": {
            "value": 0.0,
            "min": 0.0,
            "max": 0.0,
            "count": 907
        },
        "TankBehavior.Environment.LessonNumber.env_params.sum": {
            "value": 0.0,
            "min": 0.0,
            "max": 0.0,
            "count": 907
        },
        "TankBehavior.Environment.EpisodeLength.mean": {
            "value": 450.44827586206895,
            "min": 117.42696629213484,
            "max": 999.0,
            "count": 907
        },
        "TankBehavior.Environment.EpisodeLength.sum": {
            "value": 13063.0,
            "min": 836.0,
            "max": 19141.0,
            "count": 907
        },
        "TankBehavior.Step.mean": {
            "value": 25355469.0,
            "min": 14483865.0,
            "max": 25355469.0,
            "count": 907
        },
        "TankBehavior.Step.sum": {
            "value": 25355469.0,
            "min": 14483865.0,
            "max": 25355469.0,
            "count": 907
        },
        "TankBehavior.Policy.ExtrinsicValueEstimate.mean": {
            "value": -3.814175605773926,
            "min": -7.519629001617432,
            "max": -2.3258278369903564,
            "count": 907
        },
        "TankBehavior.Policy.ExtrinsicValueEstimate.sum": {
            "value": -95.3543930053711,
            "min": -478.45758056640625,
            "max": -55.27015686035156,
            "count": 907
        },
        "TankBehavior.Policy.CuriosityValueEstimate.mean": {
            "value": 99.91606140136719,
            "min": 87.1606674194336,
            "max": 100.57047271728516,
            "count": 907
        },
        "TankBehavior.Policy.CuriosityValueEstimate.sum": {
            "value": 2497.901611328125,
            "min": 1598.371337890625,
            "max": 8743.396484375,
            "count": 907
        },
        "TankBehavior.Environment.CumulativeReward.mean": {
            "value": -19.757147517502307,
            "min": -48.257234794122205,
            "max": -10.648455873809077,
            "count": 907
        },
        "TankBehavior.Environment.CumulativeReward.sum": {
            "value": -493.9286879375577,
            "min": -1492.6874739825726,
            "max": -400.0901168771088,
            "count": 907
        },
        "TankBehavior.Policy.ExtrinsicReward.mean": {
            "value": -19.757147517502307,
            "min": -48.257234794122205,
            "max": -10.648455873809077,
            "count": 907
        },
        "TankBehavior.Policy.ExtrinsicReward.sum": {
            "value": -493.9286879375577,
            "min": -1492.6874739825726,
            "max": -400.0901168771088,
            "count": 907
        },
        "TankBehavior.Policy.CuriosityReward.mean": {
            "value": 481.24,
            "min": 0.0,
            "max": 759.0,
            "count": 907
        },
        "TankBehavior.Policy.CuriosityReward.sum": {
            "value": 12031.0,
            "min": 0.0,
            "max": 12991.0,
            "count": 907
        },
        "TankBehavior.IsTraining.mean": {
            "value": 1.0,
            "min": 1.0,
            "max": 1.0,
            "count": 907
        },
        "TankBehavior.IsTraining.sum": {
            "value": 1.0,
            "min": 1.0,
            "max": 1.0,
            "count": 907
        },
        "TankBehavior.Losses.PolicyLoss.mean": {
            "value": 0.07300561473685473,
            "min": 0.06396734056620208,
            "max": 0.08248770455567096,
            "count": 876
        },
        "TankBehavior.Losses.PolicyLoss.sum": {
            "value": 0.07300561473685473,
            "min": 0.06396734056620208,
            "max": 0.08248770455567096,
            "count": 876
        },
        "TankBehavior.Losses.ValueLoss.mean": {
            "value": 0.35508101890484495,
            "min": 0.2822653639279766,
            "max": 5.722536273986575,
            "count": 876
        },
        "TankBehavior.Losses.ValueLoss.sum": {
            "value": 0.35508101890484495,
            "min": 0.2822653639279766,
            "max": 5.722536273986575,
            "count": 876
        },
        "TankBehavior.Policy.LearningRate.mean": {
            "value": 0.00010983582338808002,
            "min": 0.00010983582338808002,
            "max": 0.0001913512037162775,
            "count": 876
        },
        "TankBehavior.Policy.LearningRate.sum": {
            "value": 0.00010983582338808002,
            "min": 0.00010983582338808002,
            "max": 0.0001913512037162775,
            "count": 876
        },
        "TankBehavior.Policy.Epsilon.mean": {
            "value": 0.13661192,
            "min": 0.13661192,
            "max": 0.16378372250000003,
            "count": 876
        },
        "TankBehavior.Policy.Epsilon.sum": {
            "value": 0.13661192,
            "min": 0.13661192,
            "max": 0.16378372250000003,
            "count": 876
        },
        "TankBehavior.Policy.Beta.mean": {
            "value": 0.010989914808000002,
            "min": 0.010989914808000002,
            "max": 0.019138738377749993,
            "count": 876
        },
        "TankBehavior.Policy.Beta.sum": {
            "value": 0.010989914808000002,
            "min": 0.010989914808000002,
            "max": 0.019138738377749993,
            "count": 876
        },
        "TankBehavior.Losses.CuriosityForwardLoss.mean": {
            "value": 179233958.9175,
            "min": 9425.206282552082,
            "max": 339754398.39252335,
            "count": 876
        },
        "TankBehavior.Losses.CuriosityForwardLoss.sum": {
            "value": 179233958.9175,
            "min": 9425.206282552082,
            "max": 339754398.39252335,
            "count": 876
        },
        "TankBehavior.Losses.CuriosityInverseLoss.mean": {
            "value": 85973022700557.66,
            "min": 1088405773.6126983,
            "max": 85973022700557.66,
            "count": 876
        },
        "TankBehavior.Losses.CuriosityInverseLoss.sum": {
            "value": 85973022700557.66,
            "min": 1088405773.6126983,
            "max": 85973022700557.66,
            "count": 876
        }
    },
    "metadata": {
        "timer_format_version": "0.1.0",
        "start_time_seconds": "1730896168",
        "python_version": "3.8.10 (tags/v3.8.10:3d8993a, May  3 2021, 11:48:03) [MSC v.1928 64 bit (AMD64)]",
        "command_line_arguments": "C:\\Users\\User\\Desktop\\Tank-Game-AI\\venv\\Scripts\\mlagents-learn results/Gen34/configuration.yaml --resume",
        "mlagents_version": "0.29.0",
        "mlagents_envs_version": "0.29.0",
        "communication_protocol_version": "1.5.0",
        "pytorch_version": "2.2.2+cu121",
        "numpy_version": "1.21.2",
        "end_time_seconds": "1730935600"
    },
    "total": 39432.2468225,
    "count": 1,
    "self": 0.027014100000087637,
    "children": {
        "run_training.setup": {
            "total": 0.1201067999999994,
            "count": 1,
            "self": 0.1201067999999994
        },
        "TrainerController.start_learning": {
            "total": 39432.0997016,
            "count": 1,
            "self": 62.40829890081659,
            "children": {
                "TrainerController._reset_env": {
                    "total": 8.4676487,
                    "count": 1,
                    "self": 8.4676487
                },