{
    "name": "root",
    "gauges": {
        "TankBehavior.Policy.Entropy.mean": {
            "value": 10.4904146194458,
            "min": 9.473511695861816,
            "max": 10.4904146194458,
            "count": 139
        },
        "TankBehavior.Policy.Entropy.sum": {
            "value": 139260.25,
            "min": 65008.3828125,
            "max": 171936.125,
            "count": 139
        },
        "TankBehavior.Environment.LessonNumber.env_params.mean": {
            "value": 0.0,
            "min": 0.0,
            "max": 0.0,
            "count": 139
        },
        "TankBehavior.Environment.LessonNumber.env_params.sum": {
            "value": 0.0,
            "min": 0.0,
            "max": 0.0,
            "count": 139
        },
        "TankBehavior.Environment.EpisodeLength.mean": {
            "value": 176.8955223880597,
            "min": 105.42307692307692,
            "max": 318.4594594594595,
            "count": 139
        },
        "TankBehavior.Environment.EpisodeLength.sum": {
            "value": 11852.0,
            "min": 7123.0,
            "max": 15281.0,
            "count": 139
        },
        "TankBehavior.Step.mean": {
            "value": 12623976.0,
            "min": 10967699.0,
            "max": 12623976.0,
            "count": 139
        },
        "TankBehavior.Step.sum": {
            "value": 12623976.0,
            "min": 10967699.0,
            "max": 12623976.0,
            "count": 139
        },
        "TankBehavior.Policy.ExtrinsicValueEstimate.mean": {
            "value": -4.665647029876709,
            "min": -6.923880100250244,
            "max": -3.9474844932556152,
            "count": 139
        },
        "TankBehavior.Policy.ExtrinsicValueEstimate.sum": {
            "value": -326.59527587890625,
            "min": -466.9822082519531,
            "max": -216.23489379882812,
            "count": 139
        },
        "TankBehavior.Policy.CuriosityValueEstimate.mean": {
            "value": 99.98828887939453,
            "min": 88.19801330566406,
            "max": 100.15190124511719,
            "count": 139
        },
        "TankBehavior.Policy.CuriosityValueEstimate.sum": {
            "value": 6999.18017578125,
            "min": 3490.339111328125,
            "max": 8752.6201171875,
            "count": 139
        },
        "TankBehavior.Environment.CumulativeReward.mean": {
            "value": -19.00283204380955,
            "min": -43.2129619564559,
            "max": -9.101667133825165,
            "count": 139
        },
        "TankBehavior.Environment.CumulativeReward.sum": {
            "value": -1330.1982430666685,
            "min": -1644.4886388778687,
            "max": -700.8283693045378,
            "count": 139
        },
        "TankBehavior.Policy.ExtrinsicReward.mean": {
            "value": -19.00283204380955,
            "min": -43.2129619564559,
            "max": -9.101667133825165,
            "count": 139
        },
        "TankBehavior.Policy.ExtrinsicReward.sum": {
            "value": -1330.1982430666685,
            "min": -1644.4886388778687,
            "max": -700.8283693045378,
            "count": 139
        },
        "TankBehavior.Policy.CuriosityReward.mean": {
            "value": 172.44285714285715,
            "min": 0.0,
            "max": 340.0857142857143,
            "count": 139
        },
        "TankBehavior.Policy.CuriosityReward.sum": {
            "value": 12071.0,
            "min": 0.0,
            "max": 12838.0,
            "count": 139
        },
        "TankBehavior.IsTraining.mean": {
            "value": 1.0,
            "min": 1.0,
            "max": 1.0,
            "count": 139
        },
        "TankBehavior.IsTraining.sum": {
            "value": 1.0,
            "min": 1.0,
            "max": 1.0,
            "count": 139
        },
        "TankBehavior.Losses.PolicyLoss.mean": {
            "value": 0.0765225123995333,
            "min": 0.06494114268571138,
            "max": 0.07912595012837169,
            "count": 135
        },
        "TankBehavior.Losses.PolicyLoss.sum": {
            "value": 0.0765225123995333,
            "min": 0.06494114268571138,
            "max": 0.07912595012837169,
            "count": 135
        },
        "TankBehavior.Losses.ValueLoss.mean": {
            "value": 1.1673795612653097,
            "min": 0.6932317853168725,
            "max": 5.19885271469752,
            "count": 135
        },
        "TankBehavior.Losses.ValueLoss.sum": {
            "value": 1.1673795612653097,
            "min": 0.6932317853168725,
            "max": 5.19885271469752,
            "count": 135
        },
        "TankBehavior.Policy.LearningRate.mean": {
            "value": 0.00020532741155754,
            "min": 0.00020532741155754,
            "max": 0.00021771012492996752,
            "count": 135
        },
        "TankBehavior.Policy.LearningRate.sum": {
            "value": 0.00020532741155754,
            "min": 0.00020532741155754,
            "max": 0.00021771012492996752,
            "count": 135
        },
        "TankBehavior.Policy.Epsilon.mean": {
            "value": 0.16844246000000004,
            "min": 0.16844246000000004,
            "max": 0.17257003250000003,
            "count": 135
        },
        "TankBehavior.Policy.Epsilon.sum": {
            "value": 0.16844246000000004,
            "min": 0.16844246000000004,
            "max": 0.17257003250000003,
            "count": 135
        },
        "TankBehavior.Policy.Beta.mean": {
            "value": 0.020535893754,
            "min": 0.020535893754,
            "max": 0.02177375274675,
            "count": 135
        },
        "TankBehavior.Policy.Beta.sum": {
            "value": 0.020535893754,
            "min": 0.020535893754,
            "max": 0.02177375274675,
            "count": 135
        },
        "TankBehavior.Losses.CuriosityForwardLoss.mean": {
            "value": 4888.960313313802,
            "min": 1562.9740694173177,
            "max": 4888.960313313802,
            "count": 135
        },
        "TankBehavior.Losses.CuriosityForwardLoss.sum": {
            "value": 4888.960313313802,
            "min": 1562.9740694173177,
            "max": 4888.960313313802,
            "count": 135
        },
        "TankBehavior.Losses.CuriosityInverseLoss.mean": {
            "value": 62600477.626666665,
            "min": 5243436.588333333,
            "max": 62600477.626666665,
            "count": 135
        },
        "TankBehavior.Losses.CuriosityInverseLoss.sum": {
            "value": 62600477.626666665,
            "min": 5243436.588333333,
            "max": 62600477.626666665,
            "count": 135
        }
    },
    "metadata": {
        "timer_format_version": "0.1.0",
        "start_time_seconds": "1730861785",
        "python_version": "3.8.10 (tags/v3.8.10:3d8993a, May  3 2021, 11:48:03) [MSC v.1928 64 bit (AMD64)]",
        "command_line_arguments": "C:\\Users\\User\\Desktop\\Tank-Game-AI\\venv\\Scripts\\mlagents-learn results/Gen34/configuration.yaml --resume",
        "mlagents_version": "0.29.0",
        "mlagents_envs_version": "0.29.0",
        "communication_protocol_version": "1.5.0",
        "pytorch_version": "2.2.2+cu121",
        "numpy_version": "1.21.2",
        "end_time_seconds": "1730868077"
    },
    "total": 6292.4979761,
    "count": 1,
    "self": 0.01585590000013326,
    "children": {
        "run_training.setup": {
            "total": 0.11515070000000005,
            "count": 1,
            "self": 0.11515070000000005
        },
        "TrainerController.start_learning": {
            "total": 6292.3669695,
            "count": 1,
            "self": 9.559531100067034,
            "children": {
                "TrainerController._reset_env": {
                    "total": 7.982813900000001,
                    "count": 1,
                    "self": 7.982813900000001
                },