{
    "name": "root",
    "gauges": {
        "TankBehavior.Policy.Entropy.mean": {
            "value": 9.458976745605469,
            "min": 2.111659049987793,
            "max": 9.458976745605469,
            "count": 913
        },
        "TankBehavior.Policy.Entropy.sum": {
            "value": 106413.4921875,
            "min": 2649.0078125,
            "max": 167564.703125,
            "count": 913
        },
        "TankBehavior.Environment.LessonNumber.env_params.mean": {
            "value": 0.0,
            "min": 0.0,
            "max": 0.0,
            "count": 913
        },
        "TankBehavior.Environment.LessonNumber.env_params.sum": {
            "value": 0.0,
            "min": 0.0,
            "max": 0.0,
            "count": 913
        },
        "TankBehavior.Environment.EpisodeLength.mean": {
            "value": 186.36,
            "min": 9.0,
            "max": 967.5,
            "count": 912
        },
        "TankBehavior.Environment.EpisodeLength.sum": {
            "value": 9318.0,
            "min": 9.0,
            "max": 18007.0,
            "count": 912
        },
        "TankBehavior.Step.mean": {
            "value": 10955888.0,
            "min": 11242.0,
            "max": 10955888.0,
            "count": 913
        },
        "TankBehavior.Step.sum": {
            "value": 10955888.0,
            "min": 11242.0,
            "max": 10955888.0,
            "count": 913
        },
        "TankBehavior.Policy.ExtrinsicValueEstimate.mean": {
            "value": -6.001715660095215,
            "min": -14.013409614562988,
            "max": -0.074337899684906,
            "count": 913
        },
        "TankBehavior.Policy.ExtrinsicValueEstimate.sum": {
            "value": -300.0857849121094,
            "min": -475.2267150878906,
            "max": -5.203652858734131,
            "count": 913
        },
        "TankBehavior.Policy.CuriosityValueEstimate.mean": {
            "value": 99.70319366455078,
            "min": -0.46925610303878784,
            "max": 101.05149841308594,
            "count": 913
        },
        "TankBehavior.Policy.CuriosityValueEstimate.sum": {
            "value": 4985.15966796875,
            "min": -32.84792709350586,
            "max": 8566.6591796875,
            "count": 913
        },
        "TankBehavior.Environment.CumulativeReward.mean": {
            "value": -26.04189355302602,
            "min": -222.49451359835538,
            "max": -13.183360683190267,
            "count": 913
        },
        "TankBehavior.Environment.CumulativeReward.sum": {
            "value": -1302.094677651301,
            "min": -4894.879299163818,
            "max": -1133.769018754363,
            "count": 913
        },
        "TankBehavior.Policy.ExtrinsicReward.mean": {
            "value": -26.04189355302602,
            "min": -222.49451359835538,
            "max": -13.183360683190267,
            "count": 913
        },
        "TankBehavior.Policy.ExtrinsicReward.sum": {
            "value": -1302.094677651301,
            "min": -4894.879299163818,
            "max": -1133.769018754363,
            "count": 913
        },
        "TankBehavior.Policy.CuriosityReward.mean": {
            "value": 237.98,
            "min": 0.0,
            "max": 478.3558956493031,
            "count": 913
        },
        "TankBehavior.Policy.CuriosityReward.sum": {
            "value": 11899.0,
            "min": 0.0,
            "max": 12981.0,
            "count": 913
        },
        "TankBehavior.IsTraining.mean": {
            "value": 1.0,
            "min": 1.0,
            "max": 1.0,
            "count": 913
        },
        "TankBehavior.IsTraining.sum": {
            "value": 1.0,
            "min": 1.0,
            "max": 1.0,
            "count": 913
        },
        "TankBehavior.Losses.PolicyLoss.mean": {
            "value": 0.07745681721894773,
            "min": 0.05984897581899228,
            "max": 0.08473525026839275,
            "count": 879
        },
        "TankBehavior.Losses.PolicyLoss.sum": {
            "value": 0.07745681721894773,
            "min": 0.05984897581899228,
            "max": 0.08473525026839275,
            "count": 879
        },
        "TankBehavior.Losses.ValueLoss.mean": {
            "value": 0.9032540176312128,
            "min": 0.15731120452354772,
            "max": 19.834489241685016,
            "count": 879
        },
        "TankBehavior.Losses.ValueLoss.sum": {
            "value": 0.9032540176312128,
            "min": 0.15731120452354772,
            "max": 19.834489241685016,
            "count": 879
        },
        "TankBehavior.Policy.LearningRate.mean": {
            "value": 0.00021783290738904,
            "min": 0.00021783290738904,
            "max": 0.0002998931850356049,
            "count": 879
        },
        "TankBehavior.Policy.LearningRate.sum": {
            "value": 0.00021783290738904,
            "min": 0.00021783290738904,
            "max": 0.0002998931850356049,
            "count": 879
        },
        "TankBehavior.Policy.Epsilon.mean": {
            "value": 0.17261096000000004,
            "min": 0.17261096000000004,
            "max": 0.19996439500000002,
            "count": 879
        },
        "TankBehavior.Policy.Epsilon.sum": {
            "value": 0.17261096000000004,
            "min": 0.17261096000000004,
            "max": 0.19996439500000002,
            "count": 879
        },
        "TankBehavior.Policy.Beta.mean": {
            "value": 0.021786026904,
            "min": 0.021786026904,
            "max": 0.029989322060499996,
            "count": 879
        },
        "TankBehavior.Policy.Beta.sum": {
            "value": 0.021786026904,
            "min": 0.021786026904,
            "max": 0.029989322060499996,
            "count": 879
        },
        "TankBehavior.Losses.CuriosityForwardLoss.mean": {
            "value": 1655.723928833008,
            "min": 5.991667132917655e-05,
            "max": 1847.3239036979799,
            "count": 879
        },
        "TankBehavior.Losses.CuriosityForwardLoss.sum": {
            "value": 1655.723928833008,
            "min": 5.991667132917655e-05,
            "max": 1847.3239036979799,
            "count": 879
        },
        "TankBehavior.Losses.CuriosityInverseLoss.mean": {
            "value": 5027138.246666667,
            "min": 2.7211802631248663,
            "max": 5027138.246666667,
            "count": 879
        },
        "TankBehavior.Losses.CuriosityInverseLoss.sum": {
            "value": 5027138.246666667,
            "min": 2.7211802631248663,
            "max": 5027138.246666667,
            "count": 879
        }
    },
    "metadata": {
        "timer_format_version": "0.1.0",
        "start_time_seconds": "1730809734",
        "python_version": "3.8.10 (tags/v3.8.10:3d8993a, May  3 2021, 11:48:03) [MSC v.1928 64 bit (AMD64)]",
        "command_line_arguments": "C:\\Users\\User\\Desktop\\Tank-Game-AI\\venv\\Scripts\\mlagents-learn results/Gen34/configuration.yaml --resume",
        "mlagents_version": "0.29.0",
        "mlagents_envs_version": "0.29.0",
        "communication_protocol_version": "1.5.0",
        "pytorch_version": "2.2.2+cu121",
        "numpy_version": "1.21.2",
        "end_time_seconds": "1730848751"
    },
    "total": 39017.269405499996,
    "count": 1,
    "self": 0.012815399990358856,
    "children": {
        "run_training.setup": {
            "total": 0.10005199999999981,
            "count": 1,
            "self": 0.10005199999999981
        },
        "TrainerController.start_learning": {
            "total": 39017.156538100004,
            "count": 1,
            "self": 64.4936746008243,
            "children": {
                "TrainerController._reset_env": {
                    "total": 7.4990023,
                    "count": 1,
                    "self": 7.4990023
                },