{
    "name": "root",
    "gauges": {
        "TankBehavior.Policy.Entropy.mean": {
            "value": 11.429394721984863,
            "min": 10.480720520019531,
            "max": 11.429394721984863,
            "count": 154
        },
        "TankBehavior.Policy.Entropy.sum": {
            "value": 160011.53125,
            "min": 65782.0078125,
            "max": 199703.328125,
            "count": 154
        },
        "TankBehavior.Environment.LessonNumber.env_params.mean": {
            "value": 0.0,
            "min": 0.0,
            "max": 0.0,
            "count": 154
        },
        "TankBehavior.Environment.LessonNumber.env_params.sum": {
            "value": 0.0,
            "min": 0.0,
            "max": 0.0,
            "count": 154
        },
        "TankBehavior.Environment.EpisodeLength.mean": {
            "value": 192.66666666666666,
            "min": 94.57352941176471,
            "max": 390.0857142857143,
            "count": 154
        },
        "TankBehavior.Environment.EpisodeLength.sum": {
            "value": 10404.0,
            "min": 6431.0,
            "max": 16304.0,
            "count": 154
        },
        "TankBehavior.Step.mean": {
            "value": 14471972.0,
            "min": 12635792.0,
            "max": 14471972.0,
            "count": 154
        },
        "TankBehavior.Step.sum": {
            "value": 14471972.0,
            "min": 12635792.0,
            "max": 14471972.0,
            "count": 154
        },
        "TankBehavior.Policy.ExtrinsicValueEstimate.mean": {
            "value": -5.965113639831543,
            "min": -7.673490524291992,
            "max": -3.914016008377075,
            "count": 154
        },
        "TankBehavior.Policy.ExtrinsicValueEstimate.sum": {
            "value": -363.8719177246094,
            "min": -445.7433776855469,
            "max": -208.54798889160156,
            "count": 154
        },
        "TankBehavior.Policy.CuriosityValueEstimate.mean": {
            "value": 99.18370056152344,
            "min": 87.4831771850586,
            "max": 100.14045715332031,
            "count": 154
        },
        "TankBehavior.Policy.CuriosityValueEstimate.sum": {
            "value": 6050.20556640625,
            "min": 2980.59033203125,
            "max": 7227.9013671875,
            "count": 154
        },
        "TankBehavior.Environment.CumulativeReward.mean": {
            "value": -22.231682931790587,
            "min": -47.93201199372609,
            "max": -8.221832454871775,
            "count": 154
        },
        "TankBehavior.Environment.CumulativeReward.sum": {
            "value": -1356.1326588392258,
            "min": -1576.4686635658145,
            "max": -550.862774476409,
            "count": 154
        },
        "TankBehavior.Policy.ExtrinsicReward.mean": {
            "value": -22.231682931790587,
            "min": -47.93201199372609,
            "max": -8.221832454871775,
            "count": 154
        },
        "TankBehavior.Policy.ExtrinsicReward.sum": {
            "value": -1356.1326588392258,
            "min": -1576.4686635658145,
            "max": -550.862774476409,
            "count": 154
        },
        "TankBehavior.Policy.CuriosityReward.mean": {
            "value": 205.40983606557376,
            "min": 0.0,
            "max": 394.93333333333334,
            "count": 154
        },
        "TankBehavior.Policy.CuriosityReward.sum": {
            "value": 12530.0,
            "min": 0.0,
            "max": 12932.0,
            "count": 154
        },
        "TankBehavior.IsTraining.mean": {
            "value": 1.0,
            "min": 1.0,
            "max": 1.0,
            "count": 154
        },
        "TankBehavior.IsTraining.sum": {
            "value": 1.0,
            "min": 1.0,
            "max": 1.0,
            "count": 154
        },
        "TankBehavior.Losses.PolicyLoss.mean": {
            "value": 0.07076624078040623,
            "min": 0.06447623172519316,
            "max": 0.08028130603518245,
            "count": 150
        },
        "TankBehavior.Losses.PolicyLoss.sum": {
            "value": 0.07076624078040623,
            "min": 0.06447623172519316,
            "max": 0.08028130603518245,
            "count": 150
        },
        "TankBehavior.Losses.ValueLoss.mean": {
            "value": 0.8556541826071913,
            "min": 0.6757890665994107,
            "max": 5.482465272245843,
            "count": 150
        },
        "TankBehavior.Losses.ValueLoss.sum": {
            "value": 0.8556541826071913,
            "min": 0.6757890665994107,
            "max": 5.482465272245843,
            "count": 150
        },
        "TankBehavior.Policy.LearningRate.mean": {
            "value": 0.00019149541366820746,
            "min": 0.00019149541366820746,
            "max": 0.00020518637410455254,
            "count": 150
        },
        "TankBehavior.Policy.LearningRate.sum": {
            "value": 0.00019149541366820746,
            "min": 0.00019149541366820746,
            "max": 0.00020518637410455254,
            "count": 150
        },
        "TankBehavior.Policy.Epsilon.mean": {
            "value": 0.16383179250000002,
            "min": 0.16383179250000002,
            "max": 0.16839544750000002,
            "count": 150
        },
        "TankBehavior.Policy.Epsilon.sum": {
            "value": 0.16383179250000002,
            "min": 0.16383179250000002,
            "max": 0.16839544750000002,
            "count": 150
        },
        "TankBehavior.Policy.Beta.mean": {
            "value": 0.019153154570749998,
            "min": 0.019153154570749998,
            "max": 0.02052179470525,
            "count": 150
        },
        "TankBehavior.Policy.Beta.sum": {
            "value": 0.019153154570749998,
            "min": 0.019153154570749998,
            "max": 0.02052179470525,
            "count": 150
        },
        "TankBehavior.Losses.CuriosityForwardLoss.mean": {
            "value": 31228.362852593855,
            "min": 3990.334642597273,
            "max": 31228.362852593855,
            "count": 150
        },
        "TankBehavior.Losses.CuriosityForwardLoss.sum": {
            "value": 31228.362852593855,
            "min": 3990.334642597273,
            "max": 31228.362852593855,
            "count": 150
        },
        "TankBehavior.Losses.CuriosityInverseLoss.mean": {
            "value": 1042456902.1254126,
            "min": 66007927.986928105,
            "max": 1042456902.1254126,
            "count": 150
        },
        "TankBehavior.Losses.CuriosityInverseLoss.sum": {
            "value": 1042456902.1254126,
            "min": 66007927.986928105,
            "max": 1042456902.1254126,
            "count": 150
        }
    },
    "metadata": {
        "timer_format_version": "0.1.0",
        "start_time_seconds": "1730870318",
        "python_version": "3.8.10 (tags/v3.8.10:3d8993a, May  3 2021, 11:48:03) [MSC v.1928 64 bit (AMD64)]",
        "command_line_arguments": "C:\\Users\\User\\Desktop\\Tank-Game-AI\\venv\\Scripts\\mlagents-learn results/Gen34/configuration.yaml --resume",
        "mlagents_version": "0.29.0",
        "mlagents_envs_version": "0.29.0",
        "communication_protocol_version": "1.5.0",
        "pytorch_version": "2.2.2+cu121",
        "numpy_version": "1.21.2",
        "end_time_seconds": "1730877257"
    },
    "total": 6938.856104,
    "count": 1,
    "self": 0.01030700000046636,
    "children": {
        "run_training.setup": {
            "total": 0.0900086,
            "count": 1,
            "self": 0.0900086
        },
        "TrainerController.start_learning": {
            "total": 6938.7557884,
            "count": 1,
            "self": 10.224254000045221,
            "children": {
                "TrainerController._reset_env": {
                    "total": 6.794499900000001,
                    "count": 1,
                    "self": 6.794499900000001
                },