{
    "name": "root",
    "metadata": {
        "timer_format_version": "0.1.0",
        "start_time_seconds": "1729471317",
        "python_version": "3.8.10 (tags/v3.8.10:3d8993a, May  3 2021, 11:48:03) [MSC v.1928 64 bit (AMD64)]",
        "command_line_arguments": "C:\\Users\\User\\Desktop\\Tank-Game-AI\\venv\\Scripts\\mlagents-learn --run-id=Gen23",
        "mlagents_version": "0.29.0",
        "mlagents_envs_version": "0.29.0",
        "communication_protocol_version": "1.5.0",
        "pytorch_version": "2.2.2+cu121",
        "numpy_version": "1.21.2",
        "end_time_seconds": "1729471332"
    },
    "total": 14.9698974,
    "count": 1,
    "self": 0.005971600000000521,
    "children": {
        "run_training.setup": {
            "total": 0.0448040999999999,
            "count": 1,
            "self": 0.0448040999999999
        },
        "TrainerController.start_learning": {
            "total": 14.9191217,
            "count": 1,
            "self": 0.0013118000000016394,
            "children": {
                "TrainerController._reset_env": {
                    "total": 7.832344299999999,
                    "count": 1,
                    "self": 7.832344299999999
                },
                "TrainerController.advance": {
                    "total": 6.975580099999998,
                    "count": 31,
                    "self": 0.0008155000000069634,
                    "children": {
                        "env_step": {
                            "total": 6.973832999999994,
                            "count": 31,
                            "self": 6.872184400000005,
                            "children": {
                                "SubprocessEnvManager._take_step": {
                                    "total": 0.10118659999999124,
                                    "count": 31,
                                    "self": 0.0034172999999988463,
                                    "children": {
                                        "TorchPolicy.evaluate": {
                                            "total": 0.0977692999999924,
                                            "count": 31,
                                            "self": 0.02183089999999055,
                                            "children": {
                                                "TorchPolicy.sample_actions": {
                                                    "total": 0.07593840000000185,
                                                    "count": 31,
                                                    "self": 0.07593840000000185
                                                }
                                            }
                                        }
                                    }
                                },
                                "workers": {
                                    "total": 0.00046199999999707586,
                                    "count": 30,
                                    "self": 0.0,
                                    "children": {
                                        "worker_root": {
                                            "total": 3.243386199999999,
                                            "count": 30,
                                            "is_parallel": true,
                                            "self": 1.438943000000001,
                                            "children": {
                                                "steps_from_proto": {
                                                    "total": 0.001782700000000581,
                                                    "count": 1,
                                                    "is_parallel": true,
                                                    "self": 0.0003200000000012082,
                                                    "children": {
                                                        "_process_rank_one_or_two_observation": {
                                                            "total": 0.0014626999999993728,
                                                            "count": 2,
                                                            "is_parallel": true,
                                                            "self": 0.0014626999999993728
                                                        }
                                                    }
                                                },
                                                "UnityEnvironment.step": {
                                                    "total": 1.8026604999999973,
                                                    "count": 30,
                                                    "is_parallel": true,
                                                    "self": 0.012559499999992063,
                                                    "children": {
                                                        "UnityEnvironment._generate_step_input": {
                                                            "total": 0.016940699999997477,
                                                            "count": 30,
                                                            "is_parallel": true,
                                                            "self": 0.016940699999997477
                                                        },
                                                        "communicator.exchange": {
                                                            "total": 1.737817900000004,
                                                            "count": 30,
                                                            "is_parallel": true,
                                                            "self": 1.737817900000004
                                                        },
                                                        "steps_from_proto": {
                                                            "total": 0.03534240000000377,
                                                            "count": 30,
                                                            "is_parallel": true,
                                                            "self": 0.008773100000000866,
                                                            "children": {
                                                                "_process_rank_one_or_two_observation": {
                                                                    "total": 0.026569300000002904,
                                                                    "count": 60,
                                                                    "is_parallel": true,
                                                                    "self": 0.026569300000002904
                                                                }
                                                            }
                                                        }
                                                    }
                                                }
                                            }
                                        }
                                    }
                                }
                            }
                        },
                        "trainer_advance": {
                            "total": 0.0009315999999977009,
                            "count": 30,
                            "self": 0.0006139000000011663,
                            "children": {
                                "process_trajectory": {
                                    "total": 0.00031769999999653464,
                                    "count": 30,
                                    "self": 0.00031769999999653464
                                }
                            }
                        }
                    }
                },