{
    "name": "root",
    "gauges": {
        "TankBehavior.Policy.Entropy.mean": {
            "value": -0.1328284591436386,
            "min": -0.1328284591436386,
            "max": -0.1328284591436386,
            "count": 1
        },
        "TankBehavior.Policy.Entropy.sum": {
            "value": -4828.314453125,
            "min": -4828.314453125,
            "max": -4828.314453125,
            "count": 1
        },
        "TankBehavior.Environment.EpisodeLength.mean": {
            "value": 98.21311475409836,
            "min": 98.21311475409836,
            "max": 98.21311475409836,
            "count": 1
        },
        "TankBehavior.Environment.EpisodeLength.sum": {
            "value": 29955.0,
            "min": 29955.0,
            "max": 29955.0,
            "count": 1
        },
        "TankBehavior.Step.mean": {
            "value": 11999944.0,
            "min": 11999944.0,
            "max": 11999944.0,
            "count": 1
        },
        "TankBehavior.Step.sum": {
            "value": 11999944.0,
            "min": 11999944.0,
            "max": 11999944.0,
            "count": 1
        },
        "TankBehavior.Policy.ExtrinsicValueEstimate.mean": {
            "value": 3.176748275756836,
            "min": 3.176748275756836,
            "max": 3.176748275756836,
            "count": 1
        },
        "TankBehavior.Policy.ExtrinsicValueEstimate.sum": {
            "value": 2293.6123046875,
            "min": 2293.6123046875,
            "max": 2293.6123046875,
            "count": 1
        },
        "TankBehavior.Policy.GailValueEstimate.mean": {
            "value": 0.050142802298069,
            "min": 0.050142802298069,
            "max": 0.050142802298069,
            "count": 1
        },
        "TankBehavior.Policy.GailValueEstimate.sum": {
            "value": 36.203102111816406,
            "min": 36.203102111816406,
            "max": 36.203102111816406,
            "count": 1
        },
        "TankBehavior.Environment.CumulativeReward.mean": {
            "value": -4.00786075592041,
            "min": -4.00786075592041,
            "max": -4.00786075592041,
            "count": 1
        },
        "TankBehavior.Environment.CumulativeReward.sum": {
            "value": -1222.397530555725,
            "min": -1222.397530555725,
            "max": -1222.397530555725,
            "count": 1
        },
        "TankBehavior.Policy.ExtrinsicReward.mean": {
            "value": -4.00786075592041,
            "min": -4.00786075592041,
            "max": -4.00786075592041,
            "count": 1
        },
        "TankBehavior.Policy.ExtrinsicReward.sum": {
            "value": -1222.397530555725,
            "min": -1222.397530555725,
            "max": -1222.397530555725,
            "count": 1
        },
        "TankBehavior.Policy.GailReward.mean": {
            "value": 0.5522658034248566,
            "min": 0.5522658034248566,
            "max": 0.5522658034248566,
            "count": 1
        },
        "TankBehavior.Policy.GailReward.sum": {
            "value": 168.4410700445813,
            "min": 168.4410700445813,
            "max": 168.4410700445813,
            "count": 1
        },
        "TankBehavior.Losses.PolicyLoss.mean": {
            "value": 0.02829998851488603,
            "min": 0.02829998851488603,
            "max": 0.02829998851488603,
            "count": 1
        },
        "TankBehavior.Losses.PolicyLoss.sum": {
            "value": 0.08489996554465809,
            "min": 0.08489996554465809,
            "max": 0.08489996554465809,
            "count": 1
        },
        "TankBehavior.Losses.ValueLoss.mean": {
            "value": 17.452592817942303,
            "min": 17.452592817942303,
            "max": 17.452592817942303,
            "count": 1
        },
        "TankBehavior.Losses.ValueLoss.sum": {
            "value": 52.35777845382691,
            "min": 52.35777845382691,
            "max": 52.35777845382691,
            "count": 1
        },
        "TankBehavior.Policy.LearningRate.mean": {
            "value": 0.00022808884397039332,
            "min": 0.00022808884397039332,
            "max": 0.00022808884397039332,
            "count": 1
        },
        "TankBehavior.Policy.LearningRate.sum": {
            "value": 0.0006842665319111799,
            "min": 0.0006842665319111799,
            "max": 0.0006842665319111799,
            "count": 1
        },
        "TankBehavior.Policy.Epsilon.mean": {
            "value": 0.1760296066666667,
            "min": 0.1760296066666667,
            "max": 0.1760296066666667,
            "count": 1
        },
        "TankBehavior.Policy.Epsilon.sum": {
            "value": 0.5280888200000001,
            "min": 0.5280888200000001,
            "max": 0.5280888200000001,
            "count": 1
        },
        "TankBehavior.Policy.Beta.mean": {
            "value": 0.0038038773726666673,
            "min": 0.0038038773726666673,
            "max": 0.0038038773726666673,
            "count": 1
        },
        "TankBehavior.Policy.Beta.sum": {
            "value": 0.011411632118000002,
            "min": 0.011411632118000002,
            "max": 0.011411632118000002,
            "count": 1
        },
        "TankBehavior.Policy.GAILPolicyEstimate.mean": {
            "value": 0.0012298481064741888,
            "min": 0.0012298481064741888,
            "max": 0.0012298481064741888,
            "count": 1
        },
        "TankBehavior.Policy.GAILPolicyEstimate.sum": {
            "value": 0.0036895443194225664,
            "min": 0.0036895443194225664,
            "max": 0.0036895443194225664,
            "count": 1
        },
        "TankBehavior.Policy.GAILExpertEstimate.mean": {
            "value": 0.9990165352821351,
            "min": 0.9990165352821351,
            "max": 0.9990165352821351,
            "count": 1
        },
        "TankBehavior.Policy.GAILExpertEstimate.sum": {
            "value": 2.997049605846405,
            "min": 2.997049605846405,
            "max": 2.997049605846405,
            "count": 1
        },
        "TankBehavior.Losses.GAILLoss.mean": {
            "value": 0.0035099225338651903,
            "min": 0.0035099225338651903,
            "max": 0.0035099225338651903,
            "count": 1
        },
        "TankBehavior.Losses.GAILLoss.sum": {
            "value": 0.010529767601595571,
            "min": 0.010529767601595571,
            "max": 0.010529767601595571,
            "count": 1
        },
        "TankBehavior.Policy.GAILGradMagLoss.mean": {
            "value": 0.002445885315278752,
            "min": 0.002445885315278752,
            "max": 0.002445885315278752,
            "count": 1
        },
        "TankBehavior.Policy.GAILGradMagLoss.sum": {
            "value": 0.007337655945836256,
            "min": 0.007337655945836256,
            "max": 0.007337655945836256,
            "count": 1
        },
        "TankBehavior.Losses.PretrainingLoss.mean": {
            "value": 0.445402709974183,
            "min": 0.445402709974183,
            "max": 0.445402709974183,
            "count": 1
        },
        "TankBehavior.Losses.PretrainingLoss.sum": {
            "value": 1.336208129922549,
            "min": 1.336208129922549,
            "max": 1.336208129922549,
            "count": 1
        },
        "TankBehavior.IsTraining.mean": {
            "value": 1.0,
            "min": 1.0,
            "max": 1.0,
            "count": 1
        },
        "TankBehavior.IsTraining.sum": {
            "value": 1.0,
            "min": 1.0,
            "max": 1.0,
            "count": 1
        }
    },
    "metadata": {
        "timer_format_version": "0.1.0",
        "start_time_seconds": "1728944555",
        "python_version": "3.8.10 (tags/v3.8.10:3d8993a, May  3 2021, 11:48:03) [MSC v.1928 64 bit (AMD64)]",