{
    "name": "root",
    "gauges": {
        "TankBehavior.Policy.Entropy.mean": {
            "value": -0.13005337119102478,
            "min": -0.13005337119102478,
            "max": 1.5912798643112183,
            "count": 227
        },
        "TankBehavior.Policy.Entropy.sum": {
            "value": -6509.17138671875,
            "min": -6509.17138671875,
            "max": 78944.0703125,
            "count": 227
        },
        "TankBehavior.Step.mean": {
            "value": 11949942.0,
            "min": 649942.0,
            "max": 11949942.0,
            "count": 227
        },
        "TankBehavior.Step.sum": {
            "value": 11949942.0,
            "min": 649942.0,
            "max": 11949942.0,
            "count": 227
        },
        "TankBehavior.Policy.ExtrinsicValueEstimate.mean": {
            "value": 2.1177589893341064,
            "min": -14.315434455871582,
            "max": 20.995838165283203,
            "count": 227
        },
        "TankBehavior.Policy.ExtrinsicValueEstimate.sum": {
            "value": 2107.170166015625,
            "min": -13353.779296875,
            "max": 18938.24609375,
            "count": 227
        },
        "TankBehavior.Policy.GailValueEstimate.mean": {
            "value": 0.016602294519543648,
            "min": -0.1734554022550583,
            "max": 4.3207478523254395,
            "count": 227
        },
        "TankBehavior.Policy.GailValueEstimate.sum": {
            "value": 16.519283294677734,
            "min": -159.57896423339844,
            "max": 3512.76806640625,
            "count": 227
        },
        "TankBehavior.Environment.EpisodeLength.mean": {
            "value": 125.16876574307305,
            "min": 105.18123667377398,
            "max": 712.2112676056338,
            "count": 227
        },
        "TankBehavior.Environment.EpisodeLength.sum": {
            "value": 49692.0,
            "min": 32184.0,
            "max": 53191.0,
            "count": 227
        },
        "TankBehavior.Environment.CumulativeReward.mean": {
            "value": -8.68389415853287,
            "min": -72.14575931481501,
            "max": 59.318209045989946,
            "count": 227
        },
        "TankBehavior.Environment.CumulativeReward.sum": {
            "value": -3456.1898750960827,
            "min": -14573.443381592631,
            "max": 12227.234886914492,
            "count": 227
        },
        "TankBehavior.Policy.ExtrinsicReward.mean": {
            "value": -8.68389415853287,
            "min": -72.14575931481501,
            "max": 59.318209045989946,
            "count": 227
        },
        "TankBehavior.Policy.ExtrinsicReward.sum": {
            "value": -3456.1898750960827,
            "min": -14573.443381592631,
            "max": 12227.234886914492,
            "count": 227
        },
        "TankBehavior.Policy.GailReward.mean": {
            "value": 0.1682146149984124,
            "min": 0.1278432760349309,
            "max": 29.232825886143345,
            "count": 227
        },
        "TankBehavior.Policy.GailReward.sum": {
            "value": 66.94941676936813,
            "min": 52.88256930847997,
            "max": 2113.247976595536,
            "count": 227
        },
        "TankBehavior.Losses.PolicyLoss.mean": {
            "value": 0.02647691384855231,
            "min": 0.02021903123932134,
            "max": 0.03940618552267551,
            "count": 227
        },
        "TankBehavior.Losses.PolicyLoss.sum": {
            "value": 0.13238456924276154,
            "min": 0.08087612495728536,
            "max": 0.19703092761337757,
            "count": 227
        },
        "TankBehavior.Losses.ValueLoss.mean": {
            "value": 20.22607441266378,
            "min": 2.5504599022865295,
            "max": 58.55316324234009,
            "count": 227
        },
        "TankBehavior.Losses.ValueLoss.sum": {
            "value": 101.1303720633189,
            "min": 10.282872211933137,
            "max": 292.76581621170044,
            "count": 227
        },
        "TankBehavior.Policy.LearningRate.mean": {
            "value": 0.00022846143104619755,
            "min": 0.00022846143104619755,
            "max": 0.0002962184877605045,
            "count": 227
        },
        "TankBehavior.Policy.LearningRate.sum": {
            "value": 0.0011423071552309877,
            "min": 0.000916189600603498,
            "max": 0.0014796771847742736,
            "count": 227
        },
        "TankBehavior.Policy.Epsilon.mean": {
            "value": 0.17615380239999998,
            "min": 0.17615380239999998,
            "max": 0.19873949549999997,
            "count": 227
        },
        "TankBehavior.Policy.Epsilon.sum": {
            "value": 0.8807690119999999,
            "min": 0.7053965020000003,
            "max": 0.9932257260000001,
            "count": 227
        },
        "TankBehavior.Policy.Beta.mean": {
            "value": 0.00381007473976,
            "min": 0.00381007473976,
            "max": 0.004937100825450001,
            "count": 227
        },
        "TankBehavior.Policy.Beta.sum": {
            "value": 0.0190503736988,
            "min": 0.015279285449800005,
            "max": 0.024661963727400003,
            "count": 227
        },
        "TankBehavior.Policy.GAILPolicyEstimate.mean": {
            "value": 0.0007620848389827491,
            "min": 0.0006191668708440072,
            "max": 0.039888028862575683,
            "count": 227
        },
        "TankBehavior.Policy.GAILPolicyEstimate.sum": {
            "value": 0.0038104241949137455,
            "min": 0.002670559308171505,
            "max": 0.18315042698134978,
            "count": 227
        },
        "TankBehavior.Policy.GAILExpertEstimate.mean": {
            "value": 0.9989894556999207,
            "min": 0.9872906431555748,
            "max": 0.9990060643355051,
            "count": 227
        },
        "TankBehavior.Policy.GAILExpertEstimate.sum": {
            "value": 4.994947278499604,
            "min": 3.949162572622299,
            "max": 4.995030321677525,
            "count": 227
        },
        "TankBehavior.Losses.GAILLoss.mean": {
            "value": 0.0025648684444604442,
            "min": 0.002483747496541279,
            "max": 0.06214548352484902,
            "count": 227
        },
        "TankBehavior.Losses.GAILLoss.sum": {
            "value": 0.01282434222230222,
            "min": 0.010948306364783398,
            "max": 0.2837743939210971,
            "count": 227
        },
        "TankBehavior.Policy.GAILGradMagLoss.mean": {
            "value": 0.001102893968830661,
            "min": 0.0009125081627280451,
            "max": 0.05910827883829673,
            "count": 227
        },
        "TankBehavior.Policy.GAILGradMagLoss.sum": {
            "value": 0.0055144698441533056,
            "min": 0.003721215703505247,
            "max": 0.24323128601730182,
            "count": 227
        },
        "TankBehavior.Losses.PretrainingLoss.mean": {
            "value": 0.4427016690373421,
            "min": 0.4427016690373421,
            "max": 1.2955872093637784,
            "count": 227
        },
        "TankBehavior.Losses.PretrainingLoss.sum": {
            "value": 2.2135083451867104,
            "min": 1.7790396089355152,
            "max": 6.319967985153198,
            "count": 227
        },
        "TankBehavior.IsTraining.mean": {
            "value": 1.0,
            "min": 1.0,
            "max": 1.0,
            "count": 227
        },
        "TankBehavior.IsTraining.sum": {
            "value": 1.0,
            "min": 1.0,
            "max": 1.0,
            "count": 227
        }
    },
    "metadata": {
        "timer_format_version": "0.1.0",
        "start_time_seconds": "1728907636",
        "python_version": "3.8.10 (tags/v3.8.10:3d8993a, May  3 2021, 11:48:03) [MSC v.1928 64 bit (AMD64)]",