{
    "name": "root",
    "metadata": {
        "timer_format_version": "0.1.0",
        "start_time_seconds": "1728888397",
        "python_version": "3.8.10 (tags/v3.8.10:3d8993a, May  3 2021, 11:48:03) [MSC v.1928 64 bit (AMD64)]",
        "command_line_arguments": "C:\\Users\\User\\Desktop\\Tank-Game-AI\\venv\\Scripts\\mlagents-learn --run-id=Gen18",
        "mlagents_version": "0.29.0",
        "mlagents_envs_version": "0.29.0",
        "communication_protocol_version": "1.5.0",
        "pytorch_version": "2.2.2+cu121",
        "numpy_version": "1.21.2",
        "end_time_seconds": "1728888416"
    },
    "total": 18.8854084,
    "count": 1,
    "self": 0.007324000000000552,
    "children": {
        "run_training.setup": {
            "total": 0.05744119999999997,
            "count": 1,
            "self": 0.05744119999999997
        },
        "TrainerController.start_learning": {
            "total": 18.8206432,
            "count": 1,
            "self": 0.0018075999999958015,
            "children": {
                "TrainerController._reset_env": {
                    "total": 7.7936315,
                    "count": 1,
                    "self": 7.7936315
                },
                "TrainerController.advance": {
                    "total": 10.876909900000006,
                    "count": 44,
                    "self": 0.0010213999999972856,
                    "children": {
                        "env_step": {
                            "total": 10.874545900000003,
                            "count": 44,
                            "self": 10.77957539999999,
                            "children": {
                                "SubprocessEnvManager._take_step": {
                                    "total": 0.09428550000000513,
                                    "count": 44,
                                    "self": 0.004170999999999481,
                                    "children": {
                                        "TorchPolicy.evaluate": {
                                            "total": 0.09011450000000565,
                                            "count": 44,
                                            "self": 0.022073300000005958,
                                            "children": {
                                                "TorchPolicy.sample_actions": {
                                                    "total": 0.06804119999999969,
                                                    "count": 44,
                                                    "self": 0.06804119999999969
                                                }
                                            }
                                        }
                                    }
                                },
                                "workers": {
                                    "total": 0.0006850000000078182,
                                    "count": 43,
                                    "self": 0.0,
                                    "children": {
                                        "worker_root": {
                                            "total": 4.078251900000004,
                                            "count": 43,
                                            "is_parallel": true,
                                            "self": 1.4944501999999966,
                                            "children": {
                                                "steps_from_proto": {
                                                    "total": 0.0014321999999999946,
                                                    "count": 1,
                                                    "is_parallel": true,
                                                    "self": 0.0003390000000003113,
                                                    "children": {
                                                        "_process_rank_one_or_two_observation": {
                                                            "total": 0.0010931999999996833,
                                                            "count": 2,
                                                            "is_parallel": true,
                                                            "self": 0.0010931999999996833
                                                        }
                                                    }
                                                },
                                                "UnityEnvironment.step": {
                                                    "total": 2.5823695000000075,
                                                    "count": 43,
                                                    "is_parallel": true,
                                                    "self": 0.019484499999994576,
                                                    "children": {
                                                        "UnityEnvironment._generate_step_input": {
                                                            "total": 0.02709120000000187,
                                                            "count": 43,
                                                            "is_parallel": true,
                                                            "self": 0.02709120000000187
                                                        },
                                                        "communicator.exchange": {
                                                            "total": 2.4798463000000046,
                                                            "count": 43,
                                                            "is_parallel": true,
                                                            "self": 2.4798463000000046
                                                        },
                                                        "steps_from_proto": {
                                                            "total": 0.05594750000000648,
                                                            "count": 43,
                                                            "is_parallel": true,
                                                            "self": 0.013181100000006829,
                                                            "children": {
                                                                "_process_rank_one_or_two_observation": {
                                                                    "total": 0.04276639999999965,
                                                                    "count": 86,
                                                                    "is_parallel": true,
                                                                    "self": 0.04276639999999965
                                                                }
                                                            }
                                                        }
                                                    }
                                                }
                                            }
                                        }
                                    }
                                }
                            }
                        },
                        "trainer_advance": {
                            "total": 0.0013426000000062999,
                            "count": 43,
                            "self": 0.0008899000000077706,
                            "children": {
                                "process_trajectory": {
                                    "total": 0.0004526999999985293,
                                    "count": 43,
                                    "self": 0.0004526999999985293
                                }
                            }
                        }
                    }
                },