{
    "name": "root",
    "gauges": {
        "TankBehavior.Policy.Entropy.mean": {
            "value": 1.5810047388076782,
            "min": 1.5810047388076782,
            "max": 1.825097680091858,
            "count": 11
        },
        "TankBehavior.Policy.Entropy.sum": {
            "value": 79287.390625,
            "min": 79287.390625,
            "max": 91984.921875,
            "count": 11
        },
        "TankBehavior.Step.mean": {
            "value": 549998.0,
            "min": 49961.0,
            "max": 549998.0,
            "count": 11
        },
        "TankBehavior.Step.sum": {
            "value": 549998.0,
            "min": 49961.0,
            "max": 549998.0,
            "count": 11
        },
        "TankBehavior.Policy.ExtrinsicValueEstimate.mean": {
            "value": -30.1599063873291,
            "min": -30.1599063873291,
            "max": -8.078569412231445,
            "count": 11
        },
        "TankBehavior.Policy.ExtrinsicValueEstimate.sum": {
            "value": -24550.1640625,
            "min": -24550.1640625,
            "max": -6462.85546875,
            "count": 11
        },
        "TankBehavior.Policy.GailValueEstimate.mean": {
            "value": 4.196579933166504,
            "min": -4.32365608215332,
            "max": 5.182487487792969,
            "count": 11
        },
        "TankBehavior.Policy.GailValueEstimate.sum": {
            "value": 3416.01611328125,
            "min": -3458.925048828125,
            "max": 4254.822265625,
            "count": 11
        },
        "TankBehavior.Losses.PolicyLoss.mean": {
            "value": 0.02376424177355754,
            "min": 0.02238744648231659,
            "max": 0.02669602209339549,
            "count": 11
        },
        "TankBehavior.Losses.PolicyLoss.sum": {
            "value": 0.1188212088677877,
            "min": 0.09627780073205941,
            "max": 0.13348011046697744,
            "count": 11
        },
        "TankBehavior.Losses.ValueLoss.mean": {
            "value": 15.823497200012207,
            "min": 15.275421136220297,
            "max": 41.02190326690673,
            "count": 11
        },
        "TankBehavior.Losses.ValueLoss.sum": {
            "value": 79.11748600006104,
            "min": 76.37710568110148,
            "max": 205.10951633453368,
            "count": 11
        },
        "TankBehavior.Policy.LearningRate.mean": {
            "value": 0.00029682503865832087,
            "min": 0.00029682503865832087,
            "max": 0.0002998360005546665,
            "count": 11
        },
        "TankBehavior.Policy.LearningRate.sum": {
            "value": 0.0014841251932916043,
            "min": 0.001194601027799658,
            "max": 0.0014977721407426201,
            "count": 11
        },
        "TankBehavior.Policy.Epsilon.mean": {
            "value": 0.1989416792,
            "min": 0.1989416792,
            "max": 0.19994533350000007,
            "count": 11
        },
        "TankBehavior.Policy.Epsilon.sum": {
            "value": 0.9947083959999999,
            "min": 0.7982003419999999,
            "max": 0.9992573800000004,
            "count": 11
        },
        "TankBehavior.Policy.Beta.mean": {
            "value": 0.004947189792079999,
            "min": 0.004947189792079999,
            "max": 0.0049972721416499995,
            "count": 11
        },
        "TankBehavior.Policy.Beta.sum": {
            "value": 0.024735948960399996,
            "min": 0.019910197065800002,
            "max": 0.024962943262000003,
            "count": 11
        },
        "TankBehavior.Policy.GAILPolicyEstimate.mean": {
            "value": 0.04113199532032013,
            "min": 0.04113199532032013,
            "max": 0.07049655572821696,
            "count": 11
        },
        "TankBehavior.Policy.GAILPolicyEstimate.sum": {
            "value": 0.20565997660160065,
            "min": 0.20565997660160065,
            "max": 0.284582944214344,
            "count": 11
        },
        "TankBehavior.Policy.GAILExpertEstimate.mean": {
            "value": 0.9864433280626933,
            "min": 0.8026159572104613,
            "max": 0.9864433280626933,
            "count": 11
        },
        "TankBehavior.Policy.GAILExpertEstimate.sum": {
            "value": 4.932216640313467,
            "min": 3.2104638288418452,
            "max": 4.932216640313467,
            "count": 11
        },
        "TankBehavior.Losses.GAILLoss.mean": {
            "value": 0.0635734008749326,
            "min": 0.0635734008749326,
            "max": 0.33117255773395293,
            "count": 11
        },
        "TankBehavior.Losses.GAILLoss.sum": {
            "value": 0.31786700437466303,
            "min": 0.31786700437466303,
            "max": 1.3246902309358117,
            "count": 11
        },
        "TankBehavior.Policy.GAILGradMagLoss.mean": {
            "value": 0.05990909489492576,
            "min": 0.05990909489492576,
            "max": 4.479923451940219,
            "count": 11
        },
        "TankBehavior.Policy.GAILGradMagLoss.sum": {
            "value": 0.2995454744746288,
            "min": 0.2995454744746288,
            "max": 17.919693807760876,
            "count": 11
        },
        "TankBehavior.Losses.PretrainingLoss.mean": {
            "value": 1.3563512722651163,
            "min": 1.3563512722651163,
            "max": 1.7174370264013608,
            "count": 11
        },
        "TankBehavior.Losses.PretrainingLoss.sum": {
            "value": 6.781756361325582,
            "min": 5.923062851031621,
            "max": 7.825389156738917,
            "count": 11
        },
        "TankBehavior.Environment.EpisodeLength.mean": {
            "value": 671.0,
            "min": 387.0480769230769,
            "max": 833.0192307692307,
            "count": 11
        },
        "TankBehavior.Environment.EpisodeLength.sum": {
            "value": 50325.0,
            "min": 40253.0,
            "max": 50544.0,
            "count": 11
        },
        "TankBehavior.Environment.CumulativeReward.mean": {
            "value": -335.9565474259853,
            "min": -339.23018051432757,
            "max": -90.50504920431055,
            "count": 11
        },
        "TankBehavior.Environment.CumulativeReward.sum": {
            "value": -25196.7410569489,
            "min": -30191.486065775156,
            "max": -9412.525117248297,
            "count": 11
        },
        "TankBehavior.Policy.ExtrinsicReward.mean": {
            "value": -251.96740934213003,
            "min": -254.42263645067644,
            "max": -67.8787866068574,
            "count": 11
        },
        "TankBehavior.Policy.ExtrinsicReward.sum": {
            "value": -18897.555700659752,
            "min": -22643.614644110203,
            "max": -7059.393807113171,
            "count": 11
        },
        "TankBehavior.Policy.GailReward.mean": {
            "value": 30.25554084291061,
            "min": 23.277086908014507,
            "max": 112.66847445199696,
            "count": 11
        },
        "TankBehavior.Policy.GailReward.sum": {
            "value": 2269.1655632182956,
            "min": 2243.836245417595,
            "max": 5858.760671503842,
            "count": 11
        },
        "TankBehavior.IsTraining.mean": {
            "value": 1.0,
            "min": 1.0,
            "max": 1.0,
            "count": 11
        },
        "TankBehavior.IsTraining.sum": {
            "value": 1.0,
            "min": 1.0,
            "max": 1.0,
            "count": 11
        }
    },
    "metadata": {
        "timer_format_version": "0.1.0",
        "start_time_seconds": "1728888555",
        "python_version": "3.8.10 (tags/v3.8.10:3d8993a, May  3 2021, 11:48:03) [MSC v.1928 64 bit (AMD64)]",
        "command_line_arguments": "C:\\Users\\User\\Desktop\\Tank-Game-AI\\venv\\Scripts\\mlagents-learn results/Gen18/configuration.yaml --resume",
        "mlagents_version": "0.29.0",