{
    "name": "root",
    "gauges": {
        "TankBehavior.Policy.Entropy.mean": {
            "value": 1.558834433555603,
            "min": 1.558834433555603,
            "max": 2.049485206604004,
            "count": 61
        },
        "TankBehavior.Policy.Entropy.sum": {
            "value": 77980.6953125,
            "min": 77980.6953125,
            "max": 100312.78125,
            "count": 61
        },
        "TankBehavior.Step.mean": {
            "value": 3049969.0,
            "min": 49936.0,
            "max": 3049969.0,
            "count": 61
        },
        "TankBehavior.Step.sum": {
            "value": 3049969.0,
            "min": 49936.0,
            "max": 3049969.0,
            "count": 61
        },
        "TankBehavior.Policy.ExtrinsicValueEstimate.mean": {
            "value": 8.658745765686035,
            "min": -126.63567352294922,
            "max": 13.64326286315918,
            "count": 61
        },
        "TankBehavior.Policy.ExtrinsicValueEstimate.sum": {
            "value": 7264.68798828125,
            "min": -103967.890625,
            "max": 11678.6328125,
            "count": 61
        },
        "TankBehavior.Policy.GailValueEstimate.mean": {
            "value": 0.0075212521478533745,
            "min": -0.05161882936954498,
            "max": 5.13413143157959,
            "count": 61
        },
        "TankBehavior.Policy.GailValueEstimate.sum": {
            "value": 6.310330390930176,
            "min": -43.72114944458008,
            "max": 4215.1220703125,
            "count": 61
        },
        "TankBehavior.Environment.EpisodeLength.mean": {
            "value": 426.98275862068965,
            "min": 188.27906976744185,
            "max": 716.2941176470588,
            "count": 61
        },
        "TankBehavior.Environment.EpisodeLength.sum": {
            "value": 49530.0,
            "min": 27752.0,
            "max": 53562.0,
            "count": 61
        },
        "TankBehavior.Environment.CumulativeReward.mean": {
            "value": 65.23740265235818,
            "min": -979.6113105416298,
            "max": 69.52188704428026,
            "count": 61
        },
        "TankBehavior.Environment.CumulativeReward.sum": {
            "value": 7567.53870767355,
            "min": -87008.09581917524,
            "max": 8751.739578574896,
            "count": 61
        },
        "TankBehavior.Policy.ExtrinsicReward.mean": {
            "value": 65.23740265235818,
            "min": -979.6113105416298,
            "max": 69.52188704428026,
            "count": 61
        },
        "TankBehavior.Policy.ExtrinsicReward.sum": {
            "value": 7567.53870767355,
            "min": -87008.09581917524,
            "max": 8751.739578574896,
            "count": 61
        },
        "TankBehavior.Policy.GailReward.mean": {
            "value": 0.28628054113290924,
            "min": 0.28522848015901503,
            "max": 76.88047388379928,
            "count": 61
        },
        "TankBehavior.Policy.GailReward.sum": {
            "value": 33.20854277141747,
            "min": 30.80467585717362,
            "max": 3135.9983313456178,
            "count": 61
        },
        "TankBehavior.Losses.PolicyLoss.mean": {
            "value": 0.022748135132715105,
            "min": 0.019361533914084628,
            "max": 0.02657845423052398,
            "count": 61
        },
        "TankBehavior.Losses.PolicyLoss.sum": {
            "value": 0.11374067566357553,
            "min": 0.0654714419042648,
            "max": 0.1328922711526199,
            "count": 61
        },
        "TankBehavior.Losses.ValueLoss.mean": {
            "value": 11.494634566307067,
            "min": 2.104366456667582,
            "max": 276.7239805603027,
            "count": 61
        },
        "TankBehavior.Losses.ValueLoss.sum": {
            "value": 57.47317283153534,
            "min": 10.521832283337911,
            "max": 1383.6199028015135,
            "count": 61
        },
        "TankBehavior.Policy.LearningRate.mean": {
            "value": 0.00011842992052337997,
            "min": 0.00011842992052337997,
            "max": 0.0002980058606647132,
            "count": 61
        },
        "TankBehavior.Policy.LearningRate.sum": {
            "value": 0.0005921496026168999,
            "min": 0.00053412868195718,
            "max": 0.0014772529275823597,
            "count": 61
        },
        "TankBehavior.Policy.Epsilon.mean": {
            "value": 0.13947662,
            "min": 0.13947662,
            "max": 0.19933528666666675,
            "count": 61
        },
        "TankBehavior.Policy.Epsilon.sum": {
            "value": 0.6973830999999999,
            "min": 0.5780428200000001,
            "max": 0.9924176400000001,
            "count": 61
        },
        "TankBehavior.Policy.Beta.mean": {
            "value": 0.0019798833380000004,
            "min": 0.0019798833380000004,
            "max": 0.004966830804666666,
            "count": 61
        },
        "TankBehavior.Policy.Beta.sum": {
            "value": 0.009899416690000001,
            "min": 0.008924336718000001,
            "max": 0.024621640235999998,
            "count": 61
        },
        "TankBehavior.Policy.GAILPolicyEstimate.mean": {
            "value": 0.000738711992938382,
            "min": 0.000738711992938382,
            "max": 0.0938136034955581,
            "count": 61
        },
        "TankBehavior.Policy.GAILPolicyEstimate.sum": {
            "value": 0.00369355996469191,
            "min": 0.00369355996469191,
            "max": 0.33400639618436495,
            "count": 61
        },
        "TankBehavior.Policy.GAILExpertEstimate.mean": {
            "value": 0.9998552079995473,
            "min": 0.8708892352051206,
            "max": 0.9998619258403778,
            "count": 61
        },
        "TankBehavior.Policy.GAILExpertEstimate.sum": {
            "value": 4.999276039997737,
            "min": 2.6126677056153618,
            "max": 4.999309629201889,
            "count": 61
        },
        "TankBehavior.Losses.GAILLoss.mean": {
            "value": 0.0009173058023831495,
            "min": 0.0009173058023831495,
            "max": 0.2657867763605383,
            "count": 61
        },
        "TankBehavior.Losses.GAILLoss.sum": {
            "value": 0.004586529011915748,
            "min": 0.004586529011915748,
            "max": 0.7973603290816149,
            "count": 61
        },
        "TankBehavior.Policy.GAILGradMagLoss.mean": {
            "value": 0.003082163198851049,
            "min": 0.003082163198851049,
            "max": 7.365354355176289,
            "count": 61
        },
        "TankBehavior.Policy.GAILGradMagLoss.sum": {
            "value": 0.015410815994255245,
            "min": 0.013474170615275703,
            "max": 22.096063065528867,
            "count": 61
        },
        "TankBehavior.Losses.PretrainingLoss.mean": {
            "value": 1.1697076267666289,
            "min": 1.1697076267666289,
            "max": 1.8111283514234755,
            "count": 61
        },
        "TankBehavior.Losses.PretrainingLoss.sum": {
            "value": 5.848538133833144,
            "min": 4.74604766898685,
            "max": 8.192015647888184,
            "count": 61
        },
        "TankBehavior.IsTraining.mean": {
            "value": 1.0,
            "min": 1.0,
            "max": 1.0,
            "count": 61
        },
        "TankBehavior.IsTraining.sum": {
            "value": 1.0,
            "min": 1.0,
            "max": 1.0,
            "count": 61
        }
    },
    "metadata": {
        "timer_format_version": "0.1.0",
        "start_time_seconds": "1728650787",
        "python_version": "3.8.10 (tags/v3.8.10:3d8993a, May  3 2021, 11:48:03) [MSC v.1928 64 bit (AMD64)]",
        "command_line_arguments": "C:\\Users\\User\\Desktop\\Tank-Game-AI\\venv\\Scripts\\mlagents-learn results/Gen15/configuration.yaml --resume",