{
    "name": "root",
    "gauges": {
        "TankBehavior.Policy.Entropy.mean": {
            "value": 1.1249390840530396,
            "min": 1.114343523979187,
            "max": 1.2886607646942139,
            "count": 41
        },
        "TankBehavior.Policy.Entropy.sum": {
            "value": 56528.19140625,
            "min": 55800.75,
            "max": 65431.75,
            "count": 41
        },
        "TankBehavior.Environment.EpisodeLength.mean": {
            "value": 748.8529411764706,
            "min": 426.2641509433962,
            "max": 773.4285714285714,
            "count": 41
        },
        "TankBehavior.Environment.EpisodeLength.sum": {
            "value": 50922.0,
            "min": 45184.0,
            "max": 53401.0,
            "count": 41
        },
        "TankBehavior.Step.mean": {
            "value": 7049983.0,
            "min": 5049995.0,
            "max": 7049983.0,
            "count": 41
        },
        "TankBehavior.Step.sum": {
            "value": 7049983.0,
            "min": 5049995.0,
            "max": 7049983.0,
            "count": 41
        },
        "TankBehavior.Policy.ExtrinsicValueEstimate.mean": {
            "value": 14.977476119995117,
            "min": 3.740363597869873,
            "max": 16.837215423583984,
            "count": 41
        },
        "TankBehavior.Policy.ExtrinsicValueEstimate.sum": {
            "value": 12146.7333984375,
            "min": 3089.540283203125,
            "max": 13730.1748046875,
            "count": 41
        },
        "TankBehavior.Policy.GailValueEstimate.mean": {
            "value": 0.01034354418516159,
            "min": -0.10721085220575333,
            "max": 0.11942243576049805,
            "count": 41
        },
        "TankBehavior.Policy.GailValueEstimate.sum": {
            "value": 8.388614654541016,
            "min": -87.48405456542969,
            "max": 97.80697631835938,
            "count": 41
        },
        "TankBehavior.Environment.CumulativeReward.mean": {
            "value": 111.13014476001263,
            "min": 20.124225592338725,
            "max": 140.60010705486175,
            "count": 41
        },
        "TankBehavior.Environment.CumulativeReward.sum": {
            "value": 7556.849843680859,
            "min": 1529.441145017743,
            "max": 10067.518006205559,
            "count": 41
        },
        "TankBehavior.Policy.ExtrinsicReward.mean": {
            "value": 111.13014476001263,
            "min": 20.124225592338725,
            "max": 140.60010705486175,
            "count": 41
        },
        "TankBehavior.Policy.ExtrinsicReward.sum": {
            "value": 7556.849843680859,
            "min": 1529.441145017743,
            "max": 10067.518006205559,
            "count": 41
        },
        "TankBehavior.Policy.GailReward.mean": {
            "value": 0.05880485471395314,
            "min": 0.038528400769627415,
            "max": 0.5351781270094427,
            "count": 41
        },
        "TankBehavior.Policy.GailReward.sum": {
            "value": 3.9987301205488137,
            "min": 2.5428744507954093,
            "max": 41.208715779727086,
            "count": 41
        },
        "TankBehavior.Losses.PolicyLoss.mean": {
            "value": 0.022967003838275556,
            "min": 0.0205585019796005,
            "max": 0.027162566741268775,
            "count": 41
        },
        "TankBehavior.Losses.PolicyLoss.sum": {
            "value": 0.11483501919137779,
            "min": 0.08839708777862446,
            "max": 0.13581283370634387,
            "count": 41
        },
        "TankBehavior.Losses.ValueLoss.mean": {
            "value": 7.236724141438802,
            "min": 1.4357652934392295,
            "max": 23.23589274088542,
            "count": 41
        },
        "TankBehavior.Losses.ValueLoss.sum": {
            "value": 36.18362070719401,
            "min": 6.179040374358495,
            "max": 116.17946370442709,
            "count": 41
        },
        "TankBehavior.Policy.LearningRate.mean": {
            "value": 8.9135512288186e-05,
            "min": 8.9135512288186e-05,
            "max": 0.00014920778026409002,
            "count": 41
        },
        "TankBehavior.Policy.LearningRate.sum": {
            "value": 0.00044567756144093,
            "min": 0.00039299129900298993,
            "max": 0.00073896025368,
            "count": 41
        },
        "TankBehavior.Policy.Epsilon.mean": {
            "value": 0.129711814,
            "min": 0.129711814,
            "max": 0.14973591000000003,
            "count": 41
        },
        "TankBehavior.Policy.Epsilon.sum": {
            "value": 0.64855907,
            "min": 0.5309970100000001,
            "max": 0.7463200000000001,
            "count": 41
        },
        "TankBehavior.Policy.Beta.mean": {
            "value": 0.0014926195186000001,
            "min": 0.0014926195186000001,
            "max": 0.0024918219090000002,
            "count": 41
        },
        "TankBehavior.Policy.Beta.sum": {
            "value": 0.007463097593000001,
            "min": 0.006576750799,
            "max": 0.012341368,
            "count": 41
        },
        "TankBehavior.Policy.GAILPolicyEstimate.mean": {
            "value": 0.00010324198232713872,
            "min": 7.081001728238334e-05,
            "max": 0.00025863609222748587,
            "count": 41
        },
        "TankBehavior.Policy.GAILPolicyEstimate.sum": {
            "value": 0.0005162099116356936,
            "min": 0.00032230554790354897,
            "max": 0.0011529754423463602,
            "count": 41
        },
        "TankBehavior.Policy.GAILExpertEstimate.mean": {
            "value": 0.9999713551998137,
            "min": 0.9999138708909353,
            "max": 0.9999864149093629,
            "count": 41
        },
        "TankBehavior.Policy.GAILExpertEstimate.sum": {
            "value": 4.999856775999069,
            "min": 3.9997816483179727,
            "max": 4.999932074546814,
            "count": 41
        },
        "TankBehavior.Losses.GAILLoss.mean": {
            "value": 0.00013554209703822077,
            "min": 0.00010132810812744233,
            "max": 0.0003271154633694096,
            "count": 41
        },
        "TankBehavior.Losses.GAILLoss.sum": {
            "value": 0.0006777104851911039,
            "min": 0.00041127515626916044,
            "max": 0.0014564911860361464,
            "count": 41
        },
        "TankBehavior.Policy.GAILGradMagLoss.mean": {
            "value": 0.0007468541399187719,
            "min": 0.0006621023081243039,
            "max": 0.08971836111935166,
            "count": 41
        },
        "TankBehavior.Policy.GAILGradMagLoss.sum": {
            "value": 0.0037342706995938594,
            "min": 0.002943750005215407,
            "max": 0.35887344447740666,
            "count": 41
        },
        "TankBehavior.Losses.PretrainingLoss.mean": {
            "value": 0.7955666753980848,
            "min": 0.7955666753980848,
            "max": 0.9429658999045689,
            "count": 41
        },
        "TankBehavior.Losses.PretrainingLoss.sum": {
            "value": 3.977833376990424,
            "min": 3.263219171100193,
            "max": 4.671201295322843,
            "count": 41
        },
        "TankBehavior.IsTraining.mean": {
            "value": 1.0,
            "min": 1.0,
            "max": 1.0,
            "count": 41
        },
        "TankBehavior.IsTraining.sum": {
            "value": 1.0,
            "min": 1.0,
            "max": 1.0,
            "count": 41
        }
    },
    "metadata": {
        "timer_format_version": "0.1.0",
        "start_time_seconds": "1728794925",
        "python_version": "3.8.10 (tags/v3.8.10:3d8993a, May  3 2021, 11:48:03) [MSC v.1928 64 bit (AMD64)]",