{
    "name": "root",
    "gauges": {
        "TankBehavior.Policy.Entropy.mean": {
            "value": 1.2932448387145996,
            "min": 1.2932448387145996,
            "max": 1.5680947303771973,
            "count": 39
        },
        "TankBehavior.Policy.Entropy.sum": {
            "value": 64565.25,
            "min": 18581.921875,
            "max": 78191.7265625,
            "count": 39
        },
        "TankBehavior.Step.mean": {
            "value": 4999988.0,
            "min": 3099996.0,
            "max": 4999988.0,
            "count": 39
        },
        "TankBehavior.Step.sum": {
            "value": 4999988.0,
            "min": 3099996.0,
            "max": 4999988.0,
            "count": 39
        },
        "TankBehavior.Policy.ExtrinsicValueEstimate.mean": {
            "value": 0.778008222579956,
            "min": -3.0319199562072754,
            "max": 16.42982292175293,
            "count": 39
        },
        "TankBehavior.Policy.ExtrinsicValueEstimate.sum": {
            "value": 645.746826171875,
            "min": -2528.621337890625,
            "max": 13636.7529296875,
            "count": 39
        },
        "TankBehavior.Policy.GailValueEstimate.mean": {
            "value": 0.050708916038274765,
            "min": -0.04371527209877968,
            "max": 0.2244040071964264,
            "count": 39
        },
        "TankBehavior.Policy.GailValueEstimate.sum": {
            "value": 42.088401794433594,
            "min": -36.239959716796875,
            "max": 187.37734985351562,
            "count": 39
        },
        "TankBehavior.Environment.EpisodeLength.mean": {
            "value": 516.05,
            "min": 229.78947368421052,
            "max": 529.1111111111111,
            "count": 39
        },
        "TankBehavior.Environment.EpisodeLength.sum": {
            "value": 51605.0,
            "min": 4366.0,
            "max": 53332.0,
            "count": 39
        },
        "TankBehavior.Environment.CumulativeReward.mean": {
            "value": 19.499079433354463,
            "min": -34.99041828899472,
            "max": 97.04471443458037,
            "count": 39
        },
        "TankBehavior.Environment.CumulativeReward.sum": {
            "value": 1930.408863902092,
            "min": -3778.9651752114296,
            "max": 9607.426729023457,
            "count": 39
        },
        "TankBehavior.Policy.ExtrinsicReward.mean": {
            "value": 19.499079433354463,
            "min": -34.99041828899472,
            "max": 97.04471443458037,
            "count": 39
        },
        "TankBehavior.Policy.ExtrinsicReward.sum": {
            "value": 1930.408863902092,
            "min": -3778.9651752114296,
            "max": 9607.426729023457,
            "count": 39
        },
        "TankBehavior.Policy.GailReward.mean": {
            "value": 0.16973108008227386,
            "min": 0.06751768008877798,
            "max": 0.8627407238080567,
            "count": 39
        },
        "TankBehavior.Policy.GailReward.sum": {
            "value": 16.803376928145113,
            "min": 5.808051964478636,
            "max": 93.17599817127012,
            "count": 39
        },
        "TankBehavior.Losses.PolicyLoss.mean": {
            "value": 0.020691030174590806,
            "min": 0.020691030174590806,
            "max": 0.027387705301516692,
            "count": 39
        },
        "TankBehavior.Losses.PolicyLoss.sum": {
            "value": 0.10345515087295402,
            "min": 0.023558957529409476,
            "max": 0.13693852650758345,
            "count": 39
        },
        "TankBehavior.Losses.ValueLoss.mean": {
            "value": 13.876443328857423,
            "min": 1.9392322266101836,
            "max": 37.067621046702065,
            "count": 39
        },
        "TankBehavior.Losses.ValueLoss.sum": {
            "value": 69.38221664428711,
            "min": 2.593697690963745,
            "max": 185.33810523351033,
            "count": 39
        },
        "TankBehavior.Policy.LearningRate.mean": {
            "value": 1.4560715146760006e-06,
            "min": 1.4560715146760006e-06,
            "max": 0.00011401110199631999,
            "count": 39
        },
        "TankBehavior.Policy.LearningRate.sum": {
            "value": 7.280357573380003e-06,
            "min": 7.280357573380003e-06,
            "max": 0.0005481702172767001,
            "count": 39
        },
        "TankBehavior.Policy.Epsilon.mean": {
            "value": 0.10048532400000001,
            "min": 0.10048532400000001,
            "max": 0.13800368000000005,
            "count": 39
        },
        "TankBehavior.Policy.Epsilon.sum": {
            "value": 0.50242662,
            "min": 0.13800368000000005,
            "max": 0.6827233000000001,
            "count": 39
        },
        "TankBehavior.Policy.Beta.mean": {
            "value": 3.421766760000001e-05,
            "min": 3.421766760000001e-05,
            "max": 0.0019063836319999996,
            "count": 39
        },
        "TankBehavior.Policy.Beta.sum": {
            "value": 0.00017108833800000004,
            "min": 0.00017108833800000004,
            "max": 0.00916789267,
            "count": 39
        },
        "TankBehavior.Policy.GAILPolicyEstimate.mean": {
            "value": 0.00023027897511686507,
            "min": 0.00020340094407098755,
            "max": 0.0010694421827793122,
            "count": 39
        },
        "TankBehavior.Policy.GAILPolicyEstimate.sum": {
            "value": 0.0011513948755843253,
            "min": 0.0009816759969908163,
            "max": 0.003858208006325489,
            "count": 39
        },
        "TankBehavior.Policy.GAILExpertEstimate.mean": {
            "value": 0.9999358220895133,
            "min": 0.9998126641909281,
            "max": 0.9999596198399863,
            "count": 39
        },
        "TankBehavior.Policy.GAILExpertEstimate.sum": {
            "value": 4.999679110447566,
            "min": 0.9998389740784963,
            "max": 4.999798099199931,
            "count": 39
        },
        "TankBehavior.Losses.GAILLoss.mean": {
            "value": 0.000305329806287773,
            "min": 0.000272127273104464,
            "max": 0.0013113733031786979,
            "count": 39
        },
        "TankBehavior.Losses.GAILLoss.sum": {
            "value": 0.001526649031438865,
            "min": 0.0013033278619938452,
            "max": 0.004781592778939133,
            "count": 39
        },
        "TankBehavior.Policy.GAILGradMagLoss.mean": {
            "value": 0.0012227838571804268,
            "min": 0.001207407461091255,
            "max": 0.07971574417548254,
            "count": 39
        },
        "TankBehavior.Policy.GAILGradMagLoss.sum": {
            "value": 0.006113919285902133,
            "min": 0.006037037305456275,
            "max": 0.3985787208774127,
            "count": 39
        },
        "TankBehavior.Losses.PretrainingLoss.mean": {
            "value": 0.9476853860749138,
            "min": 0.9467021160655552,
            "max": 1.1601894431644015,
            "count": 39
        },
        "TankBehavior.Losses.PretrainingLoss.sum": {
            "value": 4.738426930374569,
            "min": 1.159271279970805,
            "max": 5.731912268532647,
            "count": 39
        },
        "TankBehavior.IsTraining.mean": {
            "value": 1.0,
            "min": 1.0,
            "max": 1.0,
            "count": 39
        },
        "TankBehavior.IsTraining.sum": {
            "value": 1.0,
            "min": 1.0,
            "max": 1.0,
            "count": 39
        }
    },
    "metadata": {
        "timer_format_version": "0.1.0",
        "start_time_seconds": "1728743156",
        "python_version": "3.8.10 (tags/v3.8.10:3d8993a, May  3 2021, 11:48:03) [MSC v.1928 64 bit (AMD64)]",