{
    "name": "root",
    "metadata": {
        "timer_format_version": "0.1.0",
        "start_time_seconds": "1728802814",
        "python_version": "3.8.10 (tags/v3.8.10:3d8993a, May  3 2021, 11:48:03) [MSC v.1928 64 bit (AMD64)]",
        "command_line_arguments": "C:\\Users\\User\\Desktop\\Tank-Game-AI\\venv\\Scripts\\mlagents-learn results/Gen15/configuration.yaml --resume",
        "mlagents_version": "0.29.0",
        "mlagents_envs_version": "0.29.0",
        "communication_protocol_version": "1.5.0",
        "pytorch_version": "2.2.2+cu121",
        "numpy_version": "1.21.2",
        "end_time_seconds": "1728802881"
    },
    "total": 67.1076614,
    "count": 1,
    "self": 0.010244699999987006,
    "children": {
        "run_training.setup": {
            "total": 0.10947949999999995,
            "count": 1,
            "self": 0.10947949999999995
        },
        "TrainerController.start_learning": {
            "total": 66.9879372,
            "count": 1,
            "self": 0.016872300000002838,
            "children": {
                "TrainerController._reset_env": {
                    "total": 12.4254297,
                    "count": 1,
                    "self": 8.793324,
                    "children": {
                        "demo_to_buffer": {
                            "total": 3.6321057000000003,
                            "count": 2,
                            "self": 0.0001886000000013155,
                            "children": {
                                "load_demonstration": {
                                    "total": 0.05545459999999913,
                                    "count": 2,
                                    "self": 0.05181229999999992,
                                    "children": {
                                        "read_file": {
                                            "total": 0.00364229999999921,
                                            "count": 2,
                                            "self": 0.00364229999999921
                                        }
                                    }
                                },
                                "make_demo_buffer": {
                                    "total": 3.5764625,
                                    "count": 2,
                                    "self": 0.64515020000003,
                                    "children": {
                                        "steps_from_proto": {
                                            "total": 2.93131229999997,
                                            "count": 14960,
                                            "self": 2.0105657999999345,
                                            "children": {
                                                "_process_rank_one_or_two_observation": {
                                                    "total": 0.9207465000000354,
                                                    "count": 29920,
                                                    "self": 0.9207465000000354
                                                }
                                            }
                                        }
                                    }
                                }
                            }
                        }
                    }
                },
                "TrainerController.advance": {
                    "total": 54.3082935,
                    "count": 674,
                    "self": 0.01758519999989261,
                    "children": {
                        "env_step": {
                            "total": 47.5758493000001,
                            "count": 674,
                            "self": 46.068862300000134,
                            "children": {
                                "SubprocessEnvManager._take_step": {
                                    "total": 1.4956052999999692,
                                    "count": 674,
                                    "self": 0.06342489999992651,
                                    "children": {
                                        "TorchPolicy.evaluate": {
                                            "total": 1.4321804000000427,
                                            "count": 664,
                                            "self": 0.3269938999999056,
                                            "children": {
                                                "TorchPolicy.sample_actions": {
                                                    "total": 1.105186500000137,
                                                    "count": 664,
                                                    "self": 1.105186500000137
                                                }
                                            }
                                        }
                                    }
                                },
                                "workers": {
                                    "total": 0.01138170000000116,
                                    "count": 673,
                                    "self": 0.0,
                                    "children": {
                                        "worker_root": {
                                            "total": 54.93822330000003,
                                            "count": 673,
                                            "is_parallel": true,
                                            "self": 15.234601700000006,
                                            "children": {
                                                "steps_from_proto": {
                                                    "total": 0.00564549999999997,
                                                    "count": 1,
                                                    "is_parallel": true,
                                                    "self": 0.002013700000000007,
                                                    "children": {
                                                        "_process_rank_one_or_two_observation": {
                                                            "total": 0.003631799999999963,
                                                            "count": 2,
                                                            "is_parallel": true,
                                                            "self": 0.003631799999999963
                                                        }
                                                    }
                                                },
                                                "UnityEnvironment.step": {
                                                    "total": 39.69797610000003,
                                                    "count": 673,
                                                    "is_parallel": true,
                                                    "self": 0.21985779999995003,
                                                    "children": {
                                                        "UnityEnvironment._generate_step_input": {
                                                            "total": 0.4002347000000466,
                                                            "count": 673,
                                                            "is_parallel": true,
                                                            "self": 0.4002347000000466
                                                        },
                                                        "communicator.exchange": {
                                                            "total": 38.49908620000001,
                                                            "count": 673,
                                                            "is_parallel": true,