{
    "name": "root",
    "gauges": {
        "TankBehavior.Policy.Entropy.mean": {
            "value": 0.9299671649932861,
            "min": 0.9299671649932861,
            "max": 1.191890001296997,
            "count": 67
        },
        "TankBehavior.Policy.Entropy.sum": {
            "value": 46475.109375,
            "min": 1722.446044921875,
            "max": 59445.515625,
            "count": 67
        },
        "TankBehavior.IsTraining.mean": {
            "value": 1.0,
            "min": 1.0,
            "max": 1.0,
            "count": 67
        },
        "TankBehavior.IsTraining.sum": {
            "value": 1.0,
            "min": 1.0,
            "max": 1.0,
            "count": 67
        },
        "TankBehavior.Step.mean": {
            "value": 10799937.0,
            "min": 7549998.0,
            "max": 10799937.0,
            "count": 66
        },
        "TankBehavior.Step.sum": {
            "value": 10799937.0,
            "min": 7549998.0,
            "max": 10799937.0,
            "count": 66
        },
        "TankBehavior.Policy.ExtrinsicValueEstimate.mean": {
            "value": 7.265085220336914,
            "min": -10.69825553894043,
            "max": 8.163424491882324,
            "count": 66
        },
        "TankBehavior.Policy.ExtrinsicValueEstimate.sum": {
            "value": 6226.17822265625,
            "min": -8761.87109375,
            "max": 6914.4208984375,
            "count": 66
        },
        "TankBehavior.Policy.GailValueEstimate.mean": {
            "value": 0.005057343747466803,
            "min": -0.2944369316101074,
            "max": 0.14818257093429565,
            "count": 66
        },
        "TankBehavior.Policy.GailValueEstimate.sum": {
            "value": 4.33414363861084,
            "min": -245.85482788085938,
            "max": 125.36245727539062,
            "count": 66
        },
        "TankBehavior.Environment.EpisodeLength.mean": {
            "value": 365.36619718309856,
            "min": 277.97802197802196,
            "max": 774.15,
            "count": 66
        },
        "TankBehavior.Environment.EpisodeLength.sum": {
            "value": 51882.0,
            "min": 46449.0,
            "max": 52396.0,
            "count": 66
        },
        "TankBehavior.Environment.CumulativeReward.mean": {
            "value": 31.436047548349475,
            "min": -96.56937063546742,
            "max": 47.44735970993837,
            "count": 66
        },
        "TankBehavior.Environment.CumulativeReward.sum": {
            "value": 4463.918751865625,
            "min": -8208.39650401473,
            "max": 4875.474394500256,
            "count": 66
        },
        "TankBehavior.Policy.ExtrinsicReward.mean": {
            "value": 31.436047548349475,
            "min": -96.56937063546742,
            "max": 47.44735970993837,
            "count": 66
        },
        "TankBehavior.Policy.ExtrinsicReward.sum": {
            "value": 4463.918751865625,
            "min": -8208.39650401473,
            "max": 4875.474394500256,
            "count": 66
        },
        "TankBehavior.Policy.GailReward.mean": {
            "value": 0.023594021678321288,
            "min": 0.01246417114081602,
            "max": 0.23570344820522987,
            "count": 66
        },
        "TankBehavior.Policy.GailReward.sum": {
            "value": 3.350351078321623,
            "min": 1.5206288791795544,
            "max": 19.32768275282885,
            "count": 66
        },
        "TankBehavior.Losses.PolicyLoss.mean": {
            "value": 0.025675353701080893,
            "min": 0.02030170535867607,
            "max": 0.026314585142342067,
            "count": 66
        },
        "TankBehavior.Losses.PolicyLoss.sum": {
            "value": 0.10270141480432357,
            "min": 0.08501073348355324,
            "max": 0.13157292571171034,
            "count": 66
        },
        "TankBehavior.Losses.ValueLoss.mean": {
            "value": 3.1150760049621264,
            "min": 0.9476497248808542,
            "max": 31.301601587931316,
            "count": 66
        },
        "TankBehavior.Losses.ValueLoss.sum": {
            "value": 12.460304019848506,
            "min": 4.738248624404271,
            "max": 156.50800793965658,
            "count": 66
        },
        "TankBehavior.Policy.LearningRate.mean": {
            "value": 0.0002676731462756215,
            "min": 0.0002676731462756215,
            "max": 0.0002774182920272384,
            "count": 66
        },
        "TankBehavior.Policy.LearningRate.sum": {
            "value": 0.001070692585102486,
            "min": 0.001070692585102486,
            "max": 0.0013863844458718638,
            "count": 66
        },
        "TankBehavior.Policy.Epsilon.mean": {
            "value": 0.1892243785,
            "min": 0.1892243785,
            "max": 0.19247276150000003,
            "count": 66
        },
        "TankBehavior.Policy.Epsilon.sum": {
            "value": 0.756897514,
            "min": 0.756897514,
            "max": 0.9621281359999999,
            "count": 66
        },
        "TankBehavior.Policy.Beta.mean": {
            "value": 0.00446229648715,
            "min": 0.00446229648715,
            "max": 0.004624390798850001,
            "count": 66
        },
        "TankBehavior.Policy.Beta.sum": {
            "value": 0.0178491859486,
            "min": 0.0178491859486,
            "max": 0.023110193986399998,
            "count": 66
        },
        "TankBehavior.Policy.GAILPolicyEstimate.mean": {
            "value": 0.00010606770601195117,
            "min": 5.60970118658588e-05,
            "max": 0.00020927442241372774,
            "count": 66
        },
        "TankBehavior.Policy.GAILPolicyEstimate.sum": {
            "value": 0.0004242708240478047,
            "min": 0.0002609819748310353,
            "max": 0.0010463721120686387,
            "count": 66
        },
        "TankBehavior.Policy.GAILExpertEstimate.mean": {
            "value": 0.9999757453799247,
            "min": 0.9999255776405335,
            "max": 0.9999975152810414,
            "count": 66
        },
        "TankBehavior.Policy.GAILExpertEstimate.sum": {
            "value": 3.999902981519699,
            "min": 3.999739805857341,
            "max": 4.999987576405207,
            "count": 66
        },
        "TankBehavior.Losses.GAILLoss.mean": {
            "value": 0.00013648516889285626,
            "min": 6.133272429300027e-05,
            "max": 0.00024852807204297285,
            "count": 66
        },
        "TankBehavior.Losses.GAILLoss.sum": {
            "value": 0.000545940675571425,
            "min": 0.0003066636214650013,
            "max": 0.0012426403602148642,
            "count": 66
        },
        "TankBehavior.Policy.GAILGradMagLoss.mean": {
            "value": 0.0004439612776574601,
            "min": 0.0003901378855031604,
            "max": 0.08942823764538237,
            "count": 66
        },
        "TankBehavior.Policy.GAILGradMagLoss.sum": {
            "value": 0.0017758451106298404,
            "min": 0.0017758451106298404,
            "max": 0.44714118822691185,
            "count": 66
        },
        "TankBehavior.Losses.PretrainingLoss.mean": {
            "value": 0.6471954849031236,
            "min": 0.6471954849031236,
            "max": 0.7696784403589036,
            "count": 66
        },
        "TankBehavior.Losses.PretrainingLoss.sum": {
            "value": 2.5887819396124945,
            "min": 2.5887819396124945,
            "max": 3.8483922017945185,
            "count": 66
        }
    },
    "metadata": {
        "timer_format_version": "0.1.0",
        "start_time_seconds": "1728831708",
        "python_version": "3.8.10 (tags/v3.8.10:3d8993a, May  3 2021, 11:48:03) [MSC v.1928 64 bit (AMD64)]",
        "command_line_arguments": "C:\\Users\\User\\Desktop\\Tank-Game-AI\\venv\\Scripts\\mlagents-learn results/Gen15/configuration.yaml --resume",