{
    "name": "root",
    "metadata": {
        "timer_format_version": "0.1.0",
        "start_time_seconds": "1728884967",
        "python_version": "3.8.10 (tags/v3.8.10:3d8993a, May  3 2021, 11:48:03) [MSC v.1928 64 bit (AMD64)]",
        "command_line_arguments": "C:\\Users\\User\\Desktop\\Tank-Game-AI\\venv\\Scripts\\mlagents-learn results/Gen17/configuration.yaml --resume",
        "mlagents_version": "0.29.0",
        "mlagents_envs_version": "0.29.0",
        "communication_protocol_version": "1.5.0",
        "pytorch_version": "2.2.2+cu121",
        "numpy_version": "1.21.2",
        "end_time_seconds": "1728885092"
    },
    "total": 124.917034,
    "count": 1,
    "self": 0.009202499999986458,
    "children": {
        "run_training.setup": {
            "total": 0.15052969999999988,
            "count": 1,
            "self": 0.15052969999999988
        },
        "TrainerController.start_learning": {
            "total": 124.75730180000001,
            "count": 1,
            "self": 0.04284909999996955,
            "children": {
                "TrainerController._reset_env": {
                    "total": 12.7295451,
                    "count": 1,
                    "self": 8.0399993,
                    "children": {
                        "demo_to_buffer": {
                            "total": 4.689545799999999,
                            "count": 2,
                            "self": 0.00020119999999757,
                            "children": {
                                "load_demonstration": {
                                    "total": 0.08601879999999973,
                                    "count": 2,
                                    "self": 0.07685010000000148,
                                    "children": {
                                        "read_file": {
                                            "total": 0.009168699999998253,
                                            "count": 2,
                                            "self": 0.009168699999998253
                                        }
                                    }
                                },
                                "make_demo_buffer": {
                                    "total": 4.603325800000002,
                                    "count": 2,
                                    "self": 0.7584688999998264,
                                    "children": {
                                        "steps_from_proto": {
                                            "total": 3.8448569000001758,
                                            "count": 18156,
                                            "self": 2.471674500000187,
                                            "children": {
                                                "_process_rank_one_or_two_observation": {
                                                    "total": 1.3731823999999886,
                                                    "count": 36312,
                                                    "self": 1.3731823999999886
                                                }
                                            }
                                        }
                                    }
                                }
                            }
                        }
                    }
                },
                "TrainerController.advance": {
                    "total": 111.82524500000002,
                    "count": 1574,
                    "self": 0.04173169999974391,
                    "children": {
                        "env_step": {
                            "total": 90.48626050000017,
                            "count": 1574,
                            "self": 87.07846410000009,
                            "children": {
                                "SubprocessEnvManager._take_step": {
                                    "total": 3.3796111000000018,
                                    "count": 1574,
                                    "self": 0.1546975999997393,
                                    "children": {
                                        "TorchPolicy.evaluate": {
                                            "total": 3.2249135000002624,
                                            "count": 1564,
                                            "self": 0.7675774000000679,
                                            "children": {
                                                "TorchPolicy.sample_actions": {
                                                    "total": 2.4573361000001945,
                                                    "count": 1564,
                                                    "self": 2.4573361000001945
                                                }
                                            }
                                        }
                                    }
                                },
                                "workers": {
                                    "total": 0.028185300000078684,
                                    "count": 1573,
                                    "self": 0.0,
                                    "children": {
                                        "worker_root": {
                                            "total": 112.56027619999998,
                                            "count": 1573,
                                            "is_parallel": true,
                                            "self": 34.600461100000146,
                                            "children": {
                                                "steps_from_proto": {
                                                    "total": 0.0013482999999991918,
                                                    "count": 1,
                                                    "is_parallel": true,
                                                    "self": 0.0003211999999992443,
                                                    "children": {
                                                        "_process_rank_one_or_two_observation": {
                                                            "total": 0.0010270999999999475,
                                                            "count": 2,
                                                            "is_parallel": true,
                                                            "self": 0.0010270999999999475
                                                        }
                                                    }
                                                },
                                                "UnityEnvironment.step": {
                                                    "total": 77.95846679999983,
                                                    "count": 1573,
                                                    "is_parallel": true,
                                                    "self": 0.7295375999996168,
                                                    "children": {
                                                        "UnityEnvironment._generate_step_input": {
                                                            "total": 0.9725403000002526,
                                                            "count": 1573,
                                                            "is_parallel": true,
                                                            "self": 0.9725403000002526
                                                        },
                                                        "communicator.exchange": {
                                                            "total": 74.13058349999986,
                                                            "count": 1573,
                                                            "is_parallel": true,