{
    "name": "root",
    "gauges": {
        "TankBehavior.Policy.Entropy.mean": {
            "value": 1.9618656635284424,
            "min": 1.8184529542922974,
            "max": 2.012720823287964,
            "count": 5
        },
        "TankBehavior.Policy.Entropy.sum": {
            "value": 98093.28125,
            "min": 88962.2578125,
            "max": 98093.28125,
            "count": 5
        },
        "TankBehavior.Step.mean": {
            "value": 249999.0,
            "min": 49993.0,
            "max": 249999.0,
            "count": 5
        },
        "TankBehavior.Step.sum": {
            "value": 249999.0,
            "min": 49993.0,
            "max": 249999.0,
            "count": 5
        },
        "TankBehavior.Policy.ExtrinsicValueEstimate.mean": {
            "value": -4.334449291229248,
            "min": -19.154850006103516,
            "max": 0.9773185849189758,
            "count": 5
        },
        "TankBehavior.Policy.ExtrinsicValueEstimate.sum": {
            "value": -3484.897216796875,
            "min": -15534.583984375,
            "max": 680.2137451171875,
            "count": 5
        },
        "TankBehavior.Policy.GailValueEstimate.mean": {
            "value": 5.133680820465088,
            "min": 5.133680820465088,
            "max": 12.507826805114746,
            "count": 5
        },
        "TankBehavior.Policy.GailValueEstimate.sum": {
            "value": 4127.4794921875,
            "min": 4127.4794921875,
            "max": 10044.482421875,
            "count": 5
        },
        "TankBehavior.Losses.PolicyLoss.mean": {
            "value": 0.02702164293283052,
            "min": 0.02185445998611006,
            "max": 0.02702164293283052,
            "count": 5
        },
        "TankBehavior.Losses.PolicyLoss.sum": {
            "value": 0.1351082146641526,
            "min": 0.07253755488151606,
            "max": 0.1351082146641526,
            "count": 5
        },
        "TankBehavior.Losses.ValueLoss.mean": {
            "value": 4.865027259190876,
            "min": 4.865027259190876,
            "max": 74.09289952596029,
            "count": 5
        },
        "TankBehavior.Losses.ValueLoss.sum": {
            "value": 24.325136295954383,
            "min": 24.325136295954383,
            "max": 370.4644976298015,
            "count": 5
        },
        "TankBehavior.Policy.LearningRate.mean": {
            "value": 0.00029862862125712636,
            "min": 0.00029862862125712636,
            "max": 0.0002998289320570227,
            "count": 5
        },
        "TankBehavior.Policy.LearningRate.sum": {
            "value": 0.001493143106285632,
            "min": 0.0008994867961710681,
            "max": 0.0014978451787182742,
            "count": 5
        },
        "TankBehavior.Policy.Epsilon.mean": {
            "value": 0.19954287359999998,
            "min": 0.19954287359999998,
            "max": 0.19994297733333335,
            "count": 5
        },
        "TankBehavior.Policy.Epsilon.sum": {
            "value": 0.9977143679999999,
            "min": 0.5998289320000001,
            "max": 0.9992817260000001,
            "count": 5
        },
        "TankBehavior.Policy.Beta.mean": {
            "value": 0.0049771893926399986,
            "min": 0.0049771893926399986,
            "max": 0.004997154568933333,
            "count": 5
        },
        "TankBehavior.Policy.Beta.sum": {
            "value": 0.024885946963199995,
            "min": 0.014991463706799999,
            "max": 0.024964158127400004,
            "count": 5
        },
        "TankBehavior.Policy.GAILPolicyEstimate.mean": {
            "value": 0.040111544330914815,
            "min": 0.040111544330914815,
            "max": 0.1441547530806727,
            "count": 5
        },
        "TankBehavior.Policy.GAILPolicyEstimate.sum": {
            "value": 0.20055772165457408,
            "min": 0.20055772165457408,
            "max": 0.43246425924201803,
            "count": 5
        },
        "TankBehavior.Policy.GAILExpertEstimate.mean": {
            "value": 0.981104747056961,
            "min": 0.7171058071984185,
            "max": 0.981104747056961,
            "count": 5
        },
        "TankBehavior.Policy.GAILExpertEstimate.sum": {
            "value": 4.905523735284805,
            "min": 2.1513174215952557,
            "max": 4.905523735284805,
            "count": 5
        },
        "TankBehavior.Losses.GAILLoss.mean": {
            "value": 0.06122793314357598,
            "min": 0.06122793314357598,
            "max": 0.5422309845685959,
            "count": 5
        },
        "TankBehavior.Losses.GAILLoss.sum": {
            "value": 0.3061396657178799,
            "min": 0.3061396657178799,
            "max": 1.6266929537057877,
            "count": 5
        },
        "TankBehavior.Policy.GAILGradMagLoss.mean": {
            "value": 0.1358578035235405,
            "min": 0.1358578035235405,
            "max": 7.18447195953793,
            "count": 5
        },
        "TankBehavior.Policy.GAILGradMagLoss.sum": {
            "value": 0.6792890176177024,
            "min": 0.6792890176177024,
            "max": 21.55341587861379,
            "count": 5
        },
        "TankBehavior.Losses.PretrainingLoss.mean": {
            "value": 1.4791016360123952,
            "min": 1.4791016360123952,
            "max": 1.8135092192225983,
            "count": 5
        },
        "TankBehavior.Losses.PretrainingLoss.sum": {
            "value": 7.395508180061976,
            "min": 5.440527657667795,
            "max": 8.017734706401825,
            "count": 5
        },
        "TankBehavior.Environment.EpisodeLength.mean": {
            "value": 913.1090909090909,
            "min": 704.0972222222222,
            "max": 913.1090909090909,
            "count": 5
        },
        "TankBehavior.Environment.EpisodeLength.sum": {
            "value": 50221.0,
            "min": 27109.0,
            "max": 51253.0,
            "count": 5
        },
        "TankBehavior.Environment.CumulativeReward.mean": {
            "value": 15.298817506432533,
            "min": -265.6557067171153,
            "max": 15.298817506432533,
            "count": 5
        },
        "TankBehavior.Environment.CumulativeReward.sum": {
            "value": 841.4349628537893,
            "min": -19127.210883632302,
            "max": 841.4349628537893,
            "count": 5
        },
        "TankBehavior.Policy.ExtrinsicReward.mean": {
            "value": 15.298817506432533,
            "min": -265.6557067171153,
            "max": 15.298817506432533,
            "count": 5
        },
        "TankBehavior.Policy.ExtrinsicReward.sum": {
            "value": 841.4349628537893,
            "min": -19127.210883632302,
            "max": 841.4349628537893,
            "count": 5
        },
        "TankBehavior.Policy.GailReward.mean": {
            "value": 38.5704232131893,
            "min": 38.5704232131893,
            "max": 516.3815403995395,
            "count": 5
        },
        "TankBehavior.Policy.GailReward.sum": {
            "value": 2121.3732767254114,
            "min": 2121.3732767254114,
            "max": 16524.209292785265,
            "count": 5
        },
        "TankBehavior.IsTraining.mean": {
            "value": 1.0,
            "min": 1.0,
            "max": 1.0,
            "count": 5
        },
        "TankBehavior.IsTraining.sum": {
            "value": 1.0,
            "min": 1.0,
            "max": 1.0,
            "count": 5
        }
    },
    "metadata": {
        "timer_format_version": "0.1.0",
        "start_time_seconds": "1728881508",
        "python_version": "3.8.10 (tags/v3.8.10:3d8993a, May  3 2021, 11:48:03) [MSC v.1928 64 bit (AMD64)]",
        "command_line_arguments": "C:\\Users\\User\\Desktop\\Tank-Game-AI\\venv\\Scripts\\mlagents-learn results/Gen17/configuration.yaml --resume",
        "mlagents_version": "0.29.0",