{
    "name": "root",
    "metadata": {
        "timer_format_version": "0.1.0",
        "start_time_seconds": "1729595288",
        "python_version": "3.8.10 (tags/v3.8.10:3d8993a, May  3 2021, 11:48:03) [MSC v.1928 64 bit (AMD64)]",
        "command_line_arguments": "C:\\Users\\User\\Desktop\\Tank-Game-AI\\venv\\Scripts\\mlagents-learn config/TankConfig.yaml --initialize-from=Gen19 --run-id=Gen22a",
        "mlagents_version": "0.29.0",
        "mlagents_envs_version": "0.29.0",
        "communication_protocol_version": "1.5.0",
        "pytorch_version": "2.2.2+cu121",
        "numpy_version": "1.21.2",
        "end_time_seconds": "1729595329"
    },
    "total": 40.774986000000006,
    "count": 1,
    "self": 0.013484900000001687,
    "children": {
        "run_training.setup": {
            "total": 0.09201060000000005,
            "count": 1,
            "self": 0.09201060000000005
        },
        "TrainerController.start_learning": {
            "total": 40.6694905,
            "count": 1,
            "self": 0.0071068999999823745,
            "children": {
                "TrainerController._reset_env": {
                    "total": 29.7715793,
                    "count": 1,
                    "self": 6.722178100000001,
                    "children": {
                        "demo_to_buffer": {
                            "total": 23.0494012,
                            "count": 2,
                            "self": 0.0006774999999947795,
                            "children": {
                                "load_demonstration": {
                                    "total": 0.4578503999999999,
                                    "count": 2,
                                    "self": 0.43656070000000113,
                                    "children": {
                                        "read_file": {
                                            "total": 0.021289699999998746,
                                            "count": 2,
                                            "self": 0.021289699999998746
                                        }
                                    }
                                },
                                "make_demo_buffer": {
                                    "total": 22.590873300000002,
                                    "count": 2,
                                    "self": 3.4475877000007493,
                                    "children": {
                                        "steps_from_proto": {
                                            "total": 19.143285599999253,
                                            "count": 132200,
                                            "self": 12.268250299999979,
                                            "children": {
                                                "_process_rank_one_or_two_observation": {
                                                    "total": 6.875035299999274,
                                                    "count": 264400,
                                                    "self": 6.875035299999274
                                                }
                                            }
                                        }
                                    }
                                }
                            }
                        }
                    }
                },
                "TrainerController.advance": {
                    "total": 10.744682800000017,
                    "count": 84,
                    "self": 0.003192600000019752,
                    "children": {
                        "env_step": {
                            "total": 10.741490199999998,
                            "count": 84,
                            "self": 10.542398999999957,
                            "children": {
                                "SubprocessEnvManager._take_step": {
                                    "total": 0.1979099000000204,
                                    "count": 84,
                                    "self": 0.008904099999991644,
                                    "children": {
                                        "TorchPolicy.evaluate": {
                                            "total": 0.18900580000002876,
                                            "count": 84,
                                            "self": 0.043009200000042824,
                                            "children": {
                                                "TorchPolicy.sample_actions": {
                                                    "total": 0.14599659999998593,
                                                    "count": 84,
                                                    "self": 0.14599659999998593
                                                }
                                            }
                                        }
                                    }
                                },
                                "workers": {
                                    "total": 0.0011813000000202578,
                                    "count": 83,
                                    "self": 0.0,
                                    "children": {
                                        "worker_root": {
                                            "total": 27.628456899999986,
                                            "count": 83,
                                            "is_parallel": true,
                                            "self": 24.49856769999996,
                                            "children": {
                                                "steps_from_proto": {
                                                    "total": 0.0013883999999997343,
                                                    "count": 1,
                                                    "is_parallel": true,
                                                    "self": 0.000316800000000228,
                                                    "children": {
                                                        "_process_rank_one_or_two_observation": {
                                                            "total": 0.0010715999999995063,
                                                            "count": 2,
                                                            "is_parallel": true,
                                                            "self": 0.0010715999999995063
                                                        }
                                                    }
                                                },
                                                "UnityEnvironment.step": {
                                                    "total": 3.128500800000026,
                                                    "count": 83,
                                                    "is_parallel": true,
                                                    "self": 0.03591650000003099,
                                                    "children": {
                                                        "UnityEnvironment._generate_step_input": {
                                                            "total": 0.045643999999978035,
                                                            "count": 83,
                                                            "is_parallel": true,
                                                            "self": 0.045643999999978035
                                                        },
                                                        "communicator.exchange": {
                                                            "total": 2.940370799999993,
                                                            "count": 83,
                                                            "is_parallel": true,