{"count":1,"self":6093.6085503999993,"total":29284.803807999997,"children":{"InitializeActuators":{"count":25,"self":0.0020165,"total":0.0020165,"children":null},"InitializeSensors":{"count":25,"self":0.0040122,"total":0.0040122,"children":null},"AgentSendState":{"count":2577701,"self":51.888895999999995,"total":2466.9537594,"children":{"CollectObservations":{"count":12888525,"self":2083.7431296,"total":2083.7430786,"children":null},"WriteActionMask":{"count":12888525,"self":7.25932,"total":7.2593198999999995,"children":null},"RequestDecision":{"count":12888525,"self":33.5778624,"total":324.06246569999996,"children":{"AgentInfo.ToProto":{"count":12888525,"self":36.519535999999995,"total":290.48460209999996,"children":{"GenerateSensorData":{"count":12888525,"self":253.96505599999998,"total":253.9650653,"children":null}}}}}}},"DecideAction":{"count":2577701,"self":20328.464384,"total":20328.4646066,"children":null},"AgentAct":{"count":2577701,"self":393.2685568,"total":393.57161779999996,"children":{"AgentInfo.ToProto":{"count":7396,"self":0.054636699999999996,"total":0.3030606,"children":{"GenerateSensorData":{"count":7396,"self":0.24842389999999998,"total":0.24842389999999998,"children":null}}}}},"AgentInfo.ToProto":{"count":34673,"self":0.53312229999999994,"total":2.1980927,"children":{"GenerateSensorData":{"count":34673,"self":1.6649703999999999,"total":1.6649703999999999,"children":null}}}},"gauges":{"TankBehavior.CumulativeReward":{"count":42069,"max":1248.497,"min":-3938.41162,"runningAverage":40.3008652,"value":-0.786183953,"weightedAverage":63.31145}},"metadata":{"timer_format_version":"0.1.0","start_time_seconds":"1729000074","unity_version":"2022.3.47f1","command_line_arguments":"C:\\Program Files\\Unity\\Hub\\Editor\\2022.3.47f1\\Editor\\Unity.exe -projectpath C:\\Users\\User\\Desktop\\Tank-Game-AI -useHub -hubIPC -cloudEnvironment production -licensingIpc LicenseClient-User -hubSessionId a0a93e02-d1bc-4ef3-a9bd-9add6721c38e -accessToken sJYduUJk1jFQVqxw2gtPg4meOwp33X4M0-YvjMN81Z8011f","communication_protocol_version":"1.5.0","com.unity.ml-agents_version":"2.0.1","scene_name":"CombatTraining0","end_time_seconds":"1729029359"}}