{"count":1,"self":1235.6050943999999,"total":8624.0523891,"children":{"InitializeActuators":{"count":25,"self":0.0021864,"total":0.0021864,"children":null},"InitializeSensors":{"count":25,"self":0.0020128,"total":0.0020128,"children":null},"AgentSendState":{"count":362067,"self":7.2515567999999995,"total":449.58114919999997,"children":{"CollectObservations":{"count":1810350,"self":316.3864832,"total":316.38648309999996,"children":null},"WriteActionMask":{"count":1810350,"self":1.3071955,"total":1.3071955,"children":null},"RequestDecision":{"count":1810350,"self":4.71002,"total":124.6359138,"children":{"AgentInfo.ToProto":{"count":1810350,"self":3.8371876,"total":119.92589369999999,"children":{"GenerateSensorData":{"count":1810350,"self":116.08870399999999,"total":116.08870619999999,"children":null}}}}}}},"DecideAction":{"count":362067,"self":6883.0380031999994,"total":6883.0382495999993,"children":null},"AgentAct":{"count":362067,"self":55.3829632,"total":55.4514911,"children":{"AgentInfo.ToProto":{"count":854,"self":0.0063241,"total":0.068530399999999991,"children":{"GenerateSensorData":{"count":854,"self":0.0622063,"total":0.0622063,"children":null}}}}},"AgentInfo.ToProto":{"count":4113,"self":0.0268843,"total":0.3706584,"children":{"GenerateSensorData":{"count":4113,"self":0.34377409999999997,"total":0.34377409999999997,"children":null}}}},"gauges":{"TankBehavior.CumulativeReward":{"count":4967,"max":60.96842,"min":-254.106644,"runningAverage":-35.78297,"value":-22.961916,"weightedAverage":-62.8555145}},"metadata":{"timer_format_version":"0.1.0","start_time_seconds":"1730954497","unity_version":"2022.3.47f1","command_line_arguments":"C:\\Program Files\\Unity\\Hub\\Editor\\2022.3.47f1\\Editor\\Unity.exe -projectpath C:\\Users\\User\\Desktop\\Tank-Game-AI -useHub -hubIPC -cloudEnvironment production -licensingIpc LicenseClient-User -hubSessionId 03b911e1-b887-41ab-81cb-044f0b4f5685 -accessToken jsybYUmPUr7rzrqK7GHLIhFnKO1PP_aTFlBUmGMXsRY011f","communication_protocol_version":"1.5.0","com.unity.ml-agents_version":"2.0.1","scene_name":"CombatTraining2","end_time_seconds":"1730963121"}}