{"count":1,"self":1079.860224,"total":6272.9895208,"children":{"InitializeActuators":{"count":25,"self":0.0015731,"total":0.0015731,"children":null},"InitializeSensors":{"count":25,"self":0.0025377,"total":0.0025377,"children":null},"AgentSendState":{"count":335217,"self":6.2944163999999994,"total":400.1825971,"children":{"CollectObservations":{"count":1676100,"self":278.0233728,"total":278.02336479999997,"children":null},"WriteActionMask":{"count":1676100,"self":0.94538179999999994,"total":0.94538179999999994,"children":null},"RequestDecision":{"count":1676100,"self":4.3043119999999995,"total":114.91943409999999,"children":{"AgentInfo.ToProto":{"count":1676100,"self":3.1755698,"total":110.6151222,"children":{"GenerateSensorData":{"count":1676100,"self":107.43955199999999,"total":107.4395524,"children":null}}}}}}},"DecideAction":{"count":335217,"self":4742.8096,"total":4742.809428,"children":null},"AgentAct":{"count":335217,"self":49.445811199999994,"total":49.4847349,"children":{"AgentInfo.ToProto":{"count":429,"self":0.0020696,"total":0.0389227,"children":{"GenerateSensorData":{"count":429,"self":0.0368531,"total":0.0368531,"children":null}}}}},"AgentInfo.ToProto":{"count":7542,"self":0.0507226,"total":0.6473977,"children":{"GenerateSensorData":{"count":7542,"self":0.5966751,"total":0.5966751,"children":null}}}},"gauges":{"TankBehavior.CumulativeReward":{"count":7971,"max":75.29636,"min":-161.034164,"runningAverage":-10.5501385,"value":-22.8625412,"weightedAverage":-18.9652882}},"metadata":{"timer_format_version":"0.1.0","start_time_seconds":"1730861791","unity_version":"2022.3.47f1","command_line_arguments":"C:\\Program Files\\Unity\\Hub\\Editor\\2022.3.47f1\\Editor\\Unity.exe -projectpath C:\\Users\\User\\Desktop\\Tank-Game-AI -useHub -hubIPC -cloudEnvironment production -licensingIpc LicenseClient-User -hubSessionId f83bc235-34ea-4490-a371-d61cd020360e -accessToken 9aeRSZ7nZPgGvIEsBfSCDAiMz7bBT8FmvOJLXNO9IOQ011f","communication_protocol_version":"1.5.0","com.unity.ml-agents_version":"2.0.1","scene_name":"CombatTraining2","end_time_seconds":"1730868063"}}