{"count":1,"self":4779.6948992,"total":15015.9755429,"children":{"InitializeActuators":{"count":25,"self":0.0025464999999999997,"total":0.0025464999999999997,"children":null},"InitializeSensors":{"count":25,"self":0.0030307,"total":0.0030307,"children":null},"AgentSendState":{"count":1543501,"self":33.4252768,"total":1614.7114998,"children":{"CollectObservations":{"count":7718850,"self":1357.6210432,"total":1357.6210795,"children":null},"WriteActionMask":{"count":7718850,"self":4.7475092,"total":4.7475092,"children":null},"RequestDecision":{"count":7718850,"self":23.0070016,"total":218.91763569999998,"children":{"AgentInfo.ToProto":{"count":7718850,"self":23.793823999999997,"total":195.9106347,"children":{"GenerateSensorData":{"count":7718850,"self":172.1168128,"total":172.11681099999998,"children":null}}}}}}},"DecideAction":{"count":1543501,"self":8351.4802176,"total":8351.4799521,"children":null},"AgentAct":{"count":1543501,"self":269.4885376,"total":269.6679779,"children":{"AgentInfo.ToProto":{"count":3848,"self":0.0331184,"total":0.1794432,"children":{"GenerateSensorData":{"count":3848,"self":0.1463248,"total":0.1463248,"children":null}}}}},"AgentInfo.ToProto":{"count":7109,"self":0.082398699999999991,"total":0.414134,"children":{"GenerateSensorData":{"count":7109,"self":0.3317353,"total":0.3317353,"children":null}}}},"gauges":{"TankBehavior.CumulativeReward":{"count":10957,"max":2741.65576,"min":-2380.56177,"runningAverage":550.8107,"value":1014.15546,"weightedAverage":720.6611}},"metadata":{"timer_format_version":"0.1.0","start_time_seconds":"1729261092","unity_version":"2022.3.47f1","command_line_arguments":"C:\\Program Files\\Unity\\Hub\\Editor\\2022.3.47f1\\Editor\\Unity.exe -projectpath C:\\Users\\User\\Desktop\\Tank-Game-AI -useHub -hubIPC -cloudEnvironment production -licensingIpc LicenseClient-User -hubSessionId 0c968ed2-c3e7-4226-aaa6-ad681b928eac -accessToken y5OgD5XoXXa9KErf5IvPZDOUDvfq7ZnyuoNd_Z6fbls011f","communication_protocol_version":"1.5.0","com.unity.ml-agents_version":"2.0.1","scene_name":"CombatTraining0","end_time_seconds":"1729276108"}}