{"count":1,"self":9417.6960511999987,"total":31583.062507299997,"children":{"InitializeActuators":{"count":25,"self":0.002568,"total":0.002568,"children":null},"InitializeSensors":{"count":25,"self":0.0025480999999999998,"total":0.0025480999999999998,"children":null},"AgentSendState":{"count":2168567,"self":42.6408096,"total":2024.5726535,"children":{"CollectObservations":{"count":10842850,"self":1734.326272,"total":1734.3262800999998,"children":null},"WriteActionMask":{"count":10842850,"self":7.1017335999999993,"total":7.1017335,"children":null},"RequestDecision":{"count":10842850,"self":27.834684799999998,"total":240.50383069999998,"children":{"AgentInfo.ToProto":{"count":10842850,"self":21.3461408,"total":212.66914659999998,"children":{"GenerateSensorData":{"count":10842850,"self":191.323008,"total":191.3230064,"children":null}}}}}}},"DecideAction":{"count":2168567,"self":19818.4648704,"total":19818.464239099998,"children":null},"AgentAct":{"count":2168567,"self":321.5600128,"total":321.97336459999997,"children":{"AgentInfo.ToProto":{"count":9262,"self":0.066491399999999992,"total":0.41335859999999996,"children":{"GenerateSensorData":{"count":9262,"self":0.3468672,"total":0.3468672,"children":null}}}}},"AgentInfo.ToProto":{"count":6942,"self":0.0940341,"total":0.35021739999999996,"children":{"GenerateSensorData":{"count":6942,"self":0.2561833,"total":0.2561833,"children":null}}}},"gauges":{"TankBehavior.CumulativeReward":{"count":16204,"max":4200.49756,"min":-6977.43457,"runningAverage":217.965775,"value":904.2002,"weightedAverage":203.03096}},"metadata":{"timer_format_version":"0.1.0","start_time_seconds":"1730986679","unity_version":"2022.3.47f1","command_line_arguments":"C:\\Program Files\\Unity\\Hub\\Editor\\2022.3.47f1\\Editor\\Unity.exe -projectpath C:\\Users\\User\\Desktop\\Tank-Game-AI -useHub -hubIPC -cloudEnvironment production -licensingIpc LicenseClient-User -hubSessionId 024b19c6-4506-4f3c-bdd6-ecb3e859d559 -accessToken xtiA1TbECMJWBiweD_MfdoVXnCjc8KaTZ-jNPRFgZzs011f","communication_protocol_version":"1.5.0","com.unity.ml-agents_version":"2.0.1","scene_name":"CombatTraining2","end_time_seconds":"1731018262"}}