{"count":1,"self":957.4659072,"total":5039.3518165999994,"children":{"InitializeActuators":{"count":25,"self":0.0025675999999999997,"total":0.0025675999999999997,"children":null},"InitializeSensors":{"count":25,"self":0.0025054,"total":0.0025054,"children":null},"AgentSendState":{"count":348884,"self":6.7021108,"total":332.2151403,"children":{"CollectObservations":{"count":1744425,"self":285.8398464,"total":285.8398499,"children":null},"WriteActionMask":{"count":1744425,"self":0.9389449,"total":0.9389449,"children":null},"RequestDecision":{"count":1744425,"self":4.5850732,"total":38.7342346,"children":{"AgentInfo.ToProto":{"count":1744425,"self":3.4161192,"total":34.1491614,"children":{"GenerateSensorData":{"count":1744425,"self":30.733043199999997,"total":30.733042299999997,"children":null}}}}}}},"DecideAction":{"count":348884,"self":3695.8355456,"total":3695.8354408,"children":null},"AgentAct":{"count":348884,"self":53.487603199999995,"total":53.488127899999995,"children":{"AgentInfo.ToProto":{"count":26,"self":0.00052629999999999994,"total":0.00052629999999999994,"children":{"GenerateSensorData":{"count":26,"self":0,"total":0,"children":null}}}}},"AgentInfo.ToProto":{"count":6391,"self":0.0915757,"total":0.33998429999999996,"children":{"GenerateSensorData":{"count":6391,"self":0.24840859999999998,"total":0.24840859999999998,"children":null}}}},"gauges":{"TankBehavior.CumulativeReward":{"count":6417,"max":1461.8302,"min":-3163.40039,"runningAverage":511.256317,"value":523.331238,"weightedAverage":637.4055}},"metadata":{"timer_format_version":"0.1.0","start_time_seconds":"1730175627","unity_version":"2022.3.47f1","command_line_arguments":"C:\\Program Files\\Unity\\Hub\\Editor\\2022.3.47f1\\Editor\\Unity.exe -projectpath C:\\Users\\User\\Desktop\\Tank-Game-AI -useHub -hubIPC -cloudEnvironment production -licensingIpc LicenseClient-User -hubSessionId 2fa62821-31c3-49b4-b224-b899df44c7f8 -accessToken XCmFVkzQrx6RsqaoDaxfwDk-ful4jnOfcxNZqtXW77Q011f","communication_protocol_version":"1.5.0","com.unity.ml-agents_version":"2.0.1","scene_name":"CombatTraining0","end_time_seconds":"1730180667"}}