{"count":1,"self":1497.2957695999999,"total":2092.0201303999997,"children":{"InitializeActuators":{"count":9,"self":0.0016127,"total":0.0016127,"children":null},"InitializeSensors":{"count":9,"self":0.0015749,"total":0.0015749,"children":null},"AgentSendState":{"count":252801,"self":2.0918186,"total":37.413215699999995,"children":{"CollectObservations":{"count":455049,"self":28.831664,"total":28.831664399999998,"children":null},"WriteActionMask":{"count":455049,"self":0.24785079999999998,"total":0.24785079999999998,"children":null},"RequestDecision":{"count":455049,"self":1.3444884,"total":6.2418819,"children":{"AgentInfo.ToProto":{"count":455049,"self":1.4884191999999998,"total":4.8973935,"children":{"GenerateSensorData":{"count":455049,"self":3.4089744,"total":3.4089742999999997,"children":null}}}}}}},"DecideAction":{"count":252801,"self":536.04526079999994,"total":536.0452824,"children":null},"AgentAct":{"count":252801,"self":21.2339648,"total":21.2390866,"children":{"AgentInfo.ToProto":{"count":184,"self":0.001856,"total":0.0051218999999999995,"children":{"GenerateSensorData":{"count":184,"self":0.0032659,"total":0.0032659,"children":null}}}}},"AgentInfo.ToProto":{"count":903,"self":0.0097298,"total":0.022079599999999998,"children":{"GenerateSensorData":{"count":903,"self":0.0123498,"total":0.0123498,"children":null}}}},"gauges":{"TankBehavior.CumulativeReward":{"count":1087,"max":3631.396,"min":-2338.995,"runningAverage":1069.76233,"value":543.5875,"weightedAverage":753.285645}},"metadata":{"timer_format_version":"0.1.0","start_time_seconds":"1732542073","unity_version":"2022.3.47f1","command_line_arguments":"C:\\Program Files\\Unity\\Hub\\Editor\\2022.3.47f1\\Editor\\Unity.exe -projectpath C:\\Users\\User\\Desktop\\Tank-Game-AI -useHub -hubIPC -cloudEnvironment production -licensingIpc LicenseClient-User -hubSessionId 582e736f-00a1-45fe-91a1-39ad2ec148ea -accessToken p4rGq_k0GqhOwY-uvMwqorAnClv-ABKw8pd1bIrBx_c011f","communication_protocol_version":"1.5.0","com.unity.ml-agents_version":"2.0.1","scene_name":"CombatTrainingMedium","end_time_seconds":"1732544165"}}