{"count":1,"self":2.5420377999999997,"total":4.4308505,"children":{"InitializeActuators":{"count":25,"self":0.0025499999999999997,"total":0.0025499999999999997,"children":null},"InitializeSensors":{"count":25,"self":0.0033539999999999998,"total":0.0033539999999999998,"children":null},"AgentSendState":{"count":234,"self":0.0030226,"total":0.2076015,"children":{"CollectObservations":{"count":1175,"self":0.16069809999999998,"total":0.16069809999999998,"children":null},"WriteActionMask":{"count":1175,"self":0.0015061999999999999,"total":0.0015061999999999999,"children":null},"RequestDecision":{"count":1175,"self":0.0121852,"total":0.0423746,"children":{"AgentInfo.ToProto":{"count":1175,"self":0.0020794,"total":0.030189399999999998,"children":{"GenerateSensorData":{"count":1175,"self":0.02811,"total":0.02811,"children":null}}}}}}},"DecideAction":{"count":234,"self":1.6312392,"total":1.6312392,"children":null},"AgentAct":{"count":234,"self":0.0423924,"total":0.0423924,"children":null}},"gauges":{},"metadata":{"timer_format_version":"0.1.0","start_time_seconds":"1729218459","unity_version":"2022.3.47f1","command_line_arguments":"C:\\Program Files\\Unity\\Hub\\Editor\\2022.3.47f1\\Editor\\Unity.exe -projectpath C:\\Users\\User\\Desktop\\Tank-Game-AI -useHub -hubIPC -cloudEnvironment production -licensingIpc LicenseClient-User -hubSessionId b5c3f763-e818-4b32-b678-51cda03d1b88 -accessToken eJYgWd1Ui8dHhmK_x12NfpJYx6f7Ic9iuqYA7r11G0Q011f","communication_protocol_version":"1.5.0","com.unity.ml-agents_version":"2.0.1","scene_name":"CombatTraining0","end_time_seconds":"1729218463"}}