{"count":1,"self":8393.736192,"total":34886.2190899,"children":{"InitializeActuators":{"count":25,"self":0.0030837,"total":0.0030837,"children":null},"InitializeSensors":{"count":25,"self":0.0035377,"total":0.0035377,"children":null},"AgentSendState":{"count":2508534,"self":54.1655424,"total":2548.1533036,"children":{"CollectObservations":{"count":12542675,"self":2148.83328,"total":2148.8332617,"children":null},"WriteActionMask":{"count":12542675,"self":8.6166152,"total":8.6166149,"children":null},"RequestDecision":{"count":12542675,"self":35.375104,"total":336.53788249999997,"children":{"AgentInfo.ToProto":{"count":12542675,"self":36.7971936,"total":301.1627777,"children":{"GenerateSensorData":{"count":12542675,"self":264.3655936,"total":264.3655827,"children":null}}}}}}},"DecideAction":{"count":2508534,"self":23515.373568,"total":23515.373968699998,"children":null},"AgentAct":{"count":2508534,"self":428.1211136,"total":428.64578309999996,"children":{"AgentInfo.ToProto":{"count":10887,"self":0.10536609999999999,"total":0.5246798,"children":{"GenerateSensorData":{"count":10887,"self":0.41931369999999996,"total":0.41931369999999996,"children":null}}}}},"AgentInfo.ToProto":{"count":5812,"self":0.07270059999999999,"total":0.3018011,"children":{"GenerateSensorData":{"count":5812,"self":0.22910049999999998,"total":0.22910049999999998,"children":null}}}},"gauges":{"TankBehavior.CumulativeReward":{"count":16699,"max":1141.98865,"min":-2238.28735,"runningAverage":387.137024,"value":-52.6929741,"weightedAverage":296.4059}},"metadata":{"timer_format_version":"0.1.0","start_time_seconds":"1729949217","unity_version":"2022.3.47f1","command_line_arguments":"C:\\Program Files\\Unity\\Hub\\Editor\\2022.3.47f1\\Editor\\Unity.exe -projectpath C:\\Users\\User\\Desktop\\Tank-Game-AI -useHub -hubIPC -cloudEnvironment production -licensingIpc LicenseClient-User -hubSessionId 51879601-ce07-40c3-a8e6-8baede0425e0 -accessToken IzOCRavoMp4B6F0AgfeXhoEq1wssmDN91XW8wcr9Tkk011f","communication_protocol_version":"1.5.0","com.unity.ml-agents_version":"2.0.1","scene_name":"CombatTraining0","end_time_seconds":"1729984103"}}