{"count":1,"self":3.0678739999999998,"total":28.6592813,"children":{"InitializeActuators":{"count":25,"self":0.0025325,"total":0.0025325,"children":null},"InitializeSensors":{"count":25,"self":0.0025664999999999998,"total":0.0025664999999999998,"children":null},"AgentSendState":{"count":267,"self":0.0055517,"total":0.1954773,"children":{"CollectObservations":{"count":1350,"self":0.1569594,"total":0.1569594,"children":null},"WriteActionMask":{"count":1350,"self":0.00090529999999999994,"total":0.00090529999999999994,"children":null},"RequestDecision":{"count":1350,"self":0.0112216,"total":0.032060899999999996,"children":{"AgentInfo.ToProto":{"count":1350,"self":0.0020047,"total":0.020839299999999998,"children":{"GenerateSensorData":{"count":1350,"self":0.0188346,"total":0.0188346,"children":null}}}}}}},"DecideAction":{"count":267,"self":25.3475088,"total":25.3475084,"children":null},"AgentAct":{"count":267,"self":0.041804299999999996,"total":0.041804299999999996,"children":null}},"gauges":{},"metadata":{"timer_format_version":"0.1.0","start_time_seconds":"1729638600","unity_version":"2022.3.47f1","command_line_arguments":"C:\\Program Files\\Unity\\Hub\\Editor\\2022.3.47f1\\Editor\\Unity.exe -projectpath C:\\Users\\User\\Desktop\\Tank-Game-AI -useHub -hubIPC -cloudEnvironment production -licensingIpc LicenseClient-User -hubSessionId 04996433-a4fd-418d-8ca5-91f97cec9d09 -accessToken tf649kAnnD_76XzgNNQj-bxu2ms1L1P9PdITr7fDHEk011f","communication_protocol_version":"1.5.0","com.unity.ml-agents_version":"2.0.1","scene_name":"CombatTraining0","end_time_seconds":"1729638628"}}