{"count":1,"self":78.33532799999999,"total":412.3446244,"children":{"InitializeActuators":{"count":25,"self":0.0013890999999999999,"total":0.0013890999999999999,"children":null},"InitializeSensors":{"count":25,"self":0.0019979999999999998,"total":0.0019979999999999998,"children":null},"AgentSendState":{"count":22651,"self":0.54437079999999993,"total":23.455038599999998,"children":{"CollectObservations":{"count":113275,"self":19.503611199999998,"total":19.5036117,"children":null},"WriteActionMask":{"count":113275,"self":0.0813578,"total":0.0813578,"children":null},"RequestDecision":{"count":113275,"self":0.35075249999999997,"total":3.3256983,"children":{"AgentInfo.ToProto":{"count":113275,"self":0.3718795,"total":2.9749458,"children":{"GenerateSensorData":{"count":113275,"self":2.6030664,"total":2.6030663,"children":null}}}}}}},"DecideAction":{"count":22651,"self":306.65152,"total":306.6515222,"children":null},"AgentAct":{"count":22651,"self":3.8947984,"total":3.8968613,"children":{"AgentInfo.ToProto":{"count":89,"self":0,"total":0.0020628,"children":{"GenerateSensorData":{"count":89,"self":0.0020628,"total":0.0020628,"children":null}}}}},"AgentInfo.ToProto":{"count":38,"self":0,"total":0.0014403999999999999,"children":{"GenerateSensorData":{"count":38,"self":0.0014403999999999999,"total":0.0014403999999999999,"children":null}}}},"gauges":{"TankBehavior.CumulativeReward":{"count":127,"max":1356.6073,"min":-1401.03381,"runningAverage":131.7827,"value":-3.35500145,"weightedAverage":222.946274}},"metadata":{"timer_format_version":"0.1.0","start_time_seconds":"1729141737","unity_version":"2022.3.47f1","command_line_arguments":"C:\\Program Files\\Unity\\Hub\\Editor\\2022.3.47f1\\Editor\\Unity.exe -projectpath C:\\Users\\User\\Desktop\\Tank-Game-AI -useHub -hubIPC -cloudEnvironment production -licensingIpc LicenseClient-User -hubSessionId 58980a0f-279b-4aaf-adf6-7e58ace5ef56 -accessToken D3fwVeMVqYVOW2VH1y8GBPXlgqWl8j0ci_RSDToqjUY011f","communication_protocol_version":"1.5.0","com.unity.ml-agents_version":"2.0.1","scene_name":"CombatTraining0","end_time_seconds":"1729142150"}}