{"count":1,"self":668.0625152,"total":2071.0491443,"children":{"InitializeActuators":{"count":25,"self":0.0026062999999999998,"total":0.0026062999999999998,"children":null},"InitializeSensors":{"count":25,"self":0.0019079,"total":0.0019079,"children":null},"AgentSendState":{"count":214584,"self":4.700222,"total":219.8956163,"children":{"CollectObservations":{"count":1073125,"self":184.92154879999998,"total":184.9215509,"children":null},"WriteActionMask":{"count":1073125,"self":0.7934789,"total":0.7934789,"children":null},"RequestDecision":{"count":1073125,"self":2.907828,"total":29.4803644,"children":{"AgentInfo.ToProto":{"count":1073125,"self":3.2697276,"total":26.572536399999997,"children":{"GenerateSensorData":{"count":1073125,"self":23.302808,"total":23.3028087,"children":null}}}}}}},"DecideAction":{"count":214584,"self":1145.8952192,"total":1145.8951828,"children":null},"AgentAct":{"count":214584,"self":37.095664,"total":37.1259164,"children":{"AgentInfo.ToProto":{"count":488,"self":0.0038545999999999997,"total":0.0302513,"children":{"GenerateSensorData":{"count":488,"self":0.0263967,"total":0.0263967,"children":null}}}}},"AgentInfo.ToProto":{"count":1139,"self":0.0166779,"total":0.064344,"children":{"GenerateSensorData":{"count":1139,"self":0.047666099999999996,"total":0.047666099999999996,"children":null}}}},"gauges":{"TankBehavior.CumulativeReward":{"count":1627,"max":2391.41772,"min":-104.362877,"runningAverage":537.4193,"value":-17.1504822,"weightedAverage":351.023132}},"metadata":{"timer_format_version":"0.1.0","start_time_seconds":"1729325931","unity_version":"2022.3.47f1","command_line_arguments":"C:\\Program Files\\Unity\\Hub\\Editor\\2022.3.47f1\\Editor\\Unity.exe -projectpath C:\\Users\\User\\Desktop\\Tank-Game-AI -useHub -hubIPC -cloudEnvironment production -licensingIpc LicenseClient-User -hubSessionId 1f9a8a06-7f4a-466f-bbf9-fa5a19c00788 -accessToken 4SGXCczwDM3GjuJ429YzNhUBXoXSnuePsBjPsLCekH4011f","communication_protocol_version":"1.5.0","com.unity.ml-agents_version":"2.0.1","scene_name":"CombatTraining0","end_time_seconds":"1729328002"}}