{"count":1,"self":18579.0021632,"total":32685.025534599998,"children":{"InitializeActuators":{"count":25,"self":0.0015929,"total":0.0015929,"children":null},"InitializeSensors":{"count":25,"self":0.0042447,"total":0.0042447,"children":null},"AgentSendState":{"count":1235384,"self":24.5254768,"total":1177.9750328,"children":{"CollectObservations":{"count":6176925,"self":1011.3344512,"total":1011.3344387,"children":null},"WriteActionMask":{"count":6176925,"self":3.5311912,"total":3.5311912999999997,"children":null},"RequestDecision":{"count":6176925,"self":16.1642768,"total":138.5839254,"children":{"AgentInfo.ToProto":{"count":6176925,"self":13.3314864,"total":122.4196482,"children":{"GenerateSensorData":{"count":6176925,"self":109.08816639999999,"total":109.08816209999999,"children":null}}}}}}},"DecideAction":{"count":1235384,"self":12730.3794688,"total":12730.379556599999,"children":null},"AgentAct":{"count":1235384,"self":195.265152,"total":195.36405349999998,"children":{"AgentInfo.ToProto":{"count":1995,"self":0.0217669,"total":0.0988995,"children":{"GenerateSensorData":{"count":1995,"self":0.0771326,"total":0.0771326,"children":null}}}}},"AgentInfo.ToProto":{"count":63886,"self":0.46310769999999996,"total":2.2975098,"children":{"GenerateSensorData":{"count":63886,"self":1.8344019999999999,"total":1.8344021,"children":null}}}},"gauges":{"TankBehavior.CumulativeReward":{"count":65881,"max":3167.21973,"min":-3137.14771,"runningAverage":70.28881,"value":-169.197372,"weightedAverage":231.0589}},"metadata":{"timer_format_version":"0.1.0","start_time_seconds":"1730380252","unity_version":"2022.3.47f1","command_line_arguments":"C:\\Program Files\\Unity\\Hub\\Editor\\2022.3.47f1\\Editor\\Unity.exe -projectpath C:\\Users\\User\\Desktop\\Tank-Game-AI -useHub -hubIPC -cloudEnvironment production -licensingIpc LicenseClient-User -hubSessionId 4ab07f22-f5c1-4679-80fd-07f91a2f5a2b -accessToken 0z83uQaLDgbcrgRmgLAuQyouhx95LaauyDNaCZ-vGSI011f","communication_protocol_version":"1.5.0","com.unity.ml-agents_version":"2.0.1","scene_name":"CombatTraining2","end_time_seconds":"1730412936"}}