{"count":1,"self":1788.1481216,"total":6131.7254226,"children":{"InitializeActuators":{"count":25,"self":0.0020155,"total":0.0020155,"children":null},"InitializeSensors":{"count":25,"self":0.0043143999999999995,"total":0.0043143999999999995,"children":null},"AgentSendState":{"count":405084,"self":8.3709256,"total":375.5300134,"children":{"CollectObservations":{"count":2025425,"self":318.46141439999997,"total":318.4614214,"children":null},"WriteActionMask":{"count":2025425,"self":1.2736595,"total":1.2736595,"children":null},"RequestDecision":{"count":2025425,"self":5.3273487999999993,"total":47.4240066,"children":{"AgentInfo.ToProto":{"count":2025425,"self":4.4770004,"total":42.096658,"children":{"GenerateSensorData":{"count":2025425,"self":37.6196576,"total":37.619657499999995,"children":null}}}}}}},"DecideAction":{"count":405084,"self":3907.8338559999997,"total":3907.8338375,"children":null},"AgentAct":{"count":405084,"self":59.9634368,"total":60.0120983,"children":{"AgentInfo.ToProto":{"count":1170,"self":0.0092883999999999987,"total":0.048660999999999996,"children":{"GenerateSensorData":{"count":1170,"self":0.0393726,"total":0.0393726,"children":null}}}}},"AgentInfo.ToProto":{"count":3506,"self":0.0463072,"total":0.1929942,"children":{"GenerateSensorData":{"count":3506,"self":0.14668699999999998,"total":0.14668699999999998,"children":null}}}},"gauges":{"TankBehavior.CumulativeReward":{"count":4676,"max":5179.1,"min":-6916.7666,"runningAverage":97.000206,"value":-79.3748245,"weightedAverage":-0.257861137}},"metadata":{"timer_format_version":"0.1.0","start_time_seconds":"1730346624","unity_version":"2022.3.47f1","command_line_arguments":"C:\\Program Files\\Unity\\Hub\\Editor\\2022.3.47f1\\Editor\\Unity.exe -projectpath C:\\Users\\User\\Desktop\\Tank-Game-AI -useHub -hubIPC -cloudEnvironment production -licensingIpc LicenseClient-User -hubSessionId f4709cc1-b08c-4276-8c88-82adfb7a28a2 -accessToken aQAxTU19ger9wfGNu4GPNrBgSuMhBGcfBsWs-lX25nc011f","communication_protocol_version":"1.5.0","com.unity.ml-agents_version":"2.0.1","scene_name":"CombatTraining2","end_time_seconds":"1730352756"}}