{"count":1,"self":873.4922752,"total":1149.6202160999999,"children":{"InitializeActuators":{"count":9,"self":0.0018502999999999998,"total":0.0018502999999999998,"children":null},"InitializeSensors":{"count":9,"self":0.0024067999999999997,"total":0.0024067999999999997,"children":null},"AgentSendState":{"count":117934,"self":1.2890816,"total":20.4797488,"children":{"CollectObservations":{"count":212283,"self":15.2429808,"total":15.242980099999999,"children":null},"WriteActionMask":{"count":212283,"self":0.155381,"total":0.155381,"children":null},"RequestDecision":{"count":212283,"self":0.8279801,"total":3.7923061,"children":{"AgentInfo.ToProto":{"count":212283,"self":0.9204331,"total":2.964326,"children":{"GenerateSensorData":{"count":212283,"self":2.0438928,"total":2.0438929,"children":null}}}}}}},"DecideAction":{"count":117934,"self":243.89501439999998,"total":243.8950037,"children":null},"AgentAct":{"count":117934,"self":11.726979199999999,"total":11.731879099999999,"children":{"AgentInfo.ToProto":{"count":95,"self":0.0005068,"total":0.0048997,"children":{"GenerateSensorData":{"count":95,"self":0.0043929,"total":0.0043929,"children":null}}}}},"AgentInfo.ToProto":{"count":386,"self":0.0071297,"total":0.015009,"children":{"GenerateSensorData":{"count":386,"self":0.0078792999999999988,"total":0.0078792999999999988,"children":null}}}},"gauges":{"TankBehavior.CumulativeReward":{"count":481,"max":2243.421,"min":-6980.666,"runningAverage":-277.270874,"value":380.412964,"weightedAverage":544.04126}},"metadata":{"timer_format_version":"0.1.0","start_time_seconds":"1732516735","unity_version":"2022.3.47f1","command_line_arguments":"C:\\Program Files\\Unity\\Hub\\Editor\\2022.3.47f1\\Editor\\Unity.exe -projectpath C:\\Users\\User\\Desktop\\Tank-Game-AI -useHub -hubIPC -cloudEnvironment production -licensingIpc LicenseClient-User -hubSessionId c9bccd22-070f-42e8-94db-dea694acf776 -accessToken aW08tm0RQF8cbX_1133i2cvSefkEzVeaFzhlUxNKYKk011f","communication_protocol_version":"1.5.0","com.unity.ml-agents_version":"2.0.1","scene_name":"CombatTrainingMedium","end_time_seconds":"1732517885"}}