{"count":1,"self":731.45077759999992,"total":2192.4614652,"children":{"InitializeActuators":{"count":25,"self":0.0025282,"total":0.0025282,"children":null},"InitializeSensors":{"count":25,"self":0.0030004,"total":0.0030004,"children":null},"AgentSendState":{"count":226484,"self":5.0280168,"total":231.62597079999998,"children":{"CollectObservations":{"count":1132600,"self":194.2403072,"total":194.24030869999999,"children":null},"WriteActionMask":{"count":1132600,"self":0.7107967,"total":0.7107967,"children":null},"RequestDecision":{"count":1132600,"self":3.4491668,"total":31.6468484,"children":{"AgentInfo.ToProto":{"count":1132600,"self":3.4193287999999997,"total":28.197681499999998,"children":{"GenerateSensorData":{"count":1132600,"self":24.778351999999998,"total":24.7783528,"children":null}}}}}}},"DecideAction":{"count":226484,"self":1190.0356608,"total":1190.0356875,"children":null},"AgentAct":{"count":226484,"self":39.2877152,"total":39.3240999,"children":{"AgentInfo.ToProto":{"count":821,"self":0.0131156,"total":0.0363856,"children":{"GenerateSensorData":{"count":821,"self":0.02327,"total":0.02327,"children":null}}}}},"AgentInfo.ToProto":{"count":373,"self":0.0033506,"total":0.018423699999999998,"children":{"GenerateSensorData":{"count":373,"self":0.015073099999999999,"total":0.015073099999999999,"children":null}}}},"gauges":{"TankBehavior.CumulativeReward":{"count":1194,"max":1691.84473,"min":-834.1008,"runningAverage":204.051544,"value":852.750366,"weightedAverage":527.0854}},"metadata":{"timer_format_version":"0.1.0","start_time_seconds":"1729218780","unity_version":"2022.3.47f1","command_line_arguments":"C:\\Program Files\\Unity\\Hub\\Editor\\2022.3.47f1\\Editor\\Unity.exe -projectpath C:\\Users\\User\\Desktop\\Tank-Game-AI -useHub -hubIPC -cloudEnvironment production -licensingIpc LicenseClient-User -hubSessionId b5c3f763-e818-4b32-b678-51cda03d1b88 -accessToken eJYgWd1Ui8dHhmK_x12NfpJYx6f7Ic9iuqYA7r11G0Q011f","communication_protocol_version":"1.5.0","com.unity.ml-agents_version":"2.0.1","scene_name":"CombatTraining0","end_time_seconds":"1729220972"}}