{"count":1,"self":2412.205056,"total":3804.5214032999997,"children":{"InitializeActuators":{"count":9,"self":0.0020017999999999998,"total":0.0020017999999999998,"children":null},"InitializeSensors":{"count":9,"self":0.0020111,"total":0.0020111,"children":null},"AgentSendState":{"count":54884,"self":0.79490889999999992,"total":1297.4441242,"children":{"CollectObservations":{"count":98793,"self":1294.7270655999998,"total":1294.7270712,"children":null},"WriteActionMask":{"count":98793,"self":0.1148139,"total":0.1148139,"children":null},"RequestDecision":{"count":98793,"self":0.60897059999999992,"total":1.8073302,"children":{"AgentInfo.ToProto":{"count":98793,"self":0.3458195,"total":1.1983595999999999,"children":{"GenerateSensorData":{"count":98793,"self":0.85254009999999991,"total":0.85254009999999991,"children":null}}}}}}},"DecideAction":{"count":54884,"self":91.3642752,"total":91.3642776,"children":null},"AgentAct":{"count":54884,"self":3.4910259999999997,"total":3.4910259,"children":null},"AgentInfo.ToProto":{"count":386,"self":0.0036775999999999996,"total":0.0118897,"children":{"GenerateSensorData":{"count":386,"self":0.0082121,"total":0.0082121,"children":null}}}},"gauges":{"TankBehavior.CumulativeReward":{"count":386,"max":99.97178,"min":-420.9004,"runningAverage":-10.1434441,"value":56.46402,"weightedAverage":-2.771379}},"metadata":{"timer_format_version":"0.1.0","start_time_seconds":"1731565761","unity_version":"2022.3.47f1","command_line_arguments":"C:\\Program Files\\Unity\\Hub\\Editor\\2022.3.47f1\\Editor\\Unity.exe -projectpath C:\\Users\\User\\Desktop\\Tank-Game-AI -useHub -hubIPC -cloudEnvironment production -licensingIpc LicenseClient-User -hubSessionId d646cf0c-d9f2-4e89-b98e-7dda7a43d7a9 -accessToken bZ2QTzZOyj0UIore9UtqGorWOqRzndslgeR6_uuCI9M011f","communication_protocol_version":"1.5.0","com.unity.ml-agents_version":"2.0.1","scene_name":"CombatTrainingMedium","end_time_seconds":"1731569566"}}