{"count":1,"self":1396.9775616,"total":1542.9192091999998,"children":{"InitializeActuators":{"count":9,"self":0.0029996999999999997,"total":0.0029996999999999997,"children":null},"InitializeSensors":{"count":9,"self":0.0025331999999999998,"total":0.0025331999999999998,"children":null},"AgentSendState":{"count":10701,"self":0.1274644,"total":125.9444159,"children":{"CollectObservations":{"count":19269,"self":125.4856576,"total":125.4856628,"children":null},"WriteActionMask":{"count":19269,"self":0.0123658,"total":0.0123658,"children":null},"RequestDecision":{"count":19269,"self":0.1071143,"total":0.3189229,"children":{"AgentInfo.ToProto":{"count":19269,"self":0.0510833,"total":0.21180859999999999,"children":{"GenerateSensorData":{"count":19269,"self":0.1607253,"total":0.1607253,"children":null}}}}}}},"DecideAction":{"count":10701,"self":19.096928,"total":19.0969276,"children":null},"AgentAct":{"count":10701,"self":0.8911096,"total":0.8911096,"children":null},"AgentInfo.ToProto":{"count":133,"self":0.0015478999999999998,"total":0.0026376999999999998,"children":{"GenerateSensorData":{"count":133,"self":0.0010898,"total":0.0010898,"children":null}}}},"gauges":{"TankBehavior.CumulativeReward":{"count":133,"max":203.765274,"min":0.031414032,"runningAverage":84.16094,"value":101.009132,"weightedAverage":104.680962}},"metadata":{"timer_format_version":"0.1.0","start_time_seconds":"1731903712","unity_version":"2022.3.47f1","command_line_arguments":"C:\\Program Files\\Unity\\Hub\\Editor\\2022.3.47f1\\Editor\\Unity.exe -projectpath C:\\Users\\User\\Desktop\\Tank-Game-AI -useHub -hubIPC -cloudEnvironment production -licensingIpc LicenseClient-User -hubSessionId eeea9e6e-1626-4b60-846c-b5f01561c58e -accessToken nreuc8BPjmNhdx3sostj_U60iN3S101xy6wkyYL0Lm8011f","communication_protocol_version":"1.5.0","com.unity.ml-agents_version":"2.0.1","scene_name":"CombatTrainingMedium","end_time_seconds":"1731905254"}}