{"count":1,"self":361.2524032,"total":1092.5294127,"children":{"InitializeActuators":{"count":25,"self":0.00097089999999999991,"total":0.00097089999999999991,"children":null},"InitializeSensors":{"count":25,"self":0.0015317999999999998,"total":0.0015317999999999998,"children":null},"AgentSendState":{"count":113067,"self":2.5696322,"total":115.49912979999999,"children":{"CollectObservations":{"count":565450,"self":96.9306816,"total":96.9306819,"children":null},"WriteActionMask":{"count":565450,"self":0.3615062,"total":0.3615062,"children":null},"RequestDecision":{"count":565450,"self":1.6795457999999999,"total":15.637309499999999,"children":{"AgentInfo.ToProto":{"count":565450,"self":1.7000916,"total":13.9577637,"children":{"GenerateSensorData":{"count":565450,"self":12.257672,"total":12.257672,"children":null}}}}}}},"DecideAction":{"count":113067,"self":595.788288,"total":595.7882629,"children":null},"AgentAct":{"count":113067,"self":19.9596688,"total":19.9701912,"children":{"AgentInfo.ToProto":{"count":371,"self":0.0010724,"total":0.010522199999999999,"children":{"GenerateSensorData":{"count":371,"self":0.0094498,"total":0.0094498,"children":null}}}}},"AgentInfo.ToProto":{"count":263,"self":0.0030857999999999997,"total":0.0163803,"children":{"GenerateSensorData":{"count":263,"self":0.013294499999999999,"total":0.013294499999999999,"children":null}}}},"gauges":{"TankBehavior.CumulativeReward":{"count":634,"max":2100.15723,"min":-160.218689,"runningAverage":461.665344,"value":758.5982,"weightedAverage":659.7718}},"metadata":{"timer_format_version":"0.1.0","start_time_seconds":"1729233081","unity_version":"2022.3.47f1","command_line_arguments":"C:\\Program Files\\Unity\\Hub\\Editor\\2022.3.47f1\\Editor\\Unity.exe -projectpath C:\\Users\\User\\Desktop\\Tank-Game-AI -useHub -hubIPC -cloudEnvironment production -licensingIpc LicenseClient-User -hubSessionId b5c3f763-e818-4b32-b678-51cda03d1b88 -accessToken duW3cqBKT1i93OiO7oVYDRvuMrbMDc7x9YB7L_OeAbE011f","communication_protocol_version":"1.5.0","com.unity.ml-agents_version":"2.0.1","scene_name":"CombatTraining0","end_time_seconds":"1729234174"}}