{"count":1,"self":1405.3722112,"total":4877.1264354999994,"children":{"InitializeActuators":{"count":25,"self":0.0033458,"total":0.0033458,"children":null},"InitializeSensors":{"count":25,"self":0.0025856,"total":0.0025856,"children":null},"AgentSendState":{"count":427484,"self":9.0733591999999987,"total":414.5133254,"children":{"CollectObservations":{"count":2137425,"self":348.4867584,"total":348.4867481,"children":null},"WriteActionMask":{"count":2137425,"self":1.3678861999999998,"total":1.3678861999999998,"children":null},"RequestDecision":{"count":2137425,"self":5.7963948,"total":55.585332099999995,"children":{"AgentInfo.ToProto":{"count":2137425,"self":5.9678344,"total":49.7889373,"children":{"GenerateSensorData":{"count":2137425,"self":43.821104,"total":43.821103,"children":null}}}}}}},"DecideAction":{"count":427484,"self":2989.7148416,"total":2989.7148738,"children":null},"AgentAct":{"count":427484,"self":67.2558528,"total":67.3223445,"children":{"AgentInfo.ToProto":{"count":1446,"self":0.012442,"total":0.066489499999999993,"children":{"GenerateSensorData":{"count":1446,"self":0.0540475,"total":0.0540475,"children":null}}}}},"AgentInfo.ToProto":{"count":3947,"self":0.049593899999999996,"total":0.1962254,"children":{"GenerateSensorData":{"count":3947,"self":0.1466315,"total":0.1466315,"children":null}}}},"gauges":{"TankBehavior.CumulativeReward":{"count":5393,"max":1188.61853,"min":-3938.23022,"runningAverage":28.4600163,"value":-2.69499922,"weightedAverage":62.77976}},"metadata":{"timer_format_version":"0.1.0","start_time_seconds":"1728973151","unity_version":"2022.3.47f1","command_line_arguments":"C:\\Program Files\\Unity\\Hub\\Editor\\2022.3.47f1\\Editor\\Unity.exe -projectpath C:\\Users\\User\\Desktop\\Tank-Game-AI -useHub -hubIPC -cloudEnvironment production -licensingIpc LicenseClient-User -hubSessionId 403b6d06-5896-468b-a593-94fbb9dfc940 -accessToken coIDa8eohFXM6dr77PprRBn9DmXnNMkeeYMUTyQoKGw011f","communication_protocol_version":"1.5.0","com.unity.ml-agents_version":"2.0.1","scene_name":"CombatTraining0","end_time_seconds":"1728978028"}}