{"count":1,"self":1186.8455936,"total":6915.9872522999995,"children":{"InitializeActuators":{"count":25,"self":0.0035115999999999997,"total":0.0035115999999999997,"children":null},"InitializeSensors":{"count":25,"self":0.0045331999999999994,"total":0.0045331999999999994,"children":null},"AgentSendState":{"count":370417,"self":7.1798696,"total":440.96746509999997,"children":{"CollectObservations":{"count":1852100,"self":307.5703808,"total":307.57038589999996,"children":null},"WriteActionMask":{"count":1852100,"self":1.031927,"total":1.031927,"children":null},"RequestDecision":{"count":1852100,"self":4.5322816,"total":125.1852826,"children":{"AgentInfo.ToProto":{"count":1852100,"self":3.6278447999999996,"total":120.65300119999999,"children":{"GenerateSensorData":{"count":1852100,"self":117.02515199999999,"total":117.0251562,"children":null}}}}}}},"DecideAction":{"count":370417,"self":5231.9301632,"total":5231.9301693,"children":null},"AgentAct":{"count":370417,"self":55.5185536,"total":55.547591399999995,"children":{"AgentInfo.ToProto":{"count":340,"self":0.0015253999999999999,"total":0.029038699999999997,"children":{"GenerateSensorData":{"count":340,"self":0.027513299999999997,"total":0.027513299999999997,"children":null}}}}},"AgentInfo.ToProto":{"count":7417,"self":0.0586612,"total":0.6878573,"children":{"GenerateSensorData":{"count":7417,"self":0.62919609999999992,"total":0.62919609999999992,"children":null}}}},"gauges":{"TankBehavior.CumulativeReward":{"count":7757,"max":60.4908524,"min":-170.39238,"runningAverage":-13.3663893,"value":-92.08234,"weightedAverage":-35.4752045}},"metadata":{"timer_format_version":"0.1.0","start_time_seconds":"1730870324","unity_version":"2022.3.47f1","command_line_arguments":"C:\\Program Files\\Unity\\Hub\\Editor\\2022.3.47f1\\Editor\\Unity.exe -projectpath C:\\Users\\User\\Desktop\\Tank-Game-AI -useHub -hubIPC -cloudEnvironment production -licensingIpc LicenseClient-User -hubSessionId f83bc235-34ea-4490-a371-d61cd020360e -accessToken 9aeRSZ7nZPgGvIEsBfSCDAiMz7bBT8FmvOJLXNO9IOQ011f","communication_protocol_version":"1.5.0","com.unity.ml-agents_version":"2.0.1","scene_name":"CombatTraining2","end_time_seconds":"1730877240"}}