{"count":1,"self":918.2148608,"total":1324.1625655999999,"children":{"InitializeActuators":{"count":9,"self":0.0015417999999999999,"total":0.0015417999999999999,"children":null},"InitializeSensors":{"count":9,"self":0.0015788,"total":0.0015788,"children":null},"AgentSendState":{"count":95967,"self":1.0372365,"total":186.77660219999999,"children":{"CollectObservations":{"count":172746,"self":183.19102719999998,"total":183.19103139999999,"children":null},"WriteActionMask":{"count":172746,"self":0.1432918,"total":0.1432918,"children":null},"RequestDecision":{"count":172746,"self":0.7552356,"total":2.4050425,"children":{"AgentInfo.ToProto":{"count":172746,"self":0.4934787,"total":1.6498069,"children":{"GenerateSensorData":{"count":172746,"self":1.1563282,"total":1.1563282,"children":null}}}}}}},"DecideAction":{"count":95967,"self":212.16820479999998,"total":212.16820729999998,"children":null},"AgentAct":{"count":95967,"self":6.9632168,"total":6.9632165,"children":null},"AgentInfo.ToProto":{"count":1097,"self":0.0111763,"total":0.0345722,"children":{"GenerateSensorData":{"count":1097,"self":0.023395899999999997,"total":0.023395899999999997,"children":null}}}},"gauges":{"TankBehavior.CumulativeReward":{"count":1097,"max":168.681473,"min":-88.4214249,"runningAverage":78.0337143,"value":103.134346,"weightedAverage":91.5926056}},"metadata":{"timer_format_version":"0.1.0","start_time_seconds":"1731480053","unity_version":"2022.3.47f1","command_line_arguments":"C:\\Program Files\\Unity\\Hub\\Editor\\2022.3.47f1\\Editor\\Unity.exe -projectpath C:\\Users\\User\\Desktop\\Tank-Game-AI -useHub -hubIPC -cloudEnvironment production -licensingIpc LicenseClient-User -hubSessionId 43e56ea5-71fe-4b6e-bcf2-bd107320a245 -accessToken 7xG3UoasL2ls32ZCZgmkKe8WMWDRg4-4zBpaBfEiFtg011f","communication_protocol_version":"1.5.0","com.unity.ml-agents_version":"2.0.1","scene_name":"CombatTrainingMedium","end_time_seconds":"1731481377"}}