{"count":1,"self":285.8798592,"total":410.88071329999997,"children":{"InitializeActuators":{"count":9,"self":0.0010368999999999999,"total":0.0010368999999999999,"children":null},"InitializeSensors":{"count":9,"self":0.0010366,"total":0.0010366,"children":null},"AgentSendState":{"count":29251,"self":0.3293907,"total":59.997048899999996,"children":{"CollectObservations":{"count":52659,"self":58.9200576,"total":58.9200551,"children":null},"WriteActionMask":{"count":52659,"self":0.049352099999999996,"total":0.049352099999999996,"children":null},"RequestDecision":{"count":52659,"self":0.2034541,"total":0.698251,"children":{"AgentInfo.ToProto":{"count":52659,"self":0.1517084,"total":0.4947969,"children":{"GenerateSensorData":{"count":52659,"self":0.34308849999999996,"total":0.34308849999999996,"children":null}}}}}}},"DecideAction":{"count":29251,"self":62.951423999999996,"total":62.951425699999994,"children":null},"AgentAct":{"count":29251,"self":2.0380408,"total":2.0380407,"children":null},"AgentInfo.ToProto":{"count":327,"self":0.0021344,"total":0.0107257,"children":{"GenerateSensorData":{"count":327,"self":0.0085913,"total":0.0085913,"children":null}}}},"gauges":{"TankBehavior.CumulativeReward":{"count":327,"max":174.757675,"min":-140.476456,"runningAverage":73.79334,"value":160.732208,"weightedAverage":114.377556}},"metadata":{"timer_format_version":"0.1.0","start_time_seconds":"1731481435","unity_version":"2022.3.47f1","command_line_arguments":"C:\\Program Files\\Unity\\Hub\\Editor\\2022.3.47f1\\Editor\\Unity.exe -projectpath C:\\Users\\User\\Desktop\\Tank-Game-AI -useHub -hubIPC -cloudEnvironment production -licensingIpc LicenseClient-User -hubSessionId 43e56ea5-71fe-4b6e-bcf2-bd107320a245 -accessToken 7xG3UoasL2ls32ZCZgmkKe8WMWDRg4-4zBpaBfEiFtg011f","communication_protocol_version":"1.5.0","com.unity.ml-agents_version":"2.0.1","scene_name":"CombatTrainingMedium","end_time_seconds":"1731481845"}}