{"count":1,"self":36.674175999999996,"total":37.2717877,"children":{"InitializeActuators":{"count":1,"self":0.0010345999999999999,"total":0.0010345999999999999,"children":null},"InitializeSensors":{"count":1,"self":0.0015627,"total":0.0015627,"children":null},"AgentSendState":{"count":1584,"self":0.0132137,"total":0.27386489999999997,"children":{"CollectObservations":{"count":317,"self":0.24345709999999998,"total":0.24345709999999998,"children":null},"WriteActionMask":{"count":317,"self":0.0020468,"total":0.0020468,"children":null},"RequestDecision":{"count":317,"self":0.015147299999999999,"total":0.015147299999999999,"children":null}}},"DecideAction":{"count":1584,"self":0.28931629999999997,"total":0.28931629999999997,"children":null},"AgentAct":{"count":1584,"self":0.031833799999999995,"total":0.031833799999999995,"children":null}},"gauges":{"TankBehavior.CumulativeReward":{"count":6,"max":23.52449,"min":-63.1951675,"runningAverage":-16.2802849,"value":23.52449,"weightedAverage":-16.75938}},"metadata":{"timer_format_version":"0.1.0","start_time_seconds":"1732066477","unity_version":"2022.3.47f1","command_line_arguments":"C:\\Program Files\\Unity\\Hub\\Editor\\2022.3.47f1\\Editor\\Unity.exe -projectpath C:\\Users\\User\\Desktop\\Tank-Game-AI -useHub -hubIPC -cloudEnvironment production -licensingIpc LicenseClient-User -hubSessionId afbf2657-96b2-470b-a2ac-a6d36db9dd00 -accessToken NArjWt1-1oOSk0bE5f_5yIFlpKxYmtDQda7yYs8-luI011f","communication_protocol_version":"1.5.0","com.unity.ml-agents_version":"2.0.1","scene_name":"CombatShowcaseWithEnvironment","end_time_seconds":"1732066515"}}