{"count":1,"self":77.16804479999999,"total":229.5130394,"children":{"InitializeActuators":{"count":25,"self":0.0021376999999999998,"total":0.0021376999999999998,"children":null},"InitializeSensors":{"count":25,"self":0.0021506999999999997,"total":0.0021506999999999997,"children":null},"AgentSendState":{"count":23717,"self":0.51762639999999993,"total":23.428835499999998,"children":{"CollectObservations":{"count":118600,"self":19.6122592,"total":19.6122586,"children":null},"WriteActionMask":{"count":118600,"self":0.093654,"total":0.093654,"children":null},"RequestDecision":{"count":118600,"self":0.35164819999999997,"total":3.2052964999999998,"children":{"AgentInfo.ToProto":{"count":118600,"self":0.3617189,"total":2.8536482999999997,"children":{"GenerateSensorData":{"count":118600,"self":2.4919294,"total":2.4919294,"children":null}}}}}}},"DecideAction":{"count":23717,"self":125.08101119999999,"total":125.0810066,"children":null},"AgentAct":{"count":23717,"self":3.8215428,"total":3.8235424,"children":{"AgentInfo.ToProto":{"count":88,"self":0.0010000999999999999,"total":0.0019997,"children":{"GenerateSensorData":{"count":88,"self":0.0009996,"total":0.0009996,"children":null}}}}},"AgentInfo.ToProto":{"count":43,"self":0.0014207999999999998,"total":0.0068099,"children":{"GenerateSensorData":{"count":43,"self":0.0053891,"total":0.0053891,"children":null}}}},"gauges":{"TankBehavior.CumulativeReward":{"count":131,"max":1297.51282,"min":-93.27234,"runningAverage":221.057632,"value":-9.49429,"weightedAverage":273.4719}},"metadata":{"timer_format_version":"0.1.0","start_time_seconds":"1729215704","unity_version":"2022.3.47f1","command_line_arguments":"C:\\Program Files\\Unity\\Hub\\Editor\\2022.3.47f1\\Editor\\Unity.exe -projectpath C:\\Users\\User\\Desktop\\Tank-Game-AI -useHub -hubIPC -cloudEnvironment production -licensingIpc LicenseClient-User -hubSessionId b5c3f763-e818-4b32-b678-51cda03d1b88 -accessToken eJYgWd1Ui8dHhmK_x12NfpJYx6f7Ic9iuqYA7r11G0Q011f","communication_protocol_version":"1.5.0","com.unity.ml-agents_version":"2.0.1","scene_name":"CombatTraining0","end_time_seconds":"1729215934"}}