{"count":1,"self":11244.638208,"total":38379.8308683,"children":{"InitializeActuators":{"count":25,"self":0.0050799,"total":0.0050799,"children":null},"InitializeSensors":{"count":25,"self":0.0034898999999999998,"total":0.0034898999999999998,"children":null},"AgentSendState":{"count":2610434,"self":48.959638399999996,"total":2408.9245625,"children":{"CollectObservations":{"count":13052175,"self":2058.5064448,"total":2058.5064343,"children":null},"WriteActionMask":{"count":13052175,"self":7.5424248,"total":7.5424248,"children":null},"RequestDecision":{"count":13052175,"self":34.7279104,"total":293.91606459999997,"children":{"AgentInfo.ToProto":{"count":13052175,"self":26.0492416,"total":259.1881535,"children":{"GenerateSensorData":{"count":13052175,"self":233.1389184,"total":233.1389111,"children":null}}}}}}},"DecideAction":{"count":2610434,"self":24350.584012799998,"total":24350.583851,"children":null},"AgentAct":{"count":2610434,"self":373.40917759999996,"total":373.4637902,"children":{"AgentInfo.ToProto":{"count":1474,"self":0.0147347,"total":0.054615899999999995,"children":{"GenerateSensorData":{"count":1474,"self":0.0398812,"total":0.0398812,"children":null}}}}},"AgentInfo.ToProto":{"count":46609,"self":0.51804169999999994,"total":2.2108016999999998,"children":{"GenerateSensorData":{"count":46609,"self":1.6927599999999998,"total":1.6927599999999998,"children":null}}}},"gauges":{"TankBehavior.CumulativeReward":{"count":48083,"max":5515.785,"min":-4075.75,"runningAverage":728.125366,"value":135.669739,"weightedAverage":562.725159}},"metadata":{"timer_format_version":"0.1.0","start_time_seconds":"1730288742","unity_version":"2022.3.47f1","command_line_arguments":"C:\\Program Files\\Unity\\Hub\\Editor\\2022.3.47f1\\Editor\\Unity.exe -projectpath C:\\Users\\User\\Desktop\\Tank-Game-AI -useHub -hubIPC -cloudEnvironment production -licensingIpc LicenseClient-User -hubSessionId d6bfe7f8-4b60-45dd-82ed-a3165675a024 -accessToken vin3u9IlpjTlvs9F8FC-6JIY7fh9QW6X0Twf-A0mvf4011f","communication_protocol_version":"1.5.0","com.unity.ml-agents_version":"2.0.1","scene_name":"CombatTraining2","end_time_seconds":"1730327121"}}