{"count":1,"self":2265.08288,"total":8973.089408,"children":{"InitializeActuators":{"count":25,"self":0.0025171,"total":0.0025171,"children":null},"InitializeSensors":{"count":25,"self":0.0030158999999999997,"total":0.0030158999999999997,"children":null},"AgentSendState":{"count":662517,"self":13.768054399999999,"total":615.48850929999992,"children":{"CollectObservations":{"count":3313050,"self":512.514048,"total":512.5140344,"children":null},"WriteActionMask":{"count":3313050,"self":1.6956562,"total":1.6956562,"children":null},"RequestDecision":{"count":3313050,"self":9.0428079999999991,"total":87.510763799999992,"children":{"AgentInfo.ToProto":{"count":3313050,"self":9.3146048,"total":78.46795569999999,"children":{"GenerateSensorData":{"count":3313050,"self":69.1533504,"total":69.15335069999999,"children":null}}}}}}},"DecideAction":{"count":662517,"self":5981.5870464,"total":5981.5871792,"children":null},"AgentAct":{"count":662517,"self":110.7083392,"total":110.8017843,"children":{"AgentInfo.ToProto":{"count":2545,"self":0.0114366,"total":0.0934429,"children":{"GenerateSensorData":{"count":2545,"self":0.08200629999999999,"total":0.08200629999999999,"children":null}}}}},"AgentInfo.ToProto":{"count":2200,"self":0.0316657,"total":0.1216787,"children":{"GenerateSensorData":{"count":2200,"self":0.090013,"total":0.090013,"children":null}}}},"gauges":{"TankBehavior.CumulativeReward":{"count":4745,"max":1279.91553,"min":-7868.97461,"runningAverage":-96.91412,"value":-20.4,"weightedAverage":-40.9288445}},"metadata":{"timer_format_version":"0.1.0","start_time_seconds":"1729662091","unity_version":"2022.3.47f1","command_line_arguments":"C:\\Program Files\\Unity\\Hub\\Editor\\2022.3.47f1\\Editor\\Unity.exe -projectpath C:\\Users\\User\\Desktop\\Tank-Game-AI -useHub -hubIPC -cloudEnvironment production -licensingIpc LicenseClient-User -hubSessionId a849f111-6fb4-424c-be98-9481a6b9da72 -accessToken f0KNz_IXVHkOqcNhTb4Qk-oALy1x3lXGO3M9a-_0Xo8011f","communication_protocol_version":"1.5.0","com.unity.ml-agents_version":"2.0.1","scene_name":"CombatTraining0","end_time_seconds":"1729671064"}}