{"count":1,"self":827.79622399999994,"total":2434.9639216,"children":{"InitializeActuators":{"count":25,"self":0.0032129999999999997,"total":0.0032129999999999997,"children":null},"InitializeSensors":{"count":25,"self":0.0040234,"total":0.0040234,"children":null},"AgentSendState":{"count":213117,"self":5.413422,"total":238.74089339999998,"children":{"CollectObservations":{"count":1065700,"self":198.63696639999998,"total":198.6369661,"children":null},"WriteActionMask":{"count":1065700,"self":0.8416885,"total":0.8416885,"children":null},"RequestDecision":{"count":1065700,"self":3.6439892,"total":33.8488168,"children":{"AgentInfo.ToProto":{"count":1065700,"self":3.7105772,"total":30.2048277,"children":{"GenerateSensorData":{"count":1065700,"self":26.494251199999997,"total":26.4942505,"children":null}}}}}}},"DecideAction":{"count":213117,"self":1329.109504,"total":1329.1095085,"children":null},"AgentAct":{"count":213117,"self":39.2348512,"total":39.2538585,"children":{"AgentInfo.ToProto":{"count":666,"self":0.0042474,"total":0.019006099999999998,"children":{"GenerateSensorData":{"count":666,"self":0.0147587,"total":0.0147587,"children":null}}}}},"AgentInfo.ToProto":{"count":751,"self":0.0140871,"total":0.055185,"children":{"GenerateSensorData":{"count":751,"self":0.0410979,"total":0.0410979,"children":null}}}},"gauges":{"TankBehavior.CumulativeReward":{"count":1417,"max":2552.34229,"min":-122.961922,"runningAverage":552.545654,"value":-5.565683,"weightedAverage":30.375864}},"metadata":{"timer_format_version":"0.1.0","start_time_seconds":"1729642594","unity_version":"2022.3.47f1","command_line_arguments":"C:\\Program Files\\Unity\\Hub\\Editor\\2022.3.47f1\\Editor\\Unity.exe -projectpath C:\\Users\\User\\Desktop\\Tank-Game-AI -useHub -hubIPC -cloudEnvironment production -licensingIpc LicenseClient-User -hubSessionId a849f111-6fb4-424c-be98-9481a6b9da72 -accessToken f0KNz_IXVHkOqcNhTb4Qk-oALy1x3lXGO3M9a-_0Xo8011f","communication_protocol_version":"1.5.0","com.unity.ml-agents_version":"2.0.1","scene_name":"CombatTraining0","end_time_seconds":"1729645029"}}