{"count":1,"self":6996.4267519999994,"total":34586.7780624,"children":{"InitializeActuators":{"count":25,"self":0.0029963999999999998,"total":0.0029963999999999998,"children":null},"InitializeSensors":{"count":25,"self":0.002995,"total":0.002995,"children":null},"AgentSendState":{"count":2248484,"self":45.4519488,"total":2086.1922083,"children":{"CollectObservations":{"count":11244125,"self":1742.0339199999999,"total":1742.0338356,"children":null},"WriteActionMask":{"count":11244125,"self":6.4237896,"total":6.4237898,"children":null},"RequestDecision":{"count":11244125,"self":29.8287488,"total":292.28263519999996,"children":{"AgentInfo.ToProto":{"count":11244125,"self":30.876620799999998,"total":262.453885,"children":{"GenerateSensorData":{"count":11244125,"self":231.5772672,"total":231.5772629,"children":null}}}}}}},"DecideAction":{"count":2248484,"self":25123.0420992,"total":25123.0426954,"children":null},"AgentAct":{"count":2248484,"self":377.0310144,"total":377.2639158,"children":{"AgentInfo.ToProto":{"count":7265,"self":0.039347099999999996,"total":0.23289259999999998,"children":{"GenerateSensorData":{"count":7265,"self":0.19354549999999998,"total":0.19354549999999998,"children":null}}}}},"AgentInfo.ToProto":{"count":66038,"self":0.85410599999999992,"total":3.8437175,"children":{"GenerateSensorData":{"count":66038,"self":2.9896116,"total":2.9896114999999996,"children":null}}}},"gauges":{"TankBehavior.CumulativeReward":{"count":73303,"max":1578.61914,"min":-6973.693,"runningAverage":-15.76481,"value":-37.3779221,"weightedAverage":-78.66587}},"metadata":{"timer_format_version":"0.1.0","start_time_seconds":"1729601995","unity_version":"2022.3.47f1","command_line_arguments":"C:\\Program Files\\Unity\\Hub\\Editor\\2022.3.47f1\\Editor\\Unity.exe -projectpath C:\\Users\\User\\Desktop\\Tank-Game-AI -useHub -hubIPC -cloudEnvironment production -licensingIpc LicenseClient-User -hubSessionId 04996433-a4fd-418d-8ca5-91f97cec9d09 -accessToken tf649kAnnD_76XzgNNQj-bxu2ms1L1P9PdITr7fDHEk011f","communication_protocol_version":"1.5.0","com.unity.ml-agents_version":"2.0.1","scene_name":"CombatTraining0","end_time_seconds":"1729636582"}}