{"count":1,"self":4161.6134144,"total":4740.8916454,"children":{"InitializeActuators":{"count":9,"self":0.0035586999999999997,"total":0.0035586999999999997,"children":null},"InitializeSensors":{"count":9,"self":0.0015612999999999998,"total":0.0015612999999999998,"children":null},"AgentSendState":{"count":247217,"self":2.3984448,"total":90.740749499999993,"children":{"CollectObservations":{"count":444996,"self":80.3273344,"total":80.327333,"children":null},"WriteActionMask":{"count":444996,"self":0.29269609999999996,"total":0.29269609999999996,"children":null},"RequestDecision":{"count":444996,"self":1.5268503,"total":7.7222756,"children":{"AgentInfo.ToProto":{"count":444996,"self":1.7814284,"total":6.1954253,"children":{"GenerateSensorData":{"count":444996,"self":4.4139968,"total":4.413997,"children":null}}}}}}},"DecideAction":{"count":247217,"self":465.52734719999995,"total":465.5273439,"children":null},"AgentAct":{"count":247217,"self":22.9708576,"total":22.975044099999998,"children":{"AgentInfo.ToProto":{"count":136,"self":0.0015298999999999998,"total":0.0041868999999999995,"children":{"GenerateSensorData":{"count":136,"self":0.002657,"total":0.002657,"children":null}}}}},"AgentInfo.ToProto":{"count":822,"self":0.0112785,"total":0.029015199999999998,"children":{"GenerateSensorData":{"count":822,"self":0.017736699999999998,"total":0.017736699999999998,"children":null}}}},"gauges":{"TankBehavior.CumulativeReward":{"count":958,"max":5667.94,"min":-4186.4585,"runningAverage":827.0447,"value":883.032654,"weightedAverage":700.524353}},"metadata":{"timer_format_version":"0.1.0","start_time_seconds":"1732507347","unity_version":"2022.3.47f1","command_line_arguments":"C:\\Program Files\\Unity\\Hub\\Editor\\2022.3.47f1\\Editor\\Unity.exe -projectpath C:\\Users\\User\\Desktop\\Tank-Game-AI -useHub -hubIPC -cloudEnvironment production -licensingIpc LicenseClient-User -hubSessionId c9bccd22-070f-42e8-94db-dea694acf776 -accessToken aW08tm0RQF8cbX_1133i2cvSefkEzVeaFzhlUxNKYKk011f","communication_protocol_version":"1.5.0","com.unity.ml-agents_version":"2.0.1","scene_name":"CombatTrainingMedium","end_time_seconds":"1732512088"}}