{"count":1,"self":550.5275904,"total":2808.2964625,"children":{"InitializeActuators":{"count":25,"self":0.0017074999999999998,"total":0.0017074999999999998,"children":null},"InitializeSensors":{"count":25,"self":0.0035207999999999997,"total":0.0035207999999999997,"children":null},"AgentSendState":{"count":175501,"self":3.0685824,"total":162.9961525,"children":{"CollectObservations":{"count":877525,"self":140.95260159999998,"total":140.9525998,"children":null},"WriteActionMask":{"count":877525,"self":0.44605229999999996,"total":0.44605229999999996,"children":null},"RequestDecision":{"count":877525,"self":2.1991044,"total":18.5289179,"children":{"AgentInfo.ToProto":{"count":877525,"self":1.6966686,"total":16.3298135,"children":{"GenerateSensorData":{"count":877525,"self":14.633145599999999,"total":14.6331449,"children":null}}}}}}},"DecideAction":{"count":175501,"self":2067.1848448,"total":2067.1848139,"children":null},"AgentAct":{"count":175501,"self":27.2364608,"total":27.249813099999997,"children":{"AgentInfo.ToProto":{"count":358,"self":0.0030348,"total":0.013352,"children":{"GenerateSensorData":{"count":358,"self":0.0103172,"total":0.0103172,"children":null}}}}},"AgentInfo.ToProto":{"count":9433,"self":0.0554172,"total":0.3313181,"children":{"GenerateSensorData":{"count":9433,"self":0.2759009,"total":0.2759009,"children":null}}}},"gauges":{"TankBehavior.CumulativeReward":{"count":9791,"max":76.30369,"min":-1941.88562,"runningAverage":4.47406435,"value":12.9102926,"weightedAverage":10.7399912}},"metadata":{"timer_format_version":"0.1.0","start_time_seconds":"1730154693","unity_version":"2022.3.47f1","command_line_arguments":"C:\\Program Files\\Unity\\Hub\\Editor\\2022.3.47f1\\Editor\\Unity.exe -projectpath C:\\Users\\User\\Desktop\\Tank-Game-AI -useHub -hubIPC -cloudEnvironment production -licensingIpc LicenseClient-User -hubSessionId ee40ee14-469e-4825-8f4a-b88e43e083be -accessToken YCk0F2HwTofYOISAPY8KX_MwySsm1Si637LmUido_dE011f","communication_protocol_version":"1.5.0","com.unity.ml-agents_version":"2.0.1","scene_name":"CombatTraining0","end_time_seconds":"1730157501"}}