{"count":1,"self":3789.3210111999997,"total":32634.0488518,"children":{"InitializeActuators":{"count":25,"self":0.0028515999999999997,"total":0.0028515999999999997,"children":null},"InitializeSensors":{"count":25,"self":0.0040973,"total":0.0040973,"children":null},"AgentSendState":{"count":1149484,"self":25.3619584,"total":1185.2511763,"children":{"CollectObservations":{"count":5748175,"self":991.79622399999994,"total":991.7961785,"children":null},"WriteActionMask":{"count":5748175,"self":3.4924511999999996,"total":3.4924511999999996,"children":null},"RequestDecision":{"count":5748175,"self":17.1568656,"total":164.600588,"children":{"AgentInfo.ToProto":{"count":5748175,"self":18.278996799999998,"total":147.4437221,"children":{"GenerateSensorData":{"count":5748175,"self":129.1647232,"total":129.16472489999998,"children":null}}}}}}},"DecideAction":{"count":1149484,"self":27467.5613696,"total":27467.5619816,"children":null},"AgentAct":{"count":1149484,"self":191.0418688,"total":191.1677222,"children":{"AgentInfo.ToProto":{"count":3322,"self":0.0277122,"total":0.1258567,"children":{"GenerateSensorData":{"count":3322,"self":0.0981445,"total":0.0981445,"children":null}}}}},"AgentInfo.ToProto":{"count":12685,"self":0.18584889999999998,"total":0.7385935,"children":{"GenerateSensorData":{"count":12685,"self":0.5527446,"total":0.5527446,"children":null}}}},"gauges":{"TankBehavior.CumulativeReward":{"count":16007,"max":789.802,"min":-3413.08423,"runningAverage":-30.2893162,"value":-7.03054428,"weightedAverage":-28.6148148}},"metadata":{"timer_format_version":"0.1.0","start_time_seconds":"1729518010","unity_version":"2022.3.47f1","command_line_arguments":"C:\\Program Files\\Unity\\Hub\\Editor\\2022.3.47f1\\Editor\\Unity.exe -projectpath C:\\Users\\User\\Desktop\\Tank-Game-AI -useHub -hubIPC -cloudEnvironment production -licensingIpc LicenseClient-User -hubSessionId 3f679221-a6b5-4df9-a55b-a31c209396ab -accessToken i-lHr0BNgKhvWUDmDSzZCN2mkFGUt9HEJd2DFy6SSBY011f","communication_protocol_version":"1.5.0","com.unity.ml-agents_version":"2.0.1","scene_name":"CombatTraining0","end_time_seconds":"1729550644"}}