{"count":1,"self":74.51743359999999,"total":225.69677919999998,"children":{"InitializeActuators":{"count":25,"self":0.0020379,"total":0.0020379,"children":null},"InitializeSensors":{"count":25,"self":0.0030145999999999997,"total":0.0030145999999999997,"children":null},"AgentSendState":{"count":22801,"self":0.5193104,"total":22.893503199999998,"children":{"CollectObservations":{"count":114025,"self":19.270448,"total":19.2704481,"children":null},"WriteActionMask":{"count":114025,"self":0.0745614,"total":0.0745614,"children":null},"RequestDecision":{"count":114025,"self":0.3191443,"total":3.0291832999999997,"children":{"AgentInfo.ToProto":{"count":114025,"self":0.32798089999999996,"total":2.710039,"children":{"GenerateSensorData":{"count":114025,"self":2.382058,"total":2.3820581,"children":null}}}}}}},"DecideAction":{"count":22801,"self":124.48202239999999,"total":124.48202549999999,"children":null},"AgentAct":{"count":22801,"self":3.7948448,"total":3.7953585,"children":{"AgentInfo.ToProto":{"count":84,"self":0,"total":0.0005138,"children":{"GenerateSensorData":{"count":84,"self":0.0005138,"total":0.0005138,"children":null}}}}},"AgentInfo.ToProto":{"count":49,"self":0.0015006,"total":0.0028985,"children":{"GenerateSensorData":{"count":49,"self":0.0013978999999999999,"total":0.0013978999999999999,"children":null}}}},"gauges":{"TankBehavior.CumulativeReward":{"count":133,"max":1390.11658,"min":-791.479,"runningAverage":180.448822,"value":267.449524,"weightedAverage":284.02002}},"metadata":{"timer_format_version":"0.1.0","start_time_seconds":"1729215972","unity_version":"2022.3.47f1","command_line_arguments":"C:\\Program Files\\Unity\\Hub\\Editor\\2022.3.47f1\\Editor\\Unity.exe -projectpath C:\\Users\\User\\Desktop\\Tank-Game-AI -useHub -hubIPC -cloudEnvironment production -licensingIpc LicenseClient-User -hubSessionId b5c3f763-e818-4b32-b678-51cda03d1b88 -accessToken eJYgWd1Ui8dHhmK_x12NfpJYx6f7Ic9iuqYA7r11G0Q011f","communication_protocol_version":"1.5.0","com.unity.ml-agents_version":"2.0.1","scene_name":"CombatTraining0","end_time_seconds":"1729216197"}}