{"count":1,"self":757.3162496,"total":955.681065,"children":{"InitializeActuators":{"count":9,"self":0.0025347,"total":0.0025347,"children":null},"InitializeSensors":{"count":9,"self":0.0025942,"total":0.0025942,"children":null},"AgentSendState":{"count":27351,"self":0.3399311,"total":125.19862549999999,"children":{"CollectObservations":{"count":49239,"self":123.98859519999999,"total":123.98859759999999,"children":null},"WriteActionMask":{"count":49239,"self":0.0537061,"total":0.0537061,"children":null},"RequestDecision":{"count":49239,"self":0.2339327,"total":0.81639069999999991,"children":{"AgentInfo.ToProto":{"count":49239,"self":0.1735025,"total":0.58245799999999992,"children":{"GenerateSensorData":{"count":49239,"self":0.40895549999999997,"total":0.40895549999999997,"children":null}}}}}}},"DecideAction":{"count":27351,"self":70.7179712,"total":70.717972199999991,"children":null},"AgentAct":{"count":27351,"self":2.4181572,"total":2.4181570999999997,"children":null},"AgentInfo.ToProto":{"count":1139,"self":0.0100751,"total":0.024941099999999997,"children":{"GenerateSensorData":{"count":1139,"self":0.014865999999999999,"total":0.014865999999999999,"children":null}}}},"gauges":{"TankBehavior.CumulativeReward":{"count":1139,"max":45.87652,"min":-73.08209,"runningAverage":7.23469257,"value":15.1246862,"weightedAverage":6.71737862}},"metadata":{"timer_format_version":"0.1.0","start_time_seconds":"1731981470","unity_version":"2022.3.47f1","command_line_arguments":"C:\\Program Files\\Unity\\Hub\\Editor\\2022.3.47f1\\Editor\\Unity.exe -projectpath C:\\Users\\User\\Desktop\\Tank-Game-AI -useHub -hubIPC -cloudEnvironment production -licensingIpc LicenseClient-User -hubSessionId dc6675d1-3ea8-4922-8331-0181a5445821 -accessToken do1keoxdDmOTGt1cmjszF-E1nMB_BaSR7KopArwBUH8011f","communication_protocol_version":"1.5.0","com.unity.ml-agents_version":"2.0.1","scene_name":"CombatTrainingMedium","end_time_seconds":"1731982426"}}