{"count":1,"self":6877.728768,"total":29275.986187399998,"children":{"InitializeActuators":{"count":25,"self":0.0019998,"total":0.0019998,"children":null},"InitializeSensors":{"count":25,"self":0.002528,"total":0.002528,"children":null},"AgentSendState":{"count":2226901,"self":48.4423232,"total":2272.3083542,"children":{"CollectObservations":{"count":11135675,"self":1916.1268223999998,"total":1916.1268860999999,"children":null},"WriteActionMask":{"count":11135675,"self":6.5596847999999994,"total":6.5596849,"children":null},"RequestDecision":{"count":11135675,"self":31.739078399999997,"total":301.1794595,"children":{"AgentInfo.ToProto":{"count":11135675,"self":32.1940032,"total":269.44038009999997,"children":{"GenerateSensorData":{"count":11135675,"self":237.2463872,"total":237.24637769999998,"children":null}}}}}}},"DecideAction":{"count":2226901,"self":19739.4071552,"total":19739.407512499998,"children":null},"AgentAct":{"count":2226901,"self":385.73278719999996,"total":386.02022869999996,"children":{"AgentInfo.ToProto":{"count":6992,"self":0.0454903,"total":0.28743399999999997,"children":{"GenerateSensorData":{"count":6992,"self":0.24194369999999998,"total":0.24194369999999998,"children":null}}}}},"AgentInfo.ToProto":{"count":8239,"self":0.13327819999999999,"total":0.5154518,"children":{"GenerateSensorData":{"count":8239,"self":0.3821736,"total":0.3821736,"children":null}}}},"gauges":{"TankBehavior.CumulativeReward":{"count":15231,"max":2398.39355,"min":-1942.17529,"runningAverage":282.4824,"value":-49.1693878,"weightedAverage":49.190567}},"metadata":{"timer_format_version":"0.1.0","start_time_seconds":"1729692283","unity_version":"2022.3.47f1","command_line_arguments":"C:\\Program Files\\Unity\\Hub\\Editor\\2022.3.47f1\\Editor\\Unity.exe -projectpath C:\\Users\\User\\Desktop\\Tank-Game-AI -useHub -hubIPC -cloudEnvironment production -licensingIpc LicenseClient-User -hubSessionId a1d0e4bb-a7e0-404a-a766-eb3b9ff2cb5c -accessToken Bk4BI1HW4wq_nGFCyXBeCrXRYyKyoychRtIBr89m6nQ011f","communication_protocol_version":"1.5.0","com.unity.ml-agents_version":"2.0.1","scene_name":"CombatTraining0","end_time_seconds":"1729721559"}}