{"count":1,"self":793.07432959999994,"total":4869.1570897,"children":{"InitializeActuators":{"count":25,"self":0.0015175,"total":0.0015175,"children":null},"InitializeSensors":{"count":25,"self":0.0020341,"total":0.0020341,"children":null},"AgentSendState":{"count":225251,"self":4.8879503999999994,"total":280.612369,"children":{"CollectObservations":{"count":1126275,"self":194.587456,"total":194.5874566,"children":null},"WriteActionMask":{"count":1126275,"self":0.76675129999999991,"total":0.76675129999999991,"children":null},"RequestDecision":{"count":1126275,"self":3.0931813999999997,"total":80.3702108,"children":{"AgentInfo.ToProto":{"count":1126275,"self":2.429766,"total":77.2770294,"children":{"GenerateSensorData":{"count":1126275,"self":74.847264,"total":74.8472634,"children":null}}}}}}},"DecideAction":{"count":225251,"self":3759.6590079999996,"total":3759.6591375,"children":null},"AgentAct":{"count":225251,"self":35.629001599999995,"total":35.731128399999996,"children":{"AgentInfo.ToProto":{"count":867,"self":0.0081303,"total":0.10212589999999999,"children":{"GenerateSensorData":{"count":867,"self":0.0939956,"total":0.0939956,"children":null}}}}},"AgentInfo.ToProto":{"count":794,"self":0.0078935,"total":0.0750473,"children":{"GenerateSensorData":{"count":794,"self":0.0671538,"total":0.0671538,"children":null}}}},"gauges":{"TankBehavior.CumulativeReward":{"count":1661,"max":50.8068733,"min":-1394.276,"runningAverage":-88.83935,"value":-64.20563,"weightedAverage":-29.1798248}},"metadata":{"timer_format_version":"0.1.0","start_time_seconds":"1730948116","unity_version":"2022.3.47f1","command_line_arguments":"C:\\Program Files\\Unity\\Hub\\Editor\\2022.3.47f1\\Editor\\Unity.exe -projectpath C:\\Users\\User\\Desktop\\Tank-Game-AI -useHub -hubIPC -cloudEnvironment production -licensingIpc LicenseClient-User -hubSessionId 03b911e1-b887-41ab-81cb-044f0b4f5685 -accessToken jsybYUmPUr7rzrqK7GHLIhFnKO1PP_aTFlBUmGMXsRY011f","communication_protocol_version":"1.5.0","com.unity.ml-agents_version":"2.0.1","scene_name":"CombatTraining2","end_time_seconds":"1730952985"}}