{"count":1,"self":8837.6877056,"total":32422.3969512,"children":{"InitializeActuators":{"count":25,"self":0.0020338,"total":0.0020338,"children":null},"InitializeSensors":{"count":25,"self":0.0015305,"total":0.0015305,"children":null},"AgentSendState":{"count":1970867,"self":31.823961599999997,"total":1813.5737699,"children":{"CollectObservations":{"count":9854350,"self":1567.5453439999999,"total":1567.5453754999999,"children":null},"WriteActionMask":{"count":9854350,"self":4.6082952,"total":4.6082953999999994,"children":null},"RequestDecision":{"count":9854350,"self":24.8667168,"total":209.5961372,"children":{"AgentInfo.ToProto":{"count":9854350,"self":18.681006399999998,"total":184.72941989999998,"children":{"GenerateSensorData":{"count":9854350,"self":166.04840959999999,"total":166.04841389999999,"children":null}}}}}}},"DecideAction":{"count":1970867,"self":21511.9511552,"total":21511.951917799997,"children":null},"AgentAct":{"count":1970867,"self":256.4196096,"total":256.4314539,"children":{"AgentInfo.ToProto":{"count":197,"self":0.0025044,"total":0.0118462,"children":{"GenerateSensorData":{"count":197,"self":0.0093417999999999991,"total":0.0093417999999999991,"children":null}}}}},"AgentInfo.ToProto":{"count":68266,"self":0.5886673,"total":2.7472971,"children":{"GenerateSensorData":{"count":68266,"self":2.1586298,"total":2.1586298,"children":null}}}},"gauges":{"TankBehavior.CumulativeReward":{"count":68463,"max":3978.70923,"min":-3949.92358,"runningAverage":563.588867,"value":492.886383,"weightedAverage":617.256653}},"metadata":{"timer_format_version":"0.1.0","start_time_seconds":"1730207741","unity_version":"2022.3.47f1","command_line_arguments":"C:\\Program Files\\Unity\\Hub\\Editor\\2022.3.47f1\\Editor\\Unity.exe -projectpath C:\\Users\\User\\Desktop\\Tank-Game-AI -useHub -hubIPC -cloudEnvironment production -licensingIpc LicenseClient-User -hubSessionId b1a9aa3b-c1f1-4350-bd53-572864dc1533 -accessToken DDVkDntYoJJAuxjqycggcmXdktXmrY-iDIOM45Z953c011f","communication_protocol_version":"1.5.0","com.unity.ml-agents_version":"2.0.1","scene_name":"CombatTraining0","end_time_seconds":"1730240164"}}