{"count":1,"self":1158.6960384,"total":4496.5742931999994,"children":{"InitializeActuators":{"count":25,"self":0.0025653,"total":0.0025653,"children":null},"InitializeSensors":{"count":25,"self":0.0036734999999999997,"total":0.0036734999999999997,"children":null},"AgentSendState":{"count":344401,"self":7.4527503999999993,"total":341.11020099999996,"children":{"CollectObservations":{"count":1722225,"self":285.5032064,"total":285.5031975,"children":null},"WriteActionMask":{"count":1722225,"self":1.0344967999999999,"total":1.0344967999999999,"children":null},"RequestDecision":{"count":1722225,"self":4.8767244,"total":47.1197561,"children":{"AgentInfo.ToProto":{"count":1722225,"self":5.1645596,"total":42.243031599999995,"children":{"GenerateSensorData":{"count":1722225,"self":37.0784704,"total":37.0784719,"children":null}}}}}}},"DecideAction":{"count":344401,"self":2937.6458752,"total":2937.6458491999997,"children":null},"AgentAct":{"count":344401,"self":59.046271999999995,"total":59.078874199999994,"children":{"AgentInfo.ToProto":{"count":1263,"self":0.0092286,"total":0.0325991,"children":{"GenerateSensorData":{"count":1263,"self":0.0233705,"total":0.0233705,"children":null}}}}},"AgentInfo.ToProto":{"count":602,"self":0.012389899999999999,"total":0.0355617,"children":{"GenerateSensorData":{"count":602,"self":0.0231718,"total":0.0231718,"children":null}}}},"gauges":{"TankBehavior.CumulativeReward":{"count":1865,"max":2142.40771,"min":-1288.43384,"runningAverage":335.159729,"value":1154.36108,"weightedAverage":920.837463}},"metadata":{"timer_format_version":"0.1.0","start_time_seconds":"1729651705","unity_version":"2022.3.47f1","command_line_arguments":"C:\\Program Files\\Unity\\Hub\\Editor\\2022.3.47f1\\Editor\\Unity.exe -projectpath C:\\Users\\User\\Desktop\\Tank-Game-AI -useHub -hubIPC -cloudEnvironment production -licensingIpc LicenseClient-User -hubSessionId a849f111-6fb4-424c-be98-9481a6b9da72 -accessToken f0KNz_IXVHkOqcNhTb4Qk-oALy1x3lXGO3M9a-_0Xo8011f","communication_protocol_version":"1.5.0","com.unity.ml-agents_version":"2.0.1","scene_name":"CombatTraining0","end_time_seconds":"1729656202"}}