{"count":1,"self":4063.71328,"total":16600.2859313,"children":{"InitializeActuators":{"count":25,"self":0.0031281,"total":0.0031281,"children":null},"InitializeSensors":{"count":25,"self":0.002509,"total":0.002509,"children":null},"AgentSendState":{"count":1202584,"self":24.997958399999998,"total":1224.0303185,"children":{"CollectObservations":{"count":6012925,"self":1034.6372096,"total":1034.6372136999998,"children":null},"WriteActionMask":{"count":6012925,"self":4.0493856,"total":4.0493857,"children":null},"RequestDecision":{"count":6012925,"self":16.6766672,"total":160.3457612,"children":{"AgentInfo.ToProto":{"count":6012925,"self":17.0608416,"total":143.66909339999998,"children":{"GenerateSensorData":{"count":6012925,"self":126.608256,"total":126.6082522,"children":null}}}}}}},"DecideAction":{"count":1202584,"self":11110.11328,"total":11110.1136402,"children":null},"AgentAct":{"count":1202584,"self":202.0967552,"total":202.31339079999998,"children":{"AgentInfo.ToProto":{"count":5050,"self":0.043865299999999996,"total":0.2166338,"children":{"GenerateSensorData":{"count":5050,"self":0.1727685,"total":0.1727685,"children":null}}}}},"AgentInfo.ToProto":{"count":2396,"self":0.0346671,"total":0.10780089999999999,"children":{"GenerateSensorData":{"count":2396,"self":0.0731338,"total":0.0731338,"children":null}}}},"gauges":{"TankBehavior.CumulativeReward":{"count":7446,"max":1138.98364,"min":-2359.70044,"runningAverage":375.938354,"value":334.355469,"weightedAverage":165.4501}},"metadata":{"timer_format_version":"0.1.0","start_time_seconds":"1729870232","unity_version":"2022.3.47f1","command_line_arguments":"C:\\Program Files\\Unity\\Hub\\Editor\\2022.3.47f1\\Editor\\Unity.exe -projectpath C:\\Users\\User\\Desktop\\Tank-Game-AI -useHub -hubIPC -cloudEnvironment production -licensingIpc LicenseClient-User -hubSessionId 51879601-ce07-40c3-a8e6-8baede0425e0 -accessToken 6T83oH1KJg0IrOyvQW53TeigSYcWe_B0LJGCNw-VipM011f","communication_protocol_version":"1.5.0","com.unity.ml-agents_version":"2.0.1","scene_name":"CombatTraining0","end_time_seconds":"1729886832"}}