{"count":1,"self":1275.1239168,"total":4308.9975635,"children":{"InitializeActuators":{"count":25,"self":0.0040357,"total":0.0040357,"children":null},"InitializeSensors":{"count":25,"self":0.003694,"total":0.003694,"children":null},"AgentSendState":{"count":281184,"self":5.9154076,"total":260.71329779999996,"children":{"CollectObservations":{"count":1405925,"self":221.04245759999998,"total":221.04246419999998,"children":null},"WriteActionMask":{"count":1405925,"self":0.87885229999999992,"total":0.87885229999999992,"children":null},"RequestDecision":{"count":1405925,"self":3.8449944,"total":32.8765736,"children":{"AgentInfo.ToProto":{"count":1405925,"self":3.0330372,"total":29.0315791,"children":{"GenerateSensorData":{"count":1405925,"self":25.998542399999998,"total":25.9985419,"children":null}}}}}}},"DecideAction":{"count":281184,"self":2731.0870528,"total":2731.0869712999997,"children":null},"AgentAct":{"count":281184,"self":41.8841184,"total":41.9174848,"children":{"AgentInfo.ToProto":{"count":707,"self":0.0058425,"total":0.033364899999999996,"children":{"GenerateSensorData":{"count":707,"self":0.0275224,"total":0.0275224,"children":null}}}}},"AgentInfo.ToProto":{"count":2768,"self":0.045924799999999995,"total":0.14641389999999999,"children":{"GenerateSensorData":{"count":2768,"self":0.1004891,"total":0.1004891,"children":null}}}},"gauges":{"TankBehavior.CumulativeReward":{"count":3475,"max":5617.825,"min":-5918.08154,"runningAverage":453.45932,"value":429.325226,"weightedAverage":-320.494537}},"metadata":{"timer_format_version":"0.1.0","start_time_seconds":"1730342087","unity_version":"2022.3.47f1","command_line_arguments":"C:\\Program Files\\Unity\\Hub\\Editor\\2022.3.47f1\\Editor\\Unity.exe -projectpath C:\\Users\\User\\Desktop\\Tank-Game-AI -useHub -hubIPC -cloudEnvironment production -licensingIpc LicenseClient-User -hubSessionId f4709cc1-b08c-4276-8c88-82adfb7a28a2 -accessToken aQAxTU19ger9wfGNu4GPNrBgSuMhBGcfBsWs-lX25nc011f","communication_protocol_version":"1.5.0","com.unity.ml-agents_version":"2.0.1","scene_name":"CombatTraining2","end_time_seconds":"1730346396"}}