{"count":1,"self":568.2498048,"total":893.1667692,"children":{"InitializeActuators":{"count":9,"self":0.0019973,"total":0.0019973,"children":null},"InitializeSensors":{"count":9,"self":0.0020155999999999998,"total":0.0020155999999999998,"children":null},"AgentSendState":{"count":12434,"self":0.18755529999999998,"total":303.63195859999996,"children":{"CollectObservations":{"count":22383,"self":303.0085376,"total":303.0085297,"children":null},"WriteActionMask":{"count":22383,"self":0.0207029,"total":0.0207029,"children":null},"RequestDecision":{"count":22383,"self":0.13152239999999998,"total":0.4151707,"children":{"AgentInfo.ToProto":{"count":22383,"self":0.0852849,"total":0.28364829999999996,"children":{"GenerateSensorData":{"count":22383,"self":0.1983634,"total":0.1983634,"children":null}}}}}}},"DecideAction":{"count":12434,"self":20.5370848,"total":20.5370852,"children":null},"AgentAct":{"count":12434,"self":0.73989589999999994,"total":0.73989589999999994,"children":null},"AgentInfo.ToProto":{"count":90,"self":0.00050999999999999993,"total":0.0030245999999999997,"children":{"GenerateSensorData":{"count":90,"self":0.0025146,"total":0.0025146,"children":null}}}},"gauges":{"TankBehavior.CumulativeReward":{"count":90,"max":173.475525,"min":-278.4645,"runningAverage":63.7723732,"value":68.9855652,"weightedAverage":64.02079}},"metadata":{"timer_format_version":"0.1.0","start_time_seconds":"1731556571","unity_version":"2022.3.47f1","command_line_arguments":"C:\\Program Files\\Unity\\Hub\\Editor\\2022.3.47f1\\Editor\\Unity.exe -projectpath C:\\Users\\User\\Desktop\\Tank-Game-AI -useHub -hubIPC -cloudEnvironment production -licensingIpc LicenseClient-User -hubSessionId d646cf0c-d9f2-4e89-b98e-7dda7a43d7a9 -accessToken bZ2QTzZOyj0UIore9UtqGorWOqRzndslgeR6_uuCI9M011f","communication_protocol_version":"1.5.0","com.unity.ml-agents_version":"2.0.1","scene_name":"CombatTrainingMedium","end_time_seconds":"1731557464"}}