{"count":1,"self":351.3827328,"total":1550.2173222,"children":{"InitializeActuators":{"count":25,"self":0.0035058999999999997,"total":0.0035058999999999997,"children":null},"InitializeSensors":{"count":25,"self":0.0032169,"total":0.0032169,"children":null},"AgentSendState":{"count":110751,"self":2.3501502,"total":109.2821039,"children":{"CollectObservations":{"count":553825,"self":91.861081599999991,"total":91.861082599999989,"children":null},"WriteActionMask":{"count":553825,"self":0.3970354,"total":0.3970354,"children":null},"RequestDecision":{"count":553825,"self":1.5373310999999998,"total":14.6738357,"children":{"AgentInfo.ToProto":{"count":553825,"self":1.6380156,"total":13.136504599999999,"children":{"GenerateSensorData":{"count":553825,"self":11.498488799999999,"total":11.498489,"children":null}}}}}}},"DecideAction":{"count":110751,"self":1070.8883455999999,"total":1070.8883180999999,"children":null},"AgentAct":{"count":110751,"self":18.6362064,"total":18.6511526,"children":{"AgentInfo.ToProto":{"count":489,"self":0,"total":0.014946899999999999,"children":{"GenerateSensorData":{"count":489,"self":0.014946899999999999,"total":0.014946899999999999,"children":null}}}}},"AgentInfo.ToProto":{"count":86,"self":0,"total":0.0040956,"children":{"GenerateSensorData":{"count":86,"self":0.0040956,"total":0.0040956,"children":null}}}},"gauges":{"TankBehavior.CumulativeReward":{"count":575,"max":1139.51245,"min":-2127.60986,"runningAverage":105.043533,"value":401.247925,"weightedAverage":314.540924}},"metadata":{"timer_format_version":"0.1.0","start_time_seconds":"1729473958","unity_version":"2022.3.47f1","command_line_arguments":"C:\\Program Files\\Unity\\Hub\\Editor\\2022.3.47f1\\Editor\\Unity.exe -projectpath C:\\Users\\User\\Desktop\\Tank-Game-AI -useHub -hubIPC -cloudEnvironment production -licensingIpc LicenseClient-User -hubSessionId 0569c99b-0398-42ae-b2f5-3cb3d35bb3da -accessToken DzM6vk8tIiDfJObfZU3CpKkA-J-TqpG8ugMbpcEJ9zM011f","communication_protocol_version":"1.5.0","com.unity.ml-agents_version":"2.0.1","scene_name":"CombatTraining0","end_time_seconds":"1729475509"}}