{"count":1,"self":142.8163328,"total":1021.0445368999999,"children":{"InitializeActuators":{"count":25,"self":0.0036106999999999997,"total":0.0036106999999999997,"children":null},"InitializeSensors":{"count":25,"self":0.0031455999999999997,"total":0.0031455999999999997,"children":null},"AgentSendState":{"count":40534,"self":0.8682764,"total":40.1366306,"children":{"CollectObservations":{"count":202700,"self":33.6693664,"total":33.6693674,"children":null},"WriteActionMask":{"count":202700,"self":0.10829369999999999,"total":0.10829369999999999,"children":null},"RequestDecision":{"count":202700,"self":0.59733669999999994,"total":5.4906931,"children":{"AgentInfo.ToProto":{"count":202700,"self":0.5819227,"total":4.8933564,"children":{"GenerateSensorData":{"count":202700,"self":4.3114336,"total":4.3114336999999994,"children":null}}}}}}},"DecideAction":{"count":40534,"self":831.11976959999993,"total":831.1197849,"children":null},"AgentAct":{"count":40534,"self":6.9494447999999993,"total":6.9585121,"children":{"AgentInfo.ToProto":{"count":181,"self":0.0025486,"total":0.0090674,"children":{"GenerateSensorData":{"count":181,"self":0.0065188,"total":0.0065188,"children":null}}}}},"AgentInfo.ToProto":{"count":20,"self":0.0020138,"total":0.0045157999999999995,"children":{"GenerateSensorData":{"count":20,"self":0.002502,"total":0.002502,"children":null}}}},"gauges":{"TankBehavior.CumulativeReward":{"count":201,"max":743.2687,"min":-130.840668,"runningAverage":97.6172562,"value":-64.5018158,"weightedAverage":110.406868}},"metadata":{"timer_format_version":"0.1.0","start_time_seconds":"1729488193","unity_version":"2022.3.47f1","command_line_arguments":"C:\\Program Files\\Unity\\Hub\\Editor\\2022.3.47f1\\Editor\\Unity.exe -projectpath C:\\Users\\User\\Desktop\\Tank-Game-AI -useHub -hubIPC -cloudEnvironment production -licensingIpc LicenseClient-User -hubSessionId 0569c99b-0398-42ae-b2f5-3cb3d35bb3da -accessToken DzM6vk8tIiDfJObfZU3CpKkA-J-TqpG8ugMbpcEJ9zM011f","communication_protocol_version":"1.5.0","com.unity.ml-agents_version":"2.0.1","scene_name":"CombatTraining0","end_time_seconds":"1729489214"}}