{"count":1,"self":82.814009599999991,"total":328.9131701,"children":{"InitializeActuators":{"count":25,"self":0.0019421999999999998,"total":0.0019421999999999998,"children":null},"InitializeSensors":{"count":25,"self":0.0045693999999999995,"total":0.0045693999999999995,"children":null},"AgentSendState":{"count":24001,"self":0.5731909,"total":24.827970099999998,"children":{"CollectObservations":{"count":120025,"self":20.708848,"total":20.7088488,"children":null},"WriteActionMask":{"count":120025,"self":0.089876299999999992,"total":0.089876299999999992,"children":null},"RequestDecision":{"count":120025,"self":0.38456219999999997,"total":3.4560541,"children":{"AgentInfo.ToProto":{"count":120025,"self":0.38464529999999997,"total":3.0714919,"children":{"GenerateSensorData":{"count":120025,"self":2.6868466,"total":2.6868466,"children":null}}}}}}},"DecideAction":{"count":24001,"self":217.259392,"total":217.25939799999998,"children":null},"AgentAct":{"count":24001,"self":3.9971216,"total":4.002663,"children":{"AgentInfo.ToProto":{"count":95,"self":0.001518,"total":0.0055413,"children":{"GenerateSensorData":{"count":95,"self":0.0040233,"total":0.0040233,"children":null}}}}},"AgentInfo.ToProto":{"count":33,"self":0,"total":0.00099359999999999987,"children":{"GenerateSensorData":{"count":33,"self":0.00099359999999999987,"total":0.00099359999999999987,"children":null}}}},"gauges":{"TankBehavior.CumulativeReward":{"count":128,"max":1342.421,"min":-1424.03381,"runningAverage":203.925491,"value":-72.23505,"weightedAverage":261.0271}},"metadata":{"timer_format_version":"0.1.0","start_time_seconds":"1729222540","unity_version":"2022.3.47f1","command_line_arguments":"C:\\Program Files\\Unity\\Hub\\Editor\\2022.3.47f1\\Editor\\Unity.exe -projectpath C:\\Users\\User\\Desktop\\Tank-Game-AI -useHub -hubIPC -cloudEnvironment production -licensingIpc LicenseClient-User -hubSessionId b5c3f763-e818-4b32-b678-51cda03d1b88 -accessToken eJYgWd1Ui8dHhmK_x12NfpJYx6f7Ic9iuqYA7r11G0Q011f","communication_protocol_version":"1.5.0","com.unity.ml-agents_version":"2.0.1","scene_name":"CombatTraining0","end_time_seconds":"1729222869"}}