{"count":1,"self":78.5095104,"total":373.4040166,"children":{"InitializeActuators":{"count":25,"self":0.0015504,"total":0.0015504,"children":null},"InitializeSensors":{"count":25,"self":0.0018834,"total":0.0018834,"children":null},"AgentSendState":{"count":22801,"self":0.47424049999999995,"total":22.996483599999998,"children":{"CollectObservations":{"count":114025,"self":19.212476799999997,"total":19.2124761,"children":null},"WriteActionMask":{"count":114025,"self":0.0707718,"total":0.0707718,"children":null},"RequestDecision":{"count":114025,"self":0.34614849999999997,"total":3.2389951999999997,"children":{"AgentInfo.ToProto":{"count":114025,"self":0.3897227,"total":2.8928466999999998,"children":{"GenerateSensorData":{"count":114025,"self":2.5031239999999997,"total":2.5031239999999997,"children":null}}}}}}},"DecideAction":{"count":22801,"self":267.8549248,"total":267.8549321,"children":null},"AgentAct":{"count":22801,"self":4.0289947999999995,"total":4.0300101999999995,"children":{"AgentInfo.ToProto":{"count":50,"self":0,"total":0.0010153999999999999,"children":{"GenerateSensorData":{"count":50,"self":0.0010153999999999999,"total":0.0010153999999999999,"children":null}}}}},"AgentInfo.ToProto":{"count":134,"self":0.0015142999999999999,"total":0.0086383,"children":{"GenerateSensorData":{"count":134,"self":0.0071239999999999993,"total":0.0071239999999999993,"children":null}}}},"gauges":{"TankBehavior.CumulativeReward":{"count":184,"max":722.911438,"min":-93.1207047,"runningAverage":73.5201,"value":-31.72428,"weightedAverage":89.25347}},"metadata":{"timer_format_version":"0.1.0","start_time_seconds":"1729131165","unity_version":"2022.3.47f1","command_line_arguments":"C:\\Program Files\\Unity\\Hub\\Editor\\2022.3.47f1\\Editor\\Unity.exe -projectpath C:\\Users\\User\\Desktop\\Tank-Game-AI -useHub -hubIPC -cloudEnvironment production -licensingIpc LicenseClient-User -hubSessionId f0ccafaf-ce1e-4638-b667-bf2e0c43acdd -accessToken yQMs-FbloDxN5Itm8ZgrMj1Z24aVCehyKoJmn0V7ahw011f","communication_protocol_version":"1.5.0","com.unity.ml-agents_version":"2.0.1","scene_name":"CombatTraining0","end_time_seconds":"1729131538"}}