{"count":1,"self":79.2516864,"total":228.80985479999998,"children":{"InitializeActuators":{"count":25,"self":0.0010031,"total":0.0010031,"children":null},"InitializeSensors":{"count":25,"self":0.0025066999999999997,"total":0.0025066999999999997,"children":null},"AgentSendState":{"count":23551,"self":0.48425229999999997,"total":22.948470699999998,"children":{"CollectObservations":{"count":117775,"self":19.228347199999998,"total":19.228347799999998,"children":null},"WriteActionMask":{"count":117775,"self":0.0796547,"total":0.0796547,"children":null},"RequestDecision":{"count":117775,"self":0.3520455,"total":3.1562159,"children":{"AgentInfo.ToProto":{"count":117775,"self":0.3632737,"total":2.8041704,"children":{"GenerateSensorData":{"count":117775,"self":2.4408968,"total":2.4408966999999997,"children":null}}}}}}},"DecideAction":{"count":23551,"self":123.07728639999999,"total":123.0772805,"children":null},"AgentAct":{"count":23551,"self":3.521048,"total":3.5273949,"children":{"AgentInfo.ToProto":{"count":99,"self":0,"total":0.0063466999999999994,"children":{"GenerateSensorData":{"count":99,"self":0.0063466999999999994,"total":0.0063466999999999994,"children":null}}}}},"AgentInfo.ToProto":{"count":26,"self":0,"total":0.000505,"children":{"GenerateSensorData":{"count":26,"self":0.000505,"total":0.000505,"children":null}}}},"gauges":{"TankBehavior.CumulativeReward":{"count":125,"max":1362.97327,"min":-1745.9082,"runningAverage":148.413452,"value":380.153717,"weightedAverage":240.076279}},"metadata":{"timer_format_version":"0.1.0","start_time_seconds":"1729142678","unity_version":"2022.3.47f1","command_line_arguments":"C:\\Program Files\\Unity\\Hub\\Editor\\2022.3.47f1\\Editor\\Unity.exe -projectpath C:\\Users\\User\\Desktop\\Tank-Game-AI -useHub -hubIPC -cloudEnvironment production -licensingIpc LicenseClient-User -hubSessionId 58980a0f-279b-4aaf-adf6-7e58ace5ef56 -accessToken D3fwVeMVqYVOW2VH1y8GBPXlgqWl8j0ci_RSDToqjUY011f","communication_protocol_version":"1.5.0","com.unity.ml-agents_version":"2.0.1","scene_name":"CombatTraining0","end_time_seconds":"1729142907"}}