{"count":1,"self":315.2234752,"total":1345.8731126999999,"children":{"InitializeActuators":{"count":25,"self":0.0020074999999999997,"total":0.0020074999999999997,"children":null},"InitializeSensors":{"count":25,"self":0.0024319,"total":0.0024319,"children":null},"AgentSendState":{"count":86517,"self":1.9551611999999998,"total":88.0796439,"children":{"CollectObservations":{"count":432625,"self":73.262592,"total":73.262590199999991,"children":null},"WriteActionMask":{"count":432625,"self":0.2716263,"total":0.2716263,"children":null},"RequestDecision":{"count":432625,"self":1.3001711999999999,"total":12.5902663,"children":{"AgentInfo.ToProto":{"count":432625,"self":1.3667729,"total":11.2900951,"children":{"GenerateSensorData":{"count":432625,"self":9.9233224,"total":9.9233222,"children":null}}}}}}},"DecideAction":{"count":86517,"self":927.3838592,"total":927.3838178,"children":null},"AgentAct":{"count":86517,"self":15.152203199999999,"total":15.169308299999999,"children":{"AgentInfo.ToProto":{"count":314,"self":0.007951,"total":0.017104499999999998,"children":{"GenerateSensorData":{"count":314,"self":0.0091535,"total":0.0091535,"children":null}}}}},"AgentInfo.ToProto":{"count":217,"self":0.0040425,"total":0.010432499999999999,"children":{"GenerateSensorData":{"count":217,"self":0.00639,"total":0.00639,"children":null}}}},"gauges":{"TankBehavior.CumulativeReward":{"count":531,"max":794.4303,"min":-1977.30432,"runningAverage":40.56508,"value":-74.494606,"weightedAverage":-1.414856}},"metadata":{"timer_format_version":"0.1.0","start_time_seconds":"1729489466","unity_version":"2022.3.47f1","command_line_arguments":"C:\\Program Files\\Unity\\Hub\\Editor\\2022.3.47f1\\Editor\\Unity.exe -projectpath C:\\Users\\User\\Desktop\\Tank-Game-AI -useHub -hubIPC -cloudEnvironment production -licensingIpc LicenseClient-User -hubSessionId 0569c99b-0398-42ae-b2f5-3cb3d35bb3da -accessToken DzM6vk8tIiDfJObfZU3CpKkA-J-TqpG8ugMbpcEJ9zM011f","communication_protocol_version":"1.5.0","com.unity.ml-agents_version":"2.0.1","scene_name":"CombatTraining0","end_time_seconds":"1729490812"}}