{"count":1,"self":2353.806336,"total":7549.5575369,"children":{"InitializeActuators":{"count":25,"self":0.0029332,"total":0.0029332,"children":null},"InitializeSensors":{"count":25,"self":0.0029067,"total":0.0029067,"children":null},"AgentSendState":{"count":770184,"self":15.650833599999999,"total":762.90119699999991,"children":{"CollectObservations":{"count":3850925,"self":643.1094784,"total":643.1094541,"children":null},"WriteActionMask":{"count":3850925,"self":2.2948778,"total":2.2948778,"children":null},"RequestDecision":{"count":3850925,"self":10.4982056,"total":101.84603159999999,"children":{"AgentInfo.ToProto":{"count":3850925,"self":11.078024,"total":91.347826,"children":{"GenerateSensorData":{"count":3850925,"self":80.2698048,"total":80.269802,"children":null}}}}}}},"DecideAction":{"count":770184,"self":4317.0820096,"total":4317.0821865,"children":null},"AgentAct":{"count":770184,"self":115.48326399999999,"total":115.63619999999999,"children":{"AgentInfo.ToProto":{"count":3415,"self":0.0281122,"total":0.15294159999999998,"children":{"GenerateSensorData":{"count":3415,"self":0.1248294,"total":0.1248294,"children":null}}}}},"AgentInfo.ToProto":{"count":1779,"self":0.031427199999999995,"total":0.12403289999999999,"children":{"GenerateSensorData":{"count":1779,"self":0.0926057,"total":0.0926057,"children":null}}}},"gauges":{"TankBehavior.CumulativeReward":{"count":5194,"max":1241.433,"min":-3952.242,"runningAverage":39.98545,"value":-24.4838924,"weightedAverage":93.54121}},"metadata":{"timer_format_version":"0.1.0","start_time_seconds":"1729050388","unity_version":"2022.3.47f1","command_line_arguments":"C:\\Program Files\\Unity\\Hub\\Editor\\2022.3.47f1\\Editor\\Unity.exe -projectpath C:\\Users\\User\\Desktop\\Tank-Game-AI -useHub -hubIPC -cloudEnvironment production -licensingIpc LicenseClient-User -hubSessionId bbdc52c5-59cb-452c-827b-bbae0b486fe3 -accessToken p7BTOobDry2uiBfShmh10YBtAqefyaR2_dX7M8DMK3o011f","communication_protocol_version":"1.5.0","com.unity.ml-agents_version":"2.0.1","scene_name":"CombatTraining0","end_time_seconds":"1729057937"}}