{"count":1,"self":6388.2227711999994,"total":8284.9782549,"children":{"InitializeActuators":{"count":9,"self":0.0035805999999999998,"total":0.0035805999999999998,"children":null},"InitializeSensors":{"count":9,"self":0.0020269999999999997,"total":0.0020269999999999997,"children":null},"AgentSendState":{"count":741217,"self":8.1722816,"total":272.27872329999997,"children":{"CollectObservations":{"count":1334196,"self":238.09410559999998,"total":238.0940963,"children":null},"WriteActionMask":{"count":1334196,"self":1.0623183,"total":1.0623183,"children":null},"RequestDecision":{"count":1334196,"self":5.1705027999999995,"total":24.950026899999997,"children":{"AgentInfo.ToProto":{"count":1334196,"self":5.3698799999999993,"total":19.7795241,"children":{"GenerateSensorData":{"count":1334196,"self":14.409644799999999,"total":14.409644199999999,"children":null}}}}}}},"DecideAction":{"count":741217,"self":1553.1065343999999,"total":1553.1065374999998,"children":null},"AgentAct":{"count":741217,"self":71.170969599999992,"total":71.175176,"children":{"AgentInfo.ToProto":{"count":46,"self":0.001513,"total":0.0042065,"children":{"GenerateSensorData":{"count":46,"self":0.0026934999999999997,"total":0.0026934999999999997,"children":null}}}}},"AgentInfo.ToProto":{"count":6104,"self":0.0639,"total":0.1875772,"children":{"GenerateSensorData":{"count":6104,"self":0.1236772,"total":0.1236772,"children":null}}}},"gauges":{"TankBehavior.CumulativeReward":{"count":6150,"max":997.4746,"min":-5606.14,"runningAverage":199.450027,"value":305.496216,"weightedAverage":336.0716}},"metadata":{"timer_format_version":"0.1.0","start_time_seconds":"1732078916","unity_version":"2022.3.47f1","command_line_arguments":"C:\\Program Files\\Unity\\Hub\\Editor\\2022.3.47f1\\Editor\\Unity.exe -projectpath C:\\Users\\User\\Desktop\\Tank-Game-AI -useHub -hubIPC -cloudEnvironment production -licensingIpc LicenseClient-User -hubSessionId afbf2657-96b2-470b-a2ac-a6d36db9dd00 -accessToken NArjWt1-1oOSk0bE5f_5yIFlpKxYmtDQda7yYs8-luI011f","communication_protocol_version":"1.5.0","com.unity.ml-agents_version":"2.0.1","scene_name":"CombatTrainingMedium","end_time_seconds":"1732087201"}}