{"count":1,"self":2448.6350847999997,"total":10169.2068575,"children":{"InitializeActuators":{"count":25,"self":0.0041475,"total":0.0041475,"children":null},"InitializeSensors":{"count":25,"self":0.0035402999999999997,"total":0.0035402999999999997,"children":null},"AgentSendState":{"count":727534,"self":16.277383999999998,"total":742.6558779,"children":{"CollectObservations":{"count":3637675,"self":623.89299199999994,"total":623.89300559999992,"children":null},"WriteActionMask":{"count":3637675,"self":2.3277609999999997,"total":2.3277609999999997,"children":null},"RequestDecision":{"count":3637675,"self":10.391028799999999,"total":100.1577269,"children":{"AgentInfo.ToProto":{"count":3637675,"self":11.021039199999999,"total":89.7666982,"children":{"GenerateSensorData":{"count":3637675,"self":78.7456576,"total":78.7456588,"children":null}}}}}}},"DecideAction":{"count":727534,"self":6855.3478144,"total":6855.3476336999993,"children":null},"AgentAct":{"count":727534,"self":122.36833279999999,"total":122.5205531,"children":{"AgentInfo.ToProto":{"count":3406,"self":0.0302038,"total":0.1522165,"children":{"GenerateSensorData":{"count":3406,"self":0.12201269999999999,"total":0.12201269999999999,"children":null}}}}},"AgentInfo.ToProto":{"count":971,"self":0.0077716999999999994,"total":0.0386887,"children":{"GenerateSensorData":{"count":971,"self":0.030917,"total":0.030917,"children":null}}}},"gauges":{"TankBehavior.CumulativeReward":{"count":4377,"max":1132.2439,"min":-2795.17432,"runningAverage":603.309631,"value":1091.72961,"weightedAverage":686.783447}},"metadata":{"timer_format_version":"0.1.0","start_time_seconds":"1729859990","unity_version":"2022.3.47f1","command_line_arguments":"C:\\Program Files\\Unity\\Hub\\Editor\\2022.3.47f1\\Editor\\Unity.exe -projectpath C:\\Users\\User\\Desktop\\Tank-Game-AI -useHub -hubIPC -cloudEnvironment production -licensingIpc LicenseClient-User -hubSessionId 51879601-ce07-40c3-a8e6-8baede0425e0 -accessToken 6T83oH1KJg0IrOyvQW53TeigSYcWe_B0LJGCNw-VipM011f","communication_protocol_version":"1.5.0","com.unity.ml-agents_version":"2.0.1","scene_name":"CombatTraining0","end_time_seconds":"1729870159"}}