{"count":1,"self":721.0056192,"total":5826.1183348999994,"children":{"InitializeActuators":{"count":25,"self":0.0025621999999999997,"total":0.0025621999999999997,"children":null},"InitializeSensors":{"count":25,"self":0.0021092999999999997,"total":0.0021092999999999997,"children":null},"AgentSendState":{"count":228401,"self":4.99682,"total":225.1580625,"children":{"CollectObservations":{"count":1142125,"self":189.0304128,"total":189.0304181,"children":null},"WriteActionMask":{"count":1142125,"self":0.762493,"total":0.762493,"children":null},"RequestDecision":{"count":1142125,"self":3.1796648,"total":30.368331599999998,"children":{"AgentInfo.ToProto":{"count":1142125,"self":3.3930596,"total":27.188666899999998,"children":{"GenerateSensorData":{"count":1142125,"self":23.795607999999998,"total":23.7956073,"children":null}}}}}}},"DecideAction":{"count":228401,"self":4840.5192704,"total":4840.5192191,"children":null},"AgentAct":{"count":228401,"self":39.3868448,"total":39.408231,"children":{"AgentInfo.ToProto":{"count":804,"self":0.0020456,"total":0.021386199999999998,"children":{"GenerateSensorData":{"count":804,"self":0.0193406,"total":0.0193406,"children":null}}}}},"AgentInfo.ToProto":{"count":454,"self":0.0040431,"total":0.0210416,"children":{"GenerateSensorData":{"count":454,"self":0.0169985,"total":0.0169985,"children":null}}}},"gauges":{"TankBehavior.CumulativeReward":{"count":1258,"max":1197.87268,"min":-1522.83325,"runningAverage":105.430061,"value":-70.0004959,"weightedAverage":-23.7222}},"metadata":{"timer_format_version":"0.1.0","start_time_seconds":"1729738805","unity_version":"2022.3.47f1","command_line_arguments":"C:\\Program Files\\Unity\\Hub\\Editor\\2022.3.47f1\\Editor\\Unity.exe -projectpath C:\\Users\\User\\Desktop\\Tank-Game-AI -useHub -hubIPC -cloudEnvironment production -licensingIpc LicenseClient-User -hubSessionId ffed7b4b-0606-4338-bfc3-159700fc94b3 -accessToken eY9O-kxUnh-mZZ4MJXEXv8Wngx10DGTxvn3LLrSRFK4011f","communication_protocol_version":"1.5.0","com.unity.ml-agents_version":"2.0.1","scene_name":"CombatTraining1","end_time_seconds":"1729744631"}}