{"count":1,"self":7235.0973951999995,"total":39005.7136844,"children":{"InitializeActuators":{"count":25,"self":0.0025196,"total":0.0025196,"children":null},"InitializeSensors":{"count":25,"self":0.0029993999999999997,"total":0.0029993999999999997,"children":null},"AgentSendState":{"count":2193284,"self":45.2648352,"total":2655.552247,"children":{"CollectObservations":{"count":10966425,"self":1875.1506431999999,"total":1875.1505805,"children":null},"WriteActionMask":{"count":10966425,"self":7.3446688,"total":7.3446691,"children":null},"RequestDecision":{"count":10966425,"self":26.698567999999998,"total":727.7921613,"children":{"AgentInfo.ToProto":{"count":10966425,"self":22.258532799999998,"total":701.09359399999994,"children":{"GenerateSensorData":{"count":10966425,"self":678.8350464,"total":678.8350608,"children":null}}}}}}},"DecideAction":{"count":2193284,"self":28775.9859712,"total":28775.9871201,"children":null},"AgentAct":{"count":2193284,"self":335.2408832,"total":335.7187321,"children":{"AgentInfo.ToProto":{"count":4857,"self":0.033173999999999995,"total":0.47785449999999996,"children":{"GenerateSensorData":{"count":4857,"self":0.4446805,"total":0.4446805,"children":null}}}}},"AgentInfo.ToProto":{"count":37393,"self":0.29025059999999997,"total":3.3510279,"children":{"GenerateSensorData":{"count":37393,"self":3.0607772,"total":3.0607773,"children":null}}}},"gauges":{"TankBehavior.CumulativeReward":{"count":42250,"max":76.14782,"min":-1402.867,"runningAverage":-19.0739689,"value":-104.879013,"weightedAverage":-15.553771}},"metadata":{"timer_format_version":"0.1.0","start_time_seconds":"1730809740","unity_version":"2022.3.47f1","command_line_arguments":"C:\\Program Files\\Unity\\Hub\\Editor\\2022.3.47f1\\Editor\\Unity.exe -projectpath C:\\Users\\User\\Desktop\\Tank-Game-AI -useHub -hubIPC -cloudEnvironment production -licensingIpc LicenseClient-User -hubSessionId 65791bef-16ac-4820-9a73-2baab53d0548 -accessToken ekx8i3Bc3vfXmu2FIGYCZQBbipzhtvbUthHwWZ2r4CY011f","communication_protocol_version":"1.5.0","com.unity.ml-agents_version":"2.0.1","scene_name":"CombatTraining2","end_time_seconds":"1730848745"}}