{"count":1,"self":735.63417599999991,"total":2151.1235684,"children":{"InitializeActuators":{"count":25,"self":0.0018931999999999998,"total":0.0018931999999999998,"children":null},"InitializeSensors":{"count":25,"self":0.0015691,"total":0.0015691,"children":null},"AgentSendState":{"count":226834,"self":5.0283064,"total":224.67225499999998,"children":{"CollectObservations":{"count":1134350,"self":188.37634559999998,"total":188.37634939999998,"children":null},"WriteActionMask":{"count":1134350,"self":0.72805449999999994,"total":0.72805449999999994,"children":null},"RequestDecision":{"count":1134350,"self":3.215461,"total":30.539544499999998,"children":{"AgentInfo.ToProto":{"count":1134350,"self":3.419518,"total":27.3240835,"children":{"GenerateSensorData":{"count":1134350,"self":23.9045648,"total":23.9045655,"children":null}}}}}}},"DecideAction":{"count":226834,"self":1154.1809151999998,"total":1154.1809126,"children":null},"AgentAct":{"count":226834,"self":36.573696,"total":36.6053539,"children":{"AgentInfo.ToProto":{"count":892,"self":0.0061262999999999995,"total":0.0316583,"children":{"GenerateSensorData":{"count":892,"self":0.025532,"total":0.025532,"children":null}}}}},"AgentInfo.ToProto":{"count":415,"self":0.0031211999999999998,"total":0.0258691,"children":{"GenerateSensorData":{"count":415,"self":0.022747899999999998,"total":0.022747899999999998,"children":null}}}},"gauges":{"TankBehavior.CumulativeReward":{"count":1307,"max":1613.0321,"min":-1827.56372,"runningAverage":131.134018,"value":-629.6896,"weightedAverage":-47.8267}},"metadata":{"timer_format_version":"0.1.0","start_time_seconds":"1729143381","unity_version":"2022.3.47f1","command_line_arguments":"C:\\Program Files\\Unity\\Hub\\Editor\\2022.3.47f1\\Editor\\Unity.exe -projectpath C:\\Users\\User\\Desktop\\Tank-Game-AI -useHub -hubIPC -cloudEnvironment production -licensingIpc LicenseClient-User -hubSessionId 58980a0f-279b-4aaf-adf6-7e58ace5ef56 -accessToken D3fwVeMVqYVOW2VH1y8GBPXlgqWl8j0ci_RSDToqjUY011f","communication_protocol_version":"1.5.0","com.unity.ml-agents_version":"2.0.1","scene_name":"CombatTraining0","end_time_seconds":"1729145532"}}