{"count":1,"self":4780.2257408,"total":5533.5377063999995,"children":{"InitializeActuators":{"count":16,"self":0.0030315999999999997,"total":0.0030315999999999997,"children":null},"InitializeSensors":{"count":16,"self":0.0016606,"total":0.0016606,"children":null},"AgentSendState":{"count":291917,"self":3.5902928,"total":61.9393551,"children":{"CollectObservations":{"count":934144,"self":47.738748799999996,"total":47.7387489,"children":null},"WriteActionMask":{"count":934144,"self":0.60600789999999993,"total":0.60600789999999993,"children":null},"RequestDecision":{"count":934144,"self":2.3841018,"total":10.0043054,"children":{"AgentInfo.ToProto":{"count":934144,"self":2.0447873999999997,"total":7.6202036,"children":{"GenerateSensorData":{"count":934144,"self":5.575416,"total":5.5754161999999994,"children":null}}}}}}},"DecideAction":{"count":291917,"self":651.83283199999994,"total":651.8328326,"children":null},"AgentAct":{"count":291917,"self":39.5073728,"total":39.5194882,"children":{"AgentInfo.ToProto":{"count":695,"self":0.0059849,"total":0.0121138,"children":{"GenerateSensorData":{"count":695,"self":0.0061289,"total":0.0061289,"children":null}}}}},"AgentInfo.ToProto":{"count":702,"self":0.0051204,"total":0.0151773,"children":{"GenerateSensorData":{"count":702,"self":0.010056899999999999,"total":0.010056899999999999,"children":null}}}},"gauges":{"TankBehavior.CumulativeReward":{"count":1397,"max":38.5356827,"min":-1275.86084,"runningAverage":-126.974327,"value":-110.7315,"weightedAverage":-128.029984}},"metadata":{"timer_format_version":"0.1.0","start_time_seconds":"1732000138","unity_version":"2022.3.47f1","command_line_arguments":"C:\\Program Files\\Unity\\Hub\\Editor\\2022.3.47f1\\Editor\\Unity.exe -projectpath C:\\Users\\User\\Desktop\\Tank-Game-AI -useHub -hubIPC -cloudEnvironment production -licensingIpc LicenseClient-User -hubSessionId dc6675d1-3ea8-4922-8331-0181a5445821 -accessToken eE1z9SDvdDq4vvL_kW92x31dPU3UC6fvVhrRidx85MA011f","communication_protocol_version":"1.5.0","com.unity.ml-agents_version":"2.0.1","scene_name":"CombatTrainingMedium2","end_time_seconds":"1732005672"}}