{"count":1,"self":83.14446079999999,"total":331.8685178,"children":{"InitializeActuators":{"count":25,"self":0.0029919,"total":0.0029919,"children":null},"InitializeSensors":{"count":25,"self":0.0019318999999999999,"total":0.0019318999999999999,"children":null},"AgentSendState":{"count":24234,"self":0.5100423,"total":23.9151563,"children":{"CollectObservations":{"count":121175,"self":20.010991999999998,"total":20.0109925,"children":null},"WriteActionMask":{"count":121175,"self":0.0989013,"total":0.0989013,"children":null},"RequestDecision":{"count":121175,"self":0.3456653,"total":3.2952201999999997,"children":{"AgentInfo.ToProto":{"count":121175,"self":0.39244829999999997,"total":2.9495549,"children":{"GenerateSensorData":{"count":121175,"self":2.5571066,"total":2.5571066,"children":null}}}}}}},"DecideAction":{"count":24234,"self":220.9124608,"total":220.912458,"children":null},"AgentAct":{"count":24234,"self":3.8830175999999996,"total":3.8870492,"children":{"AgentInfo.ToProto":{"count":93,"self":0.0009994,"total":0.0040314999999999995,"children":{"GenerateSensorData":{"count":93,"self":0.0030321,"total":0.0030321,"children":null}}}}},"AgentInfo.ToProto":{"count":35,"self":0,"total":0.0029251999999999998,"children":{"GenerateSensorData":{"count":35,"self":0.0029251999999999998,"total":0.0029251999999999998,"children":null}}}},"gauges":{"TankBehavior.CumulativeReward":{"count":128,"max":1310.58618,"min":-1482.81262,"runningAverage":204.832672,"value":470.08252,"weightedAverage":417.2037}},"metadata":{"timer_format_version":"0.1.0","start_time_seconds":"1729130045","unity_version":"2022.3.47f1","command_line_arguments":"C:\\Program Files\\Unity\\Hub\\Editor\\2022.3.47f1\\Editor\\Unity.exe -projectpath C:\\Users\\User\\Desktop\\Tank-Game-AI -useHub -hubIPC -cloudEnvironment production -licensingIpc LicenseClient-User -hubSessionId f0ccafaf-ce1e-4638-b667-bf2e0c43acdd -accessToken yQMs-FbloDxN5Itm8ZgrMj1Z24aVCehyKoJmn0V7ahw011f","communication_protocol_version":"1.5.0","com.unity.ml-agents_version":"2.0.1","scene_name":"CombatTraining0","end_time_seconds":"1729130377"}}