{"count":1,"self":5464.4502527999994,"total":16943.5740959,"children":{"InitializeActuators":{"count":25,"self":0.0020504,"total":0.0020504,"children":null},"InitializeSensors":{"count":25,"self":0.0024798999999999997,"total":0.0024798999999999997,"children":null},"AgentSendState":{"count":1770701,"self":37.497606399999995,"total":1788.3732734,"children":{"CollectObservations":{"count":8855025,"self":1504.2739199999999,"total":1504.2739285999999,"children":null},"WriteActionMask":{"count":8855025,"self":5.8704256,"total":5.8704258,"children":null},"RequestDecision":{"count":8855025,"self":24.6537264,"total":240.73131279999998,"children":{"AgentInfo.ToProto":{"count":8855025,"self":26.0764528,"total":216.07758669999998,"children":{"GenerateSensorData":{"count":8855025,"self":190.00113919999998,"total":190.00113449999998,"children":null}}}}}}},"DecideAction":{"count":1770701,"self":9390.5494016,"total":9390.5490615,"children":null},"AgentAct":{"count":1770701,"self":299.4891776,"total":299.7279974,"children":{"AgentInfo.ToProto":{"count":5004,"self":0.0511244,"total":0.23881229999999998,"children":{"GenerateSensorData":{"count":5004,"self":0.1876879,"total":0.1876879,"children":null}}}}},"AgentInfo.ToProto":{"count":7498,"self":0.09883009999999999,"total":0.46791049999999995,"children":{"GenerateSensorData":{"count":7498,"self":0.3690804,"total":0.3690804,"children":null}}}},"gauges":{"TankBehavior.CumulativeReward":{"count":12502,"max":3410.30078,"min":-3968.75513,"runningAverage":499.0589,"value":346.653,"weightedAverage":115.470932}},"metadata":{"timer_format_version":"0.1.0","start_time_seconds":"1729347556","unity_version":"2022.3.47f1","command_line_arguments":"C:\\Program Files\\Unity\\Hub\\Editor\\2022.3.47f1\\Editor\\Unity.exe -projectpath C:\\Users\\User\\Desktop\\Tank-Game-AI -useHub -hubIPC -cloudEnvironment production -licensingIpc LicenseClient-User -hubSessionId 1f9a8a06-7f4a-466f-bbf9-fa5a19c00788 -accessToken 4DfIG8necsjTxd3_Dbhyx6tjhU6ZS6ai3v2pdzkDpFg011f","communication_protocol_version":"1.5.0","com.unity.ml-agents_version":"2.0.1","scene_name":"CombatTraining0","end_time_seconds":"1729364500"}}