{"count":1,"self":721.0395648,"total":2719.5570583999997,"children":{"InitializeActuators":{"count":25,"self":0.0030968,"total":0.0030968,"children":null},"InitializeSensors":{"count":25,"self":0.0025862,"total":0.0025862,"children":null},"AgentSendState":{"count":223901,"self":5.005154,"total":232.5499295,"children":{"CollectObservations":{"count":1119625,"self":195.49542399999999,"total":195.49542119999998,"children":null},"WriteActionMask":{"count":1119625,"self":0.7689819,"total":0.7689819,"children":null},"RequestDecision":{"count":1119625,"self":3.3607639999999996,"total":31.2803723,"children":{"AgentInfo.ToProto":{"count":1119625,"self":3.4544691999999997,"total":27.9196085,"children":{"GenerateSensorData":{"count":1119625,"self":24.4651392,"total":24.465139399999998,"children":null}}}}}}},"DecideAction":{"count":223901,"self":1731.5172352,"total":1731.5171389,"children":null},"AgentAct":{"count":223901,"self":34.3730464,"total":34.3955116,"children":{"AgentInfo.ToProto":{"count":835,"self":0.0043019999999999994,"total":0.022465099999999998,"children":{"GenerateSensorData":{"count":835,"self":0.018163099999999998,"total":0.018163099999999998,"children":null}}}}},"AgentInfo.ToProto":{"count":740,"self":0.0096477,"total":0.048231199999999995,"children":{"GenerateSensorData":{"count":740,"self":0.0385835,"total":0.0385835,"children":null}}}},"gauges":{"TankBehavior.CumulativeReward":{"count":1575,"max":1326.77734,"min":-3558.18262,"runningAverage":39.4955521,"value":-12.0550919,"weightedAverage":72.7753448}},"metadata":{"timer_format_version":"0.1.0","start_time_seconds":"1729081391","unity_version":"2022.3.47f1","command_line_arguments":"C:\\Program Files\\Unity\\Hub\\Editor\\2022.3.47f1\\Editor\\Unity.exe -projectpath C:\\Users\\User\\Desktop\\Tank-Game-AI -useHub -hubIPC -cloudEnvironment production -licensingIpc LicenseClient-User -hubSessionId a7efba18-d780-4b55-a37a-43cfed2bc839 -accessToken Q-v6UxCYcYHhEr5keLA2jivgvvrKq7DWDPQaE9SYetw011f","communication_protocol_version":"1.5.0","com.unity.ml-agents_version":"2.0.1","scene_name":"CombatTraining0","end_time_seconds":"1729084110"}}