{"count":1,"self":1878.2201856,"total":8019.9474833999993,"children":{"InitializeActuators":{"count":25,"self":0.0029941,"total":0.0029941,"children":null},"InitializeSensors":{"count":25,"self":0.0025464,"total":0.0025464,"children":null},"AgentSendState":{"count":610467,"self":12.886443199999999,"total":634.5964903,"children":{"CollectObservations":{"count":3052600,"self":536.87767039999994,"total":536.87767569999994,"children":null},"WriteActionMask":{"count":3052600,"self":1.7697664,"total":1.7697663,"children":null},"RequestDecision":{"count":3052600,"self":8.6236888,"total":83.0626049,"children":{"AgentInfo.ToProto":{"count":3052600,"self":8.9481304,"total":74.43891579999999,"children":{"GenerateSensorData":{"count":3052600,"self":65.490783999999991,"total":65.4907854,"children":null}}}}}}},"DecideAction":{"count":610467,"self":5402.8263424,"total":5402.8265061,"children":null},"AgentAct":{"count":610467,"self":104.1050624,"total":104.17444069999999,"children":{"AgentInfo.ToProto":{"count":1980,"self":0.0078294,"total":0.0693775,"children":{"GenerateSensorData":{"count":1980,"self":0.061548099999999994,"total":0.061548099999999994,"children":null}}}}},"AgentInfo.ToProto":{"count":1764,"self":0.0239749,"total":0.1231303,"children":{"GenerateSensorData":{"count":1764,"self":0.099155399999999991,"total":0.099155399999999991,"children":null}}}},"gauges":{"TankBehavior.CumulativeReward":{"count":3744,"max":2832.393,"min":-1859.55981,"runningAverage":413.351166,"value":663.8043,"weightedAverage":502.720154}},"metadata":{"timer_format_version":"0.1.0","start_time_seconds":"1729673633","unity_version":"2022.3.47f1","command_line_arguments":"C:\\Program Files\\Unity\\Hub\\Editor\\2022.3.47f1\\Editor\\Unity.exe -projectpath C:\\Users\\User\\Desktop\\Tank-Game-AI -useHub -hubIPC -cloudEnvironment production -licensingIpc LicenseClient-User -hubSessionId a1d0e4bb-a7e0-404a-a766-eb3b9ff2cb5c -accessToken Q76-1GexhCS7SdnU0IAZdlv2g6e6g2JdXgT_9ywgTgY011f","communication_protocol_version":"1.5.0","com.unity.ml-agents_version":"2.0.1","scene_name":"CombatTraining0","end_time_seconds":"1729681653"}}