{"count":1,"self":743.5691008,"total":2933.5469048,"children":{"InitializeActuators":{"count":25,"self":0.0032102,"total":0.0032102,"children":null},"InitializeSensors":{"count":25,"self":0.0030983,"total":0.0030983,"children":null},"AgentSendState":{"count":230501,"self":5.2687836,"total":230.8030958,"children":{"CollectObservations":{"count":1152625,"self":193.706752,"total":193.70674689999998,"children":null},"WriteActionMask":{"count":1152625,"self":0.87589359999999994,"total":0.87589359999999994,"children":null},"RequestDecision":{"count":1152625,"self":3.1519679999999997,"total":30.9516717,"children":{"AgentInfo.ToProto":{"count":1152625,"self":3.4478527999999997,"total":27.7997038,"children":{"GenerateSensorData":{"count":1152625,"self":24.3518512,"total":24.351850799999998,"children":null}}}}}}},"DecideAction":{"count":230501,"self":1918.5641472,"total":1918.5641830999998,"children":null},"AgentAct":{"count":230501,"self":40.549059199999995,"total":40.5843036,"children":{"AgentInfo.ToProto":{"count":890,"self":0.0092544999999999988,"total":0.0352447,"children":{"GenerateSensorData":{"count":890,"self":0.025990199999999998,"total":0.025990199999999998,"children":null}}}}},"AgentInfo.ToProto":{"count":299,"self":0.0031000999999999997,"total":0.0183835,"children":{"GenerateSensorData":{"count":299,"self":0.015283399999999999,"total":0.015283399999999999,"children":null}}}},"gauges":{"TankBehavior.CumulativeReward":{"count":1189,"max":1401.11523,"min":-1531.03162,"runningAverage":119.372025,"value":640.1505,"weightedAverage":391.04657}},"metadata":{"timer_format_version":"0.1.0","start_time_seconds":"1729745743","unity_version":"2022.3.47f1","command_line_arguments":"C:\\Program Files\\Unity\\Hub\\Editor\\2022.3.47f1\\Editor\\Unity.exe -projectpath C:\\Users\\User\\Desktop\\Tank-Game-AI -useHub -hubIPC -cloudEnvironment production -licensingIpc LicenseClient-User -hubSessionId ffed7b4b-0606-4338-bfc3-159700fc94b3 -accessToken eY9O-kxUnh-mZZ4MJXEXv8Wngx10DGTxvn3LLrSRFK4011f","communication_protocol_version":"1.5.0","com.unity.ml-agents_version":"2.0.1","scene_name":"CombatTraining1","end_time_seconds":"1729748676"}}