{"count":1,"self":684.6504448,"total":3437.2508573,"children":{"InitializeActuators":{"count":25,"self":0.0024598999999999997,"total":0.0024598999999999997,"children":null},"InitializeSensors":{"count":25,"self":0.0020031,"total":0.0020031,"children":null},"AgentSendState":{"count":234284,"self":4.5163256,"total":229.3609013,"children":{"CollectObservations":{"count":1171425,"self":198.7877632,"total":198.7877662,"children":null},"WriteActionMask":{"count":1171425,"self":0.64248339999999993,"total":0.64248339999999993,"children":null},"RequestDecision":{"count":1171425,"self":2.8515192,"total":25.414326,"children":{"AgentInfo.ToProto":{"count":1171425,"self":2.3663171999999997,"total":22.5628067,"children":{"GenerateSensorData":{"count":1171425,"self":20.1964896,"total":20.1964894,"children":null}}}}}}},"DecideAction":{"count":234284,"self":2486.9203967999997,"total":2486.9204403999997,"children":null},"AgentAct":{"count":234284,"self":36.1133984,"total":36.113399799999996,"children":null},"AgentInfo.ToProto":{"count":3833,"self":0.0521084,"total":0.2012144,"children":{"GenerateSensorData":{"count":3833,"self":0.149106,"total":0.149106,"children":null}}}},"gauges":{"TankBehavior.CumulativeReward":{"count":3833,"max":1419.36328,"min":-214.78479,"runningAverage":431.822327,"value":568.1782,"weightedAverage":533.1918}},"metadata":{"timer_format_version":"0.1.0","start_time_seconds":"1730499349","unity_version":"2022.3.47f1","command_line_arguments":"C:\\Program Files\\Unity\\Hub\\Editor\\2022.3.47f1\\Editor\\Unity.exe -projectpath C:\\Users\\User\\Desktop\\Tank-Game-AI -useHub -hubIPC -cloudEnvironment production -licensingIpc LicenseClient-User -hubSessionId ef16e2b5-e041-4506-b66a-f71e2f540c95 -accessToken Ji3-TvegqsIQm5Vrzkv4uLqtBb_Eoqcsoea5dbpbUAU011f","communication_protocol_version":"1.5.0","com.unity.ml-agents_version":"2.0.1","scene_name":"CombatTraining2","end_time_seconds":"1730502786"}}