{"count":1,"self":8765.9896832,"total":38279.7503144,"children":{"InitializeActuators":{"count":25,"self":0.0020028,"total":0.0020028,"children":null},"InitializeSensors":{"count":25,"self":0.0021038999999999997,"total":0.0021038999999999997,"children":null},"AgentSendState":{"count":2764517,"self":55.868159999999996,"total":2831.1748244,"children":{"CollectObservations":{"count":13822600,"self":2394.0708351999997,"total":2394.0708732,"children":null},"WriteActionMask":{"count":13822600,"self":8.280872,"total":8.2808717,"children":null},"RequestDecision":{"count":13822600,"self":38.713311999999995,"total":372.9549174,"children":{"AgentInfo.ToProto":{"count":13822600,"self":40.1827616,"total":334.2416055,"children":{"GenerateSensorData":{"count":13822600,"self":294.0588544,"total":294.05884449999996,"children":null}}}}}}},"DecideAction":{"count":2764517,"self":26215.718912,"total":26215.718546699998,"children":null},"AgentAct":{"count":2764517,"self":466.14676479999997,"total":466.7534821,"children":{"AgentInfo.ToProto":{"count":13095,"self":0.12735269999999999,"total":0.606718,"children":{"GenerateSensorData":{"count":13095,"self":0.4793653,"total":0.4793653,"children":null}}}}},"AgentInfo.ToProto":{"count":2954,"self":0.026292,"total":0.107842,"children":{"GenerateSensorData":{"count":2954,"self":0.08155,"total":0.08155,"children":null}}}},"gauges":{"TankBehavior.CumulativeReward":{"count":16049,"max":1161.29956,"min":-2294.81226,"runningAverage":608.8621,"value":1126.68787,"weightedAverage":1066.64075}},"metadata":{"timer_format_version":"0.1.0","start_time_seconds":"1730034215","unity_version":"2022.3.47f1","command_line_arguments":"C:\\Program Files\\Unity\\Hub\\Editor\\2022.3.47f1\\Editor\\Unity.exe -projectpath C:\\Users\\User\\Desktop\\Tank-Game-AI -useHub -hubIPC -cloudEnvironment production -licensingIpc LicenseClient-User -hubSessionId 51879601-ce07-40c3-a8e6-8baede0425e0 -accessToken aN7usAznCnTd8H6VGkupCH2XKEmkqBEaTlSEL3ewvbU011f","communication_protocol_version":"1.5.0","com.unity.ml-agents_version":"2.0.1","scene_name":"CombatTraining0","end_time_seconds":"1730072495"}}