{"count":1,"self":634.16043519999994,"total":3055.6470007999997,"children":{"InitializeActuators":{"count":25,"self":0.0009984,"total":0.0009984,"children":null},"InitializeSensors":{"count":25,"self":0.0023794,"total":0.0023794,"children":null},"AgentSendState":{"count":199017,"self":4.2227939999999995,"total":196.6664131,"children":{"CollectObservations":{"count":995100,"self":165.298496,"total":165.2984947,"children":null},"WriteActionMask":{"count":995100,"self":0.64463739999999992,"total":0.64463739999999992,"children":null},"RequestDecision":{"count":995100,"self":2.7497382,"total":26.500487099999997,"children":{"AgentInfo.ToProto":{"count":995100,"self":2.8910052,"total":23.750748899999998,"children":{"GenerateSensorData":{"count":995100,"self":20.859744,"total":20.859743599999998,"children":null}}}}}}},"DecideAction":{"count":199017,"self":2191.9234048,"total":2191.9233181,"children":null},"AgentAct":{"count":199017,"self":32.7731968,"total":32.8003412,"children":{"AgentInfo.ToProto":{"count":678,"self":0.0107102,"total":0.027145799999999998,"children":{"GenerateSensorData":{"count":678,"self":0.016435599999999998,"total":0.016435599999999998,"children":null}}}}},"AgentInfo.ToProto":{"count":1270,"self":0.0270269,"total":0.0921319,"children":{"GenerateSensorData":{"count":1270,"self":0.065105,"total":0.065105,"children":null}}}},"gauges":{"TankBehavior.CumulativeReward":{"count":1948,"max":1146.00122,"min":-3144.34985,"runningAverage":9.228134,"value":-70.4954453,"weightedAverage":92.39938}},"metadata":{"timer_format_version":"0.1.0","start_time_seconds":"1729751980","unity_version":"2022.3.47f1","command_line_arguments":"C:\\Program Files\\Unity\\Hub\\Editor\\2022.3.47f1\\Editor\\Unity.exe -projectpath C:\\Users\\User\\Desktop\\Tank-Game-AI -useHub -hubIPC -cloudEnvironment production -licensingIpc LicenseClient-User -hubSessionId ffed7b4b-0606-4338-bfc3-159700fc94b3 -accessToken eY9O-kxUnh-mZZ4MJXEXv8Wngx10DGTxvn3LLrSRFK4011f","communication_protocol_version":"1.5.0","com.unity.ml-agents_version":"2.0.1","scene_name":"CombatTraining1","end_time_seconds":"1729755035"}}