{"count":1,"self":71.2202688,"total":351.3111017,"children":{"InitializeActuators":{"count":25,"self":0.0020444,"total":0.0020444,"children":null},"InitializeSensors":{"count":25,"self":0.0030526999999999998,"total":0.0030526999999999998,"children":null},"AgentSendState":{"count":22384,"self":0.41956869999999996,"total":20.880720999999998,"children":{"CollectObservations":{"count":111925,"self":17.5876592,"total":17.5876592,"children":null},"WriteActionMask":{"count":111925,"self":0.0566801,"total":0.0566801,"children":null},"RequestDecision":{"count":111925,"self":0.31851599999999997,"total":2.816813,"children":{"AgentInfo.ToProto":{"count":111925,"self":0.3172331,"total":2.498297,"children":{"GenerateSensorData":{"count":111925,"self":2.181064,"total":2.1810639,"children":null}}}}}}},"DecideAction":{"count":22384,"self":255.67488,"total":255.67487989999998,"children":null},"AgentAct":{"count":22384,"self":3.5260827999999997,"total":3.5265931999999998,"children":{"AgentInfo.ToProto":{"count":88,"self":0,"total":0.00051039999999999994,"children":{"GenerateSensorData":{"count":88,"self":0.00051039999999999994,"total":0.00051039999999999994,"children":null}}}}},"AgentInfo.ToProto":{"count":49,"self":0.0009969,"total":0.0025217,"children":{"GenerateSensorData":{"count":49,"self":0.0015248,"total":0.0015248,"children":null}}}},"gauges":{"TankBehavior.CumulativeReward":{"count":137,"max":1320.78174,"min":-719.6093,"runningAverage":191.553436,"value":594.4744,"weightedAverage":350.455383}},"metadata":{"timer_format_version":"0.1.0","start_time_seconds":"1729140604","unity_version":"2022.3.47f1","command_line_arguments":"C:\\Program Files\\Unity\\Hub\\Editor\\2022.3.47f1\\Editor\\Unity.exe -projectpath C:\\Users\\User\\Desktop\\Tank-Game-AI -useHub -hubIPC -cloudEnvironment production -licensingIpc LicenseClient-User -hubSessionId 58980a0f-279b-4aaf-adf6-7e58ace5ef56 -accessToken D3fwVeMVqYVOW2VH1y8GBPXlgqWl8j0ci_RSDToqjUY011f","communication_protocol_version":"1.5.0","com.unity.ml-agents_version":"2.0.1","scene_name":"CombatTraining0","end_time_seconds":"1729140956"}}