{"count":1,"self":1246.9912576,"total":5358.6593864999995,"children":{"InitializeActuators":{"count":25,"self":0.003636,"total":0.003636,"children":null},"InitializeSensors":{"count":25,"self":0.0030683999999999998,"total":0.0030683999999999998,"children":null},"AgentSendState":{"count":354451,"self":7.3454847999999995,"total":333.7281236,"children":{"CollectObservations":{"count":1772275,"self":284.13214719999996,"total":284.1321468,"children":null},"WriteActionMask":{"count":1772275,"self":1.1782165999999998,"total":1.1782165999999998,"children":null},"RequestDecision":{"count":1772275,"self":4.6919851999999995,"total":41.0722756,"children":{"AgentInfo.ToProto":{"count":1772275,"self":3.761024,"total":36.3802904,"children":{"GenerateSensorData":{"count":1772275,"self":32.619267199999996,"total":32.619266599999996,"children":null}}}}}}},"DecideAction":{"count":354451,"self":3721.9049471999997,"total":3721.9050721,"children":null},"AgentAct":{"count":354451,"self":55.4614464,"total":55.4965512,"children":{"AgentInfo.ToProto":{"count":666,"self":0.0063265,"total":0.035102799999999997,"children":{"GenerateSensorData":{"count":666,"self":0.028776299999999998,"total":0.028776299999999998,"children":null}}}}},"AgentInfo.ToProto":{"count":13873,"self":0.094861,"total":0.5291296,"children":{"GenerateSensorData":{"count":13873,"self":0.4342686,"total":0.4342686,"children":null}}}},"gauges":{"TankBehavior.CumulativeReward":{"count":14539,"max":75.40064,"min":-1240.88184,"runningAverage":1.74641752,"value":15.3751373,"weightedAverage":20.0471611}},"metadata":{"timer_format_version":"0.1.0","start_time_seconds":"1730354008","unity_version":"2022.3.47f1","command_line_arguments":"C:\\Program Files\\Unity\\Hub\\Editor\\2022.3.47f1\\Editor\\Unity.exe -projectpath C:\\Users\\User\\Desktop\\Tank-Game-AI -useHub -hubIPC -cloudEnvironment production -licensingIpc LicenseClient-User -hubSessionId f4709cc1-b08c-4276-8c88-82adfb7a28a2 -accessToken aQAxTU19ger9wfGNu4GPNrBgSuMhBGcfBsWs-lX25nc011f","communication_protocol_version":"1.5.0","com.unity.ml-agents_version":"2.0.1","scene_name":"CombatTraining2","end_time_seconds":"1730359367"}}