{"count":1,"self":23737.7732608,"total":37262.6347989,"children":{"InitializeActuators":{"count":9,"self":0.0015203,"total":0.0015203,"children":null},"InitializeSensors":{"count":9,"self":0.0010092999999999999,"total":0.0010092999999999999,"children":null},"AgentSendState":{"count":1802484,"self":21.7749904,"total":9650.860125,"children":{"CollectObservations":{"count":3244473,"self":9578.6409984,"total":9578.6406026,"children":null},"WriteActionMask":{"count":3244473,"self":2.888006,"total":2.8880060999999997,"children":null},"RequestDecision":{"count":3244473,"self":14.762398399999999,"total":47.556525199999996,"children":{"AgentInfo.ToProto":{"count":3244473,"self":10.0113504,"total":32.7941263,"children":{"GenerateSensorData":{"count":3244473,"self":22.782776,"total":22.7827757,"children":null}}}}}}},"DecideAction":{"count":1802484,"self":3758.6939903999996,"total":3758.6941266,"children":null},"AgentAct":{"count":1802484,"self":114.7778944,"total":114.78297979999999,"children":{"AgentInfo.ToProto":{"count":811,"self":0.0010653,"total":0.0050888,"children":{"GenerateSensorData":{"count":811,"self":0.0040235,"total":0.0040235,"children":null}}}}},"AgentInfo.ToProto":{"count":30500,"self":0.1903579,"total":0.52000289999999993,"children":{"GenerateSensorData":{"count":30500,"self":0.32964499999999997,"total":0.32964499999999997,"children":null}}}},"gauges":{"TankBehavior.CumulativeReward":{"count":31311,"max":68.9652,"min":-1565.56372,"runningAverage":-8.990043,"value":-24.9007435,"weightedAverage":-4.4573493}},"metadata":{"timer_format_version":"0.1.0","start_time_seconds":"1731329976","unity_version":"2022.3.47f1","command_line_arguments":"C:\\Program Files\\Unity\\Hub\\Editor\\2022.3.47f1\\Editor\\Unity.exe -projectpath C:\\Users\\User\\Desktop\\Tank-Game-AI -useHub -hubIPC -cloudEnvironment production -licensingIpc LicenseClient-User -hubSessionId f9754af6-62f4-408c-bea6-bff3a21ca849 -accessToken EmvXpTEk4saqlfvsjSEv9pR6KIJtgb1oyaRZ_pbillw011f","communication_protocol_version":"1.5.0","com.unity.ml-agents_version":"2.0.1","scene_name":"CombatTrainingMedium","end_time_seconds":"1731367239"}}