{"count":1,"self":706.24901119999993,"total":5645.610446,"children":{"InitializeActuators":{"count":25,"self":0.0020215999999999997,"total":0.0020215999999999997,"children":null},"InitializeSensors":{"count":25,"self":0.0023103,"total":0.0023103,"children":null},"AgentSendState":{"count":222434,"self":4.7662096,"total":222.20028739999998,"children":{"CollectObservations":{"count":1112275,"self":186.79906559999998,"total":186.79907,"children":null},"WriteActionMask":{"count":1112275,"self":0.6967356,"total":0.6967356,"children":null},"RequestDecision":{"count":1112275,"self":3.1037263999999998,"total":29.9382722,"children":{"AgentInfo.ToProto":{"count":1112275,"self":3.2869219999999997,"total":26.8345459,"children":{"GenerateSensorData":{"count":1112275,"self":23.547624,"total":23.547624,"children":null}}}}}}},"DecideAction":{"count":222434,"self":4682.1511168,"total":4682.1512691,"children":null},"AgentAct":{"count":222434,"self":34.9087616,"total":34.9491747,"children":{"AgentInfo.ToProto":{"count":814,"self":0.0063682,"total":0.0404137,"children":{"GenerateSensorData":{"count":814,"self":0.0340455,"total":0.0340455,"children":null}}}}},"AgentInfo.ToProto":{"count":773,"self":0.015619099999999999,"total":0.054167799999999995,"children":{"GenerateSensorData":{"count":773,"self":0.0385487,"total":0.0385487,"children":null}}}},"gauges":{"TankBehavior.CumulativeReward":{"count":1587,"max":1260.20239,"min":-3989.28345,"runningAverage":24.49009,"value":-84.6509552,"weightedAverage":-227.422653}},"metadata":{"timer_format_version":"0.1.0","start_time_seconds":"1729084857","unity_version":"2022.3.47f1","command_line_arguments":"C:\\Program Files\\Unity\\Hub\\Editor\\2022.3.47f1\\Editor\\Unity.exe -projectpath C:\\Users\\User\\Desktop\\Tank-Game-AI -useHub -hubIPC -cloudEnvironment production -licensingIpc LicenseClient-User -hubSessionId a7efba18-d780-4b55-a37a-43cfed2bc839 -accessToken Q-v6UxCYcYHhEr5keLA2jivgvvrKq7DWDPQaE9SYetw011f","communication_protocol_version":"1.5.0","com.unity.ml-agents_version":"2.0.1","scene_name":"CombatTraining0","end_time_seconds":"1729090503"}}