{"count":1,"self":22.793465599999998,"total":23.1100833,"children":{"InitializeActuators":{"count":1,"self":0.0019805,"total":0.0019805,"children":null},"InitializeSensors":{"count":1,"self":0.00084419999999999992,"total":0.00084419999999999992,"children":null},"AgentSendState":{"count":861,"self":0.0030846999999999997,"total":0.11457439999999999,"children":{"CollectObservations":{"count":173,"self":0.099603699999999989,"total":0.099603699999999989,"children":null},"WriteActionMask":{"count":173,"self":0,"total":0,"children":null},"RequestDecision":{"count":173,"self":0.011885999999999999,"total":0.011885999999999999,"children":null}}},"DecideAction":{"count":861,"self":0.1680611,"total":0.1680611,"children":null},"AgentAct":{"count":861,"self":0.030157299999999998,"total":0.030157299999999998,"children":null}},"gauges":{},"metadata":{"timer_format_version":"0.1.0","start_time_seconds":"1732690798","unity_version":"2022.3.47f1","command_line_arguments":"C:\\Program Files\\Unity\\Hub\\Editor\\2022.3.47f1\\Editor\\Unity.exe -projectpath C:\\Users\\User\\Desktop\\Tank-Game-AI -useHub -hubIPC -cloudEnvironment production -licensingIpc LicenseClient-User -hubSessionId 5ff46027-1bb0-4d85-ad74-7a996a4fde51 -accessToken 9c_Pq87R7BNfNyrXamFClL1pwFJ16cj-v7sU0-NHwjs011f","communication_protocol_version":"1.5.0","com.unity.ml-agents_version":"2.0.1","scene_name":"Level-1","end_time_seconds":"1732690821"}}