{"count":1,"self":31.218950399999997,"total":31.996878,"children":{"InitializeActuators":{"count":2,"self":0.0016600999999999999,"total":0.0016600999999999999,"children":null},"InitializeSensors":{"count":2,"self":0.0015861999999999998,"total":0.0015861999999999998,"children":null},"AgentSendState":{"count":1137,"self":0.0025217,"total":0.64728409999999992,"children":{"CollectObservations":{"count":73,"self":0.63062299999999993,"total":0.63062299999999993,"children":null},"WriteActionMask":{"count":73,"self":0.0015151,"total":0.0015151,"children":null},"RequestDecision":{"count":73,"self":0.0126243,"total":0.0126243,"children":null}}},"DecideAction":{"count":1137,"self":0.11539909999999999,"total":0.11539909999999999,"children":null},"AgentAct":{"count":1137,"self":0.0113368,"total":0.0113368,"children":null}},"gauges":{"TankBehavior.CumulativeReward":{"count":1,"max":329.541351,"min":329.541351,"runningAverage":329.541351,"value":329.541351,"weightedAverage":329.541351}},"metadata":{"timer_format_version":"0.1.0","start_time_seconds":"1732762389","unity_version":"2022.3.47f1","command_line_arguments":"C:\\Program Files\\Unity\\Hub\\Editor\\2022.3.47f1\\Editor\\Unity.exe -projectpath C:\\Users\\User\\Desktop\\Tank-Game-AI -useHub -hubIPC -cloudEnvironment production -licensingIpc LicenseClient-User -hubSessionId 7b61057d-05d1-4dca-a92c-3c60e1656b6b -accessToken 8Ye-27AD5pTuQLEyZLPiPgKeQ9E9AHJpeg3mBQCNl-E011f","communication_protocol_version":"1.5.0","com.unity.ml-agents_version":"2.0.1","scene_name":"Level-1","end_time_seconds":"1732762421"}}