{"count":1,"self":1735.9347711999999,"total":5144.1848123,"children":{"InitializeActuators":{"count":25,"self":0.0030897999999999998,"total":0.0030897999999999998,"children":null},"InitializeSensors":{"count":25,"self":0.0057769,"total":0.0057769,"children":null},"AgentSendState":{"count":537867,"self":11.3775984,"total":514.872532,"children":{"CollectObservations":{"count":2689350,"self":428.8780544,"total":428.8780629,"children":null},"WriteActionMask":{"count":2689350,"self":1.7965597999999998,"total":1.7965597999999998,"children":null},"RequestDecision":{"count":2689350,"self":7.1794864,"total":72.8203111,"children":{"AgentInfo.ToProto":{"count":2689350,"self":7.9083232,"total":65.6408245,"children":{"GenerateSensorData":{"count":2689350,"self":57.7324992,"total":57.7325011,"children":null}}}}}}},"DecideAction":{"count":537867,"self":2803.2782336,"total":2803.2781809999997,"children":null},"AgentAct":{"count":537867,"self":89.924032,"total":90.0408853,"children":{"AgentInfo.ToProto":{"count":2340,"self":0.0293966,"total":0.1168548,"children":{"GenerateSensorData":{"count":2340,"self":0.0874582,"total":0.0874582,"children":null}}}}},"AgentInfo.ToProto":{"count":590,"self":0.0112137,"total":0.048651099999999996,"children":{"GenerateSensorData":{"count":590,"self":0.037437399999999996,"total":0.037437399999999996,"children":null}}}},"gauges":{"TankBehavior.CumulativeReward":{"count":2930,"max":1390.04321,"min":-571.54126,"runningAverage":584.0142,"value":1189.57471,"weightedAverage":1050.93054}},"metadata":{"timer_format_version":"0.1.0","start_time_seconds":"1728953165","unity_version":"2022.3.47f1","command_line_arguments":"C:\\Program Files\\Unity\\Hub\\Editor\\2022.3.47f1\\Editor\\Unity.exe -projectpath C:\\Users\\User\\Desktop\\Tank-Game-AI -useHub -hubIPC -cloudEnvironment production -licensingIpc LicenseClient-User -hubSessionId 403b6d06-5896-468b-a593-94fbb9dfc940 -accessToken esq8n-4M4EZ-LgkzXrFLwAHQx3MNuU5dXNyeIRa4cLk011f","communication_protocol_version":"1.5.0","com.unity.ml-agents_version":"2.0.1","scene_name":"MovementTraining1","end_time_seconds":"1728958309"}}