{"count":1,"self":382.388224,"total":384.87161449999996,"children":{"InitializeActuators":{"count":1,"self":0.0010647999999999999,"total":0.0010647999999999999,"children":null},"InitializeSensors":{"count":1,"self":0.0030369999999999998,"total":0.0030369999999999998,"children":null},"AgentSendState":{"count":18966,"self":0.6964753,"total":1.7928256,"children":{"CollectObservations":{"count":3794,"self":1.0527686,"total":1.0527686,"children":null},"WriteActionMask":{"count":3794,"self":0.0057393999999999995,"total":0.0057393999999999995,"children":null},"RequestDecision":{"count":3794,"self":0.037842299999999995,"total":0.037842299999999995,"children":null}}},"DecideAction":{"count":18966,"self":0.1883364,"total":0.1883364,"children":null},"AgentAct":{"count":18966,"self":0.49709549999999997,"total":0.49709549999999997,"children":null}},"gauges":{"TankBehavior.CumulativeReward":{"count":14,"max":355.8711,"min":-112.345947,"runningAverage":224.3186,"value":128.075134,"weightedAverage":250.742859}},"metadata":{"timer_format_version":"0.1.0","start_time_seconds":"1729659787","unity_version":"2022.3.47f1","command_line_arguments":"C:\\Program Files\\Unity\\Hub\\Editor\\2022.3.47f1\\Editor\\Unity.exe -projectpath C:\\Users\\User\\Desktop\\Tank-Game-AI -useHub -hubIPC -cloudEnvironment production -licensingIpc LicenseClient-User -hubSessionId a849f111-6fb4-424c-be98-9481a6b9da72 -accessToken f0KNz_IXVHkOqcNhTb4Qk-oALy1x3lXGO3M9a-_0Xo8011f","communication_protocol_version":"1.5.0","com.unity.ml-agents_version":"2.0.1","scene_name":"MovementRecorder","end_time_seconds":"1729660172"}}