{"count":1,"self":570.3800832,"total":1363.0153891999998,"children":{"InitializeActuators":{"count":25,"self":0.0025177,"total":0.0025177,"children":null},"InitializeSensors":{"count":25,"self":0.0025158999999999997,"total":0.0025158999999999997,"children":null},"AgentSendState":{"count":84017,"self":1.3504507,"total":64.8274703,"children":{"CollectObservations":{"count":420100,"self":56.8390912,"total":56.839089799999996,"children":null},"WriteActionMask":{"count":420100,"self":0.21449759999999998,"total":0.21449759999999998,"children":null},"RequestDecision":{"count":420100,"self":0.91316999999999993,"total":6.4234322,"children":{"AgentInfo.ToProto":{"count":420100,"self":0.9275937,"total":5.5102622,"children":{"GenerateSensorData":{"count":420100,"self":4.5826684,"total":4.5826685,"children":null}}}}}}},"DecideAction":{"count":84017,"self":373.03211519999996,"total":373.0321025,"children":null},"AgentAct":{"count":84017,"self":354.7601664,"total":354.7667786,"children":{"AgentInfo.ToProto":{"count":376,"self":0.0015677,"total":0.0066012,"children":{"GenerateSensorData":{"count":376,"self":0.0050335,"total":0.0050335,"children":null}}}}},"AgentInfo.ToProto":{"count":50,"self":0.0014158999999999999,"total":0.0014158999999999999,"children":{"GenerateSensorData":{"count":50,"self":0,"total":0,"children":null}}}},"gauges":{"TankBehavior.CumulativeReward":{"count":426,"max":261.1524,"min":-3567.47266,"runningAverage":-185.1806,"value":-78.21948,"weightedAverage":79.13109}},"metadata":{"timer_format_version":"0.1.0","start_time_seconds":"1728606862","unity_version":"2022.3.47f1","command_line_arguments":"C:\\Program Files\\Unity\\Hub\\Editor\\2022.3.47f1\\Editor\\Unity.exe -projectpath C:\\Users\\User\\Desktop\\Tank-Game-AI -useHub -hubIPC -cloudEnvironment production -licensingIpc LicenseClient-User -hubSessionId ce644985-350a-4b48-9530-9c112370056d -accessToken dlOX9Rw7ZKPdxAtUw3uFPy7B_xgMemGy4MSIDULzToA011f","communication_protocol_version":"1.5.0","com.unity.ml-agents_version":"2.0.1","scene_name":"MovementTraining","end_time_seconds":"1728608225"}}