{"count":1,"self":2818.6386432,"total":2837.4374837,"children":{"InitializeActuators":{"count":1,"self":0.0009973,"total":0.0009973,"children":null},"InitializeSensors":{"count":1,"self":0.0020104999999999997,"total":0.0020104999999999997,"children":null},"AgentSendState":{"count":141604,"self":5.0558087999999994,"total":13.839213299999999,"children":{"CollectObservations":{"count":28321,"self":8.413352,"total":8.4133519,"children":null},"WriteActionMask":{"count":28321,"self":0.067889499999999992,"total":0.067889499999999992,"children":null},"RequestDecision":{"count":28321,"self":0.30216319999999997,"total":0.30216319999999997,"children":null}}},"DecideAction":{"count":141604,"self":1.4467592999999999,"total":1.4467592999999999,"children":null},"AgentAct":{"count":141604,"self":3.5087648,"total":3.5087648999999996,"children":null}},"gauges":{"TankBehavior.CumulativeReward":{"count":180,"max":311.25824,"min":27.6272831,"runningAverage":173.085571,"value":179.0204,"weightedAverage":175.96579}},"metadata":{"timer_format_version":"0.1.0","start_time_seconds":"1729484236","unity_version":"2022.3.47f1","command_line_arguments":"C:\\Program Files\\Unity\\Hub\\Editor\\2022.3.47f1\\Editor\\Unity.exe -projectpath C:\\Users\\User\\Desktop\\Tank-Game-AI -useHub -hubIPC -cloudEnvironment production -licensingIpc LicenseClient-User -hubSessionId 0569c99b-0398-42ae-b2f5-3cb3d35bb3da -accessToken DzM6vk8tIiDfJObfZU3CpKkA-J-TqpG8ugMbpcEJ9zM011f","communication_protocol_version":"1.5.0","com.unity.ml-agents_version":"2.0.1","scene_name":"MovementRecorder","end_time_seconds":"1729487073"}}