{"count":1,"self":24.881752,"total":25.1434274,"children":{"InitializeActuators":{"count":1,"self":0.0015719,"total":0.0015719,"children":null},"InitializeSensors":{"count":1,"self":0.0020296999999999997,"total":0.0020296999999999997,"children":null},"AgentSendState":{"count":981,"self":0.044231799999999995,"total":0.1057289,"children":{"CollectObservations":{"count":197,"self":0.058377899999999996,"total":0.058377899999999996,"children":null},"WriteActionMask":{"count":197,"self":0.000547,"total":0.000547,"children":null},"RequestDecision":{"count":197,"self":0.0025721999999999997,"total":0.0025721999999999997,"children":null}}},"DecideAction":{"count":981,"self":0.0069251999999999994,"total":0.0069251999999999994,"children":null},"AgentAct":{"count":981,"self":0.14374409999999999,"total":0.14374409999999999,"children":null}},"gauges":{"TankBehavior.CumulativeReward":{"count":1,"max":92.33227,"min":92.33227,"runningAverage":92.33227,"value":92.33227,"weightedAverage":92.33227}},"metadata":{"timer_format_version":"0.1.0","start_time_seconds":"1728525359","unity_version":"2022.3.47f1","command_line_arguments":"C:\\Program Files\\Unity\\Hub\\Editor\\2022.3.47f1\\Editor\\Unity.exe -projectpath C:\\Users\\User\\Desktop\\Tank-Game-AI -useHub -hubIPC -cloudEnvironment production -licensingIpc LicenseClient-User -hubSessionId fa018943-b09e-4e8f-b146-a18e67d954d5 -accessToken TbsozTaN6kcgn_LdquHY9NLqYc1V7e2wNRhoUgiUAdg011f","communication_protocol_version":"1.5.0","com.unity.ml-agents_version":"2.0.1","scene_name":"MovementRecorder","end_time_seconds":"1728525384"}}