{"count":1,"self":1507.1400959999999,"total":1515.9472544,"children":{"InitializeActuators":{"count":1,"self":0.0010123999999999999,"total":0.0010123999999999999,"children":null},"InitializeSensors":{"count":1,"self":0.0020058,"total":0.0020058,"children":null},"AgentSendState":{"count":75521,"self":1.6293001999999999,"total":6.2017311,"children":{"CollectObservations":{"count":15105,"self":4.4817399999999994,"total":4.4817399999999994,"children":null},"WriteActionMask":{"count":15105,"self":0.0280014,"total":0.0280014,"children":null},"RequestDecision":{"count":15105,"self":0.0626895,"total":0.0626895,"children":null}}},"DecideAction":{"count":75521,"self":0.82118879999999994,"total":0.82118879999999994,"children":null},"AgentAct":{"count":75521,"self":1.7802977999999998,"total":1.7802977999999998,"children":null}},"gauges":{"TankBehavior.CumulativeReward":{"count":79,"max":202.010574,"min":-231.06192,"runningAverage":128.440369,"value":144.6541,"weightedAverage":144.032623}},"metadata":{"timer_format_version":"0.1.0","start_time_seconds":"1729560702","unity_version":"2022.3.47f1","command_line_arguments":"C:\\Program Files\\Unity\\Hub\\Editor\\2022.3.47f1\\Editor\\Unity.exe -projectpath C:\\Users\\User\\Desktop\\Tank-Game-AI -useHub -hubIPC -cloudEnvironment production -licensingIpc LicenseClient-User -hubSessionId 8e08f0e7-b421-4261-8f4b-cfb84edb3299 -accessToken dHzCOaR31GM1AVsKslZvJJU-ZjPQK-mIqX9VyfvxGDg011f","communication_protocol_version":"1.5.0","com.unity.ml-agents_version":"2.0.1","scene_name":"MovementRecorder","end_time_seconds":"1729562218"}}