{"count":1,"self":11.0634448,"total":24.8751087,"children":{"InitializeActuators":{"count":25,"self":0.0035299999999999997,"total":0.0035299999999999997,"children":null},"InitializeSensors":{"count":25,"self":0.0040736999999999995,"total":0.0040736999999999995,"children":null},"AgentSendState":{"count":2051,"self":0.046762399999999996,"total":1.8715149,"children":{"CollectObservations":{"count":10275,"self":1.6214005999999999,"total":1.6214005999999999,"children":null},"WriteActionMask":{"count":10275,"self":0.0045401999999999994,"total":0.0045401999999999994,"children":null},"RequestDecision":{"count":10275,"self":0.0359801,"total":0.19881169999999998,"children":{"AgentInfo.ToProto":{"count":10275,"self":0.0264195,"total":0.1628316,"children":{"GenerateSensorData":{"count":10275,"self":0.13641209999999998,"total":0.13641209999999998,"children":null}}}}}}},"DecideAction":{"count":2051,"self":6.5893783999999993,"total":6.5893786,"children":null},"AgentAct":{"count":2051,"self":5.341148,"total":5.341148,"children":null},"AgentInfo.ToProto":{"count":1,"self":0,"total":0,"children":{"GenerateSensorData":{"count":1,"self":0,"total":0,"children":null}}}},"gauges":{"TankBehavior.CumulativeReward":{"count":1,"max":132.112335,"min":132.112335,"runningAverage":132.112335,"value":132.112335,"weightedAverage":132.112335}},"metadata":{"timer_format_version":"0.1.0","start_time_seconds":"1728526917","unity_version":"2022.3.47f1","command_line_arguments":"C:\\Program Files\\Unity\\Hub\\Editor\\2022.3.47f1\\Editor\\Unity.exe -projectpath C:\\Users\\User\\Desktop\\Tank-Game-AI -useHub -hubIPC -cloudEnvironment production -licensingIpc LicenseClient-User -hubSessionId fa018943-b09e-4e8f-b146-a18e67d954d5 -accessToken TbsozTaN6kcgn_LdquHY9NLqYc1V7e2wNRhoUgiUAdg011f","communication_protocol_version":"1.5.0","com.unity.ml-agents_version":"2.0.1","scene_name":"MovementTraining","end_time_seconds":"1728526942"}}