{"count":1,"self":580.56063999999992,"total":1826.2275683999999,"children":{"InitializeActuators":{"count":25,"self":0.0042346,"total":0.0042346,"children":null},"InitializeSensors":{"count":25,"self":0.0042447,"total":0.0042447,"children":null},"AgentSendState":{"count":124484,"self":2.1532291999999997,"total":96.7156734,"children":{"CollectObservations":{"count":622425,"self":84.4469184,"total":84.4469159,"children":null},"WriteActionMask":{"count":622425,"self":0.2964193,"total":0.2964193,"children":null},"RequestDecision":{"count":622425,"self":1.3353106,"total":9.819109,"children":{"AgentInfo.ToProto":{"count":622425,"self":1.3726931999999998,"total":8.4837984,"children":{"GenerateSensorData":{"count":622425,"self":7.1111055999999992,"total":7.1111052,"children":null}}}}}}},"DecideAction":{"count":124484,"self":540.0267776,"total":540.0267749,"children":null},"AgentAct":{"count":124484,"self":608.88017919999993,"total":608.8878464,"children":{"AgentInfo.ToProto":{"count":349,"self":0.0025237,"total":0.0076573,"children":{"GenerateSensorData":{"count":349,"self":0.0051335999999999994,"total":0.0051335999999999994,"children":null}}}}},"AgentInfo.ToProto":{"count":675,"self":0.0085086,"total":0.0236276,"children":{"GenerateSensorData":{"count":675,"self":0.015118999999999999,"total":0.015118999999999999,"children":null}}}},"gauges":{"TankBehavior.CumulativeReward":{"count":1024,"max":291.7608,"min":-7.72137642,"runningAverage":129.300781,"value":136.435883,"weightedAverage":154.805069}},"metadata":{"timer_format_version":"0.1.0","start_time_seconds":"1728528888","unity_version":"2022.3.47f1","command_line_arguments":"C:\\Program Files\\Unity\\Hub\\Editor\\2022.3.47f1\\Editor\\Unity.exe -projectpath C:\\Users\\User\\Desktop\\Tank-Game-AI -useHub -hubIPC -cloudEnvironment production -licensingIpc LicenseClient-User -hubSessionId fa018943-b09e-4e8f-b146-a18e67d954d5 -accessToken TbsozTaN6kcgn_LdquHY9NLqYc1V7e2wNRhoUgiUAdg011f","communication_protocol_version":"1.5.0","com.unity.ml-agents_version":"2.0.1","scene_name":"MovementTraining","end_time_seconds":"1728530714"}}