{"count":1,"self":3156.1494528,"total":8020.0177152999995,"children":{"InitializeActuators":{"count":25,"self":0.0031798,"total":0.0031798,"children":null},"InitializeSensors":{"count":25,"self":0.0031035999999999998,"total":0.0031035999999999998,"children":null},"AgentSendState":{"count":508017,"self":8.545308799999999,"total":395.1857986,"children":{"CollectObservations":{"count":2540100,"self":347.0575104,"total":347.05751979999997,"children":null},"WriteActionMask":{"count":2540100,"self":1.081423,"total":1.081423,"children":null},"RequestDecision":{"count":2540100,"self":5.4285071999999994,"total":38.501547099999996,"children":{"AgentInfo.ToProto":{"count":2540100,"self":5.6379744,"total":33.0730399,"children":{"GenerateSensorData":{"count":2540100,"self":27.435065599999998,"total":27.435065299999998,"children":null}}}}}}},"DecideAction":{"count":508017,"self":2303.1658496,"total":2303.1658867,"children":null},"AgentAct":{"count":508017,"self":2165.4142976,"total":2165.4773695999997,"children":{"AgentInfo.ToProto":{"count":2223,"self":0.0176377,"total":0.0631023,"children":{"GenerateSensorData":{"count":2223,"self":0.0454646,"total":0.0454646,"children":null}}}}},"AgentInfo.ToProto":{"count":674,"self":0.013421299999999999,"total":0.0262951,"children":{"GenerateSensorData":{"count":674,"self":0.0128738,"total":0.0128738,"children":null}}}},"gauges":{"TankBehavior.CumulativeReward":{"count":2897,"max":276.875183,"min":-3373.42188,"runningAverage":92.41549,"value":192.763916,"weightedAverage":189.634735}},"metadata":{"timer_format_version":"0.1.0","start_time_seconds":"1728617769","unity_version":"2022.3.47f1","command_line_arguments":"C:\\Program Files\\Unity\\Hub\\Editor\\2022.3.47f1\\Editor\\Unity.exe -projectpath C:\\Users\\User\\Desktop\\Tank-Game-AI -useHub -hubIPC -cloudEnvironment production -licensingIpc LicenseClient-User -hubSessionId ce644985-350a-4b48-9530-9c112370056d -accessToken qvWlgDpz1GkUhVax4VUgMg0LDmcFXVNkATtRTuH5e54011f","communication_protocol_version":"1.5.0","com.unity.ml-agents_version":"2.0.1","scene_name":"MovementTraining","end_time_seconds":"1728625789"}}