{"count":1,"self":484.0745472,"total":1461.9405657999998,"children":{"InitializeActuators":{"count":25,"self":0.0025179,"total":0.0025179,"children":null},"InitializeSensors":{"count":25,"self":0.0031089,"total":0.0031089,"children":null},"AgentSendState":{"count":103884,"self":1.705306,"total":80.4462418,"children":{"CollectObservations":{"count":519425,"self":70.542553599999991,"total":70.5425544,"children":null},"WriteActionMask":{"count":519425,"self":0.24335949999999998,"total":0.24335949999999998,"children":null},"RequestDecision":{"count":519425,"self":1.1851410999999998,"total":7.9550218999999993,"children":{"AgentInfo.ToProto":{"count":519425,"self":1.0239006,"total":6.7698807999999993,"children":{"GenerateSensorData":{"count":519425,"self":5.7459799999999994,"total":5.7459802,"children":null}}}}}}},"DecideAction":{"count":103884,"self":450.900992,"total":450.901015,"children":null},"AgentAct":{"count":103884,"self":446.47874559999997,"total":446.48683789999995,"children":{"AgentInfo.ToProto":{"count":378,"self":0.0020044,"total":0.0080883999999999991,"children":{"GenerateSensorData":{"count":378,"self":0.006084,"total":0.006084,"children":null}}}}},"AgentInfo.ToProto":{"count":618,"self":0.0034980999999999996,"total":0.0247579,"children":{"GenerateSensorData":{"count":618,"self":0.0212598,"total":0.0212598,"children":null}}}},"gauges":{"TankBehavior.CumulativeReward":{"count":996,"max":6.7876687,"min":-707.5176,"runningAverage":-8.304808,"value":2.34746385,"weightedAverage":0.16971308}},"metadata":{"timer_format_version":"0.1.0","start_time_seconds":"1728540324","unity_version":"2022.3.47f1","command_line_arguments":"C:\\Program Files\\Unity\\Hub\\Editor\\2022.3.47f1\\Editor\\Unity.exe -projectpath C:\\Users\\User\\Desktop\\Tank-Game-AI -useHub -hubIPC -cloudEnvironment production -licensingIpc LicenseClient-User -hubSessionId fa018943-b09e-4e8f-b146-a18e67d954d5 -accessToken PTbE8xj7gFdWwnbPSavI-cBZv4B52o-mhJmmXGpq3Wg011f","communication_protocol_version":"1.5.0","com.unity.ml-agents_version":"2.0.1","scene_name":"MovementTraining","end_time_seconds":"1728541785"}}