{"count":1,"self":92.8859008,"total":266.1483181,"children":{"InitializeActuators":{"count":25,"self":0.0024573999999999998,"total":0.0024573999999999998,"children":null},"InitializeSensors":{"count":25,"self":0.0025781999999999997,"total":0.0025781999999999997,"children":null},"AgentSendState":{"count":28084,"self":0.6205527,"total":27.061345,"children":{"CollectObservations":{"count":140425,"self":22.721688,"total":22.721688399999998,"children":null},"WriteActionMask":{"count":140425,"self":0.07531729999999999,"total":0.07531729999999999,"children":null},"RequestDecision":{"count":140425,"self":0.39903289999999997,"total":3.6437866,"children":{"AgentInfo.ToProto":{"count":140425,"self":0.37114179999999997,"total":3.2447537,"children":{"GenerateSensorData":{"count":140425,"self":2.873612,"total":2.8736118999999998,"children":null}}}}}}},"DecideAction":{"count":28084,"self":141.6601856,"total":141.6601897,"children":null},"AgentAct":{"count":28084,"self":4.5259779999999994,"total":4.5307198,"children":{"AgentInfo.ToProto":{"count":116,"self":0,"total":0.0047418,"children":{"GenerateSensorData":{"count":116,"self":0.0047418,"total":0.0047418,"children":null}}}}},"AgentInfo.ToProto":{"count":56,"self":0,"total":0.0036882,"children":{"GenerateSensorData":{"count":56,"self":0.0036882,"total":0.0036882,"children":null}}}},"gauges":{"TankBehavior.CumulativeReward":{"count":172,"max":1850.93726,"min":8.009532,"runningAverage":1037.22424,"value":922.1809,"weightedAverage":801.5321}},"metadata":{"timer_format_version":"0.1.0","start_time_seconds":"1728968378","unity_version":"2022.3.47f1","command_line_arguments":"C:\\Program Files\\Unity\\Hub\\Editor\\2022.3.47f1\\Editor\\Unity.exe -projectpath C:\\Users\\User\\Desktop\\Tank-Game-AI -useHub -hubIPC -cloudEnvironment production -licensingIpc LicenseClient-User -hubSessionId 403b6d06-5896-468b-a593-94fbb9dfc940 -accessToken coIDa8eohFXM6dr77PprRBn9DmXnNMkeeYMUTyQoKGw011f","communication_protocol_version":"1.5.0","com.unity.ml-agents_version":"2.0.1","scene_name":"MovementTraining1","end_time_seconds":"1728968644"}}