{"count":1,"self":1554.2301696,"total":4978.5492048,"children":{"InitializeActuators":{"count":25,"self":0.0015096999999999999,"total":0.0015096999999999999,"children":null},"InitializeSensors":{"count":25,"self":0.004504,"total":0.004504,"children":null},"AgentSendState":{"count":609117,"self":10.4422448,"total":511.83718009999996,"children":{"CollectObservations":{"count":3045600,"self":449.1300864,"total":449.13008859999997,"children":null},"WriteActionMask":{"count":3045600,"self":1.3928226,"total":1.3928226,"children":null},"RequestDecision":{"count":3045600,"self":7.1064184,"total":50.8720238,"children":{"AgentInfo.ToProto":{"count":3045600,"self":7.5161688,"total":43.7656054,"children":{"GenerateSensorData":{"count":3045600,"self":36.2494368,"total":36.2494363,"children":null}}}}}}},"DecideAction":{"count":609117,"self":2813.6073216,"total":2813.6073234,"children":null},"AgentAct":{"count":609117,"self":98.7394688,"total":98.8093885,"children":{"AgentInfo.ToProto":{"count":2331,"self":0.0209146,"total":0.06992219999999999,"children":{"GenerateSensorData":{"count":2331,"self":0.0490076,"total":0.0490076,"children":null}}}}},"AgentInfo.ToProto":{"count":1533,"self":0.0125516,"total":0.0571145,"children":{"GenerateSensorData":{"count":1533,"self":0.044562899999999996,"total":0.044562899999999996,"children":null}}}},"gauges":{"TankBehavior.CumulativeReward":{"count":3864,"max":106.314896,"min":-2481.653,"runningAverage":-53.787117,"value":34.3717651,"weightedAverage":36.9733849}},"metadata":{"timer_format_version":"0.1.0","start_time_seconds":"1728866219","unity_version":"2022.3.47f1","command_line_arguments":"C:\\Program Files\\Unity\\Hub\\Editor\\2022.3.47f1\\Editor\\Unity.exe -projectpath C:\\Users\\User\\Desktop\\Tank-Game-AI -useHub -hubIPC -cloudEnvironment production -licensingIpc LicenseClient-User -hubSessionId 680be21a-5205-4ad7-b9eb-b82a8af72c77 -accessToken 2EImP3vP-ItgtNekdQlCTsWnze5OkupMp0N4KtR7wFo011f","communication_protocol_version":"1.5.0","com.unity.ml-agents_version":"2.0.1","scene_name":"MovementTraining","end_time_seconds":"1728871198"}}