{"count":1,"self":17.3030272,"total":38.2979657,"children":{"InitializeActuators":{"count":25,"self":0.0019914999999999998,"total":0.0019914999999999998,"children":null},"InitializeSensors":{"count":25,"self":0.0051668999999999994,"total":0.0051668999999999994,"children":null},"AgentSendState":{"count":2434,"self":0.0411857,"total":1.7274714999999998,"children":{"CollectObservations":{"count":12175,"self":1.4883617999999998,"total":1.4883617999999998,"children":null},"WriteActionMask":{"count":12175,"self":0.009304999999999999,"total":0.009304999999999999,"children":null},"RequestDecision":{"count":12175,"self":0.039123,"total":0.18861899999999998,"children":{"AgentInfo.ToProto":{"count":12175,"self":0.015279899999999999,"total":0.149496,"children":{"GenerateSensorData":{"count":12175,"self":0.1342161,"total":0.1342161,"children":null}}}}}}},"DecideAction":{"count":2434,"self":8.799748,"total":8.7997481,"children":null},"AgentAct":{"count":2434,"self":10.4584352,"total":10.458435399999999,"children":null}},"gauges":{},"metadata":{"timer_format_version":"0.1.0","start_time_seconds":"1728647789","unity_version":"2022.3.47f1","command_line_arguments":"C:\\Program Files\\Unity\\Hub\\Editor\\2022.3.47f1\\Editor\\Unity.exe -projectpath C:\\Users\\User\\Desktop\\Tank-Game-AI -useHub -hubIPC -cloudEnvironment production -licensingIpc LicenseClient-User -hubSessionId f6dcb1ab-a6c6-4480-a50e-68daab509fdd -accessToken slY9oDKXwyrWqHqX1oHeiLnIhS8fM5JlqO2JgyRmuyU011f","communication_protocol_version":"1.5.0","com.unity.ml-agents_version":"2.0.1","scene_name":"MovementTraining","end_time_seconds":"1728647827"}}