{"count":1,"self":170.3609472,"total":515.5785928,"children":{"InitializeActuators":{"count":25,"self":0.0035253,"total":0.0035253,"children":null},"InitializeSensors":{"count":25,"self":0.0045303999999999995,"total":0.0045303999999999995,"children":null},"AgentSendState":{"count":53351,"self":1.0246507,"total":43.0357495,"children":{"CollectObservations":{"count":266775,"self":35.5405856,"total":35.5405863,"children":null},"WriteActionMask":{"count":266775,"self":0.1465676,"total":0.1465676,"children":null},"RequestDecision":{"count":266775,"self":0.7209476,"total":6.3239449,"children":{"AgentInfo.ToProto":{"count":266775,"self":0.63186259999999994,"total":5.6029973,"children":{"GenerateSensorData":{"count":266775,"self":4.9711348,"total":4.9711346999999995,"children":null}}}}}}},"DecideAction":{"count":53351,"self":293.8283776,"total":293.8283795,"children":null},"AgentAct":{"count":53351,"self":8.3247824,"total":8.3363254,"children":{"AgentInfo.ToProto":{"count":209,"self":0.0023517,"total":0.011542799999999999,"children":{"GenerateSensorData":{"count":209,"self":0.0091910999999999989,"total":0.0091910999999999989,"children":null}}}}},"AgentInfo.ToProto":{"count":102,"self":0,"total":0.008118199999999999,"children":{"GenerateSensorData":{"count":102,"self":0.008118199999999999,"total":0.008118199999999999,"children":null}}}},"gauges":{"TankBehavior.CumulativeReward":{"count":311,"max":157.716278,"min":-3517.171,"runningAverage":-119.940094,"value":67.77255,"weightedAverage":52.6661377}},"metadata":{"timer_format_version":"0.1.0","start_time_seconds":"1728881515","unity_version":"2022.3.47f1","command_line_arguments":"C:\\Program Files\\Unity\\Hub\\Editor\\2022.3.47f1\\Editor\\Unity.exe -projectpath C:\\Users\\User\\Desktop\\Tank-Game-AI -useHub -hubIPC -cloudEnvironment production -licensingIpc LicenseClient-User -hubSessionId 680be21a-5205-4ad7-b9eb-b82a8af72c77 -accessToken 2EImP3vP-ItgtNekdQlCTsWnze5OkupMp0N4KtR7wFo011f","communication_protocol_version":"1.5.0","com.unity.ml-agents_version":"2.0.1","scene_name":"MovementTraining","end_time_seconds":"1728882031"}}