{"count":1,"self":420.1316352,"total":1144.4812246,"children":{"InitializeActuators":{"count":25,"self":0.0035363,"total":0.0035363,"children":null},"InitializeSensors":{"count":25,"self":0.0025916999999999997,"total":0.0025916999999999997,"children":null},"AgentSendState":{"count":72584,"self":1.1908979,"total":56.7381932,"children":{"CollectObservations":{"count":362925,"self":49.80976,"total":49.809761599999995,"children":null},"WriteActionMask":{"count":362925,"self":0.17221519999999998,"total":0.17221519999999998,"children":null},"RequestDecision":{"count":362925,"self":0.8462978,"total":5.5653185,"children":{"AgentInfo.ToProto":{"count":362925,"self":0.76584869999999994,"total":4.7190207,"children":{"GenerateSensorData":{"count":362925,"self":3.953172,"total":3.953172,"children":null}}}}}}},"DecideAction":{"count":72584,"self":349.1426304,"total":349.1426202,"children":null},"AgentAct":{"count":72584,"self":318.4458752,"total":318.4501194,"children":{"AgentInfo.ToProto":{"count":258,"self":0.0010109,"total":0.0042356,"children":{"GenerateSensorData":{"count":258,"self":0.0032247,"total":0.0032247,"children":null}}}}},"AgentInfo.ToProto":{"count":272,"self":0.004722,"total":0.0098999999999999991,"children":{"GenerateSensorData":{"count":272,"self":0.0051779999999999994,"total":0.0051779999999999994,"children":null}}}},"gauges":{"TankBehavior.CumulativeReward":{"count":530,"max":206.6357,"min":-3465.59351,"runningAverage":-176.394211,"value":31.7096863,"weightedAverage":76.1547}},"metadata":{"timer_format_version":"0.1.0","start_time_seconds":"1728613080","unity_version":"2022.3.47f1","command_line_arguments":"C:\\Program Files\\Unity\\Hub\\Editor\\2022.3.47f1\\Editor\\Unity.exe -projectpath C:\\Users\\User\\Desktop\\Tank-Game-AI -useHub -hubIPC -cloudEnvironment production -licensingIpc LicenseClient-User -hubSessionId ce644985-350a-4b48-9530-9c112370056d -accessToken 8azH5Ib6CymVX6B5mykT1qIK2Aqai_qBeXc2kA85kdo011f","communication_protocol_version":"1.5.0","com.unity.ml-agents_version":"2.0.1","scene_name":"MovementTraining","end_time_seconds":"1728614225"}}