{"count":1,"self":3270.6805759999997,"total":3292.2999016,"children":{"InitializeActuators":{"count":1,"self":0.0015172999999999999,"total":0.0015172999999999999,"children":null},"InitializeSensors":{"count":1,"self":0.0025182,"total":0.0025182,"children":null},"AgentSendState":{"count":164282,"self":5.7243372,"total":15.9611263,"children":{"CollectObservations":{"count":32857,"self":9.7564023999999989,"total":9.7564023999999989,"children":null},"WriteActionMask":{"count":32857,"self":0.072518199999999991,"total":0.072518199999999991,"children":null},"RequestDecision":{"count":32857,"self":0.40786839999999996,"total":0.40786839999999996,"children":null}}},"DecideAction":{"count":164282,"self":1.6918347999999999,"total":1.6918349,"children":null},"AgentAct":{"count":164282,"self":3.9624004,"total":3.9624002999999997,"children":null}},"gauges":{"TankBehavior.CumulativeReward":{"count":195,"max":346.106049,"min":-3867.63867,"runningAverage":135.488083,"value":186.950211,"weightedAverage":187.6415}},"metadata":{"timer_format_version":"0.1.0","start_time_seconds":"1729479375","unity_version":"2022.3.47f1","command_line_arguments":"C:\\Program Files\\Unity\\Hub\\Editor\\2022.3.47f1\\Editor\\Unity.exe -projectpath C:\\Users\\User\\Desktop\\Tank-Game-AI -useHub -hubIPC -cloudEnvironment production -licensingIpc LicenseClient-User -hubSessionId 0569c99b-0398-42ae-b2f5-3cb3d35bb3da -accessToken DzM6vk8tIiDfJObfZU3CpKkA-J-TqpG8ugMbpcEJ9zM011f","communication_protocol_version":"1.5.0","com.unity.ml-agents_version":"2.0.1","scene_name":"MovementRecorder","end_time_seconds":"1729482667"}}