{"count":1,"self":3254.1861888,"total":8403.9991931,"children":{"InitializeActuators":{"count":30,"self":0.0025426,"total":0.0025426,"children":null},"InitializeSensors":{"count":30,"self":0.0050031,"total":0.0050031,"children":null},"AgentSendState":{"count":814134,"self":16.610587199999998,"total":759.9856052,"children":{"CollectObservations":{"count":4884810,"self":664.4475904,"total":664.447583,"children":null},"WriteActionMask":{"count":4884810,"self":2.4703155999999997,"total":2.4703155999999997,"children":null},"RequestDecision":{"count":4884810,"self":10.989816,"total":76.45712,"children":{"AgentInfo.ToProto":{"count":4884810,"self":10.753292,"total":65.4673038,"children":{"GenerateSensorData":{"count":4884810,"self":54.7140096,"total":54.714012,"children":null}}}}}}},"DecideAction":{"count":814134,"self":4267.0514176,"total":4267.0515602999994,"children":null},"AgentAct":{"count":814134,"self":122.27968,"total":122.31075799999999,"children":{"AgentInfo.ToProto":{"count":1544,"self":0.0042134,"total":0.0310753,"children":{"GenerateSensorData":{"count":1544,"self":0.026861899999999998,"total":0.026861899999999998,"children":null}}}}},"AgentInfo.ToProto":{"count":14999,"self":0.12310589999999999,"total":0.4550939,"children":{"GenerateSensorData":{"count":14999,"self":0.331988,"total":0.331988,"children":null}}}},"gauges":{"TankBehavior.CumulativeReward":{"count":16543,"max":403.2227,"min":-497.3792,"runningAverage":98.46287,"value":70.71173,"weightedAverage":90.5980148}},"metadata":{"timer_format_version":"0.1.0","start_time_seconds":"1728358514","unity_version":"2022.3.47f1","command_line_arguments":"C:\\Program Files\\Unity\\Hub\\Editor\\2022.3.47f1\\Editor\\Unity.exe -projectpath C:\\Users\\User\\Desktop\\Tank-Game-AI -useHub -hubIPC -cloudEnvironment production -licensingIpc LicenseClient-User -hubSessionId 7704524e-c124-472c-a2fc-f3d2261307ab -accessToken 4D1oi48jB23FIzn1RUzd4eznAm1PVAtgNyFcInhhsFQ011f","communication_protocol_version":"1.5.0","com.unity.ml-agents_version":"2.0.1","scene_name":"TestTrainingScene2.5","end_time_seconds":"1728366918"}}