{"count":1,"self":769.6156672,"total":2164.0175501,"children":{"InitializeActuators":{"count":30,"self":0.0025152,"total":0.0025152,"children":null},"InitializeSensors":{"count":30,"self":0.0020144,"total":0.0020144,"children":null},"AgentSendState":{"count":185001,"self":4.5377072,"total":207.2927733,"children":{"CollectObservations":{"count":1110030,"self":181.57125119999998,"total":181.5712499,"children":null},"WriteActionMask":{"count":1110030,"self":0.69521689999999992,"total":0.69521689999999992,"children":null},"RequestDecision":{"count":1110030,"self":2.90822,"total":20.4885991,"children":{"AgentInfo.ToProto":{"count":1110030,"self":3.019221,"total":17.5803791,"children":{"GenerateSensorData":{"count":1110030,"self":14.5611584,"total":14.5611581,"children":null}}}}}}},"DecideAction":{"count":185001,"self":1158.5859584,"total":1158.5859888999998,"children":null},"AgentAct":{"count":185001,"self":28.3401568,"total":28.342779999999998,"children":{"AgentInfo.ToProto":{"count":128,"self":0,"total":0.0026222999999999997,"children":{"GenerateSensorData":{"count":128,"self":0.0026222999999999997,"total":0.0026222999999999997,"children":null}}}}},"AgentInfo.ToProto":{"count":5170,"self":0.054967499999999996,"total":0.1747867,"children":{"GenerateSensorData":{"count":5170,"self":0.1198192,"total":0.1198192,"children":null}}}},"gauges":{"TankBehavior.CumulativeReward":{"count":5298,"max":159.053925,"min":-620.121948,"runningAverage":31.6478119,"value":45.5182076,"weightedAverage":28.1163311}},"metadata":{"timer_format_version":"0.1.0","start_time_seconds":"1728339878","unity_version":"2022.3.47f1","command_line_arguments":"C:\\Program Files\\Unity\\Hub\\Editor\\2022.3.47f1\\Editor\\Unity.exe -projectpath C:\\Users\\User\\Desktop\\Tank-Game-AI -useHub -hubIPC -cloudEnvironment production -licensingIpc LicenseClient-User -hubSessionId 964725bc-8e8d-4630-8d65-12f6b9bc5aa5 -accessToken mM1GXQZxA66S_G2BCm_xlvFGX_02McaDZQg0_NqypRc011f","communication_protocol_version":"1.5.0","com.unity.ml-agents_version":"2.0.1","scene_name":"TestTrainingScene2.5","end_time_seconds":"1728342042"}}