{"count":1,"self":12431.033139199999,"total":27717.0435257,"children":{"InitializeActuators":{"count":25,"self":0.005116,"total":0.005116,"children":null},"InitializeSensors":{"count":25,"self":0.0040016,"total":0.0040016,"children":null},"AgentSendState":{"count":3316584,"self":55.722963199999995,"total":2637.2632613,"children":{"CollectObservations":{"count":16582925,"self":2321.6998399999998,"total":2321.6997816999997,"children":null},"WriteActionMask":{"count":16582925,"self":7.5006952,"total":7.5006949,"children":null},"RequestDecision":{"count":16582925,"self":35.8870496,"total":252.3398244,"children":{"AgentInfo.ToProto":{"count":16582925,"self":35.6228096,"total":216.45277629999998,"children":{"GenerateSensorData":{"count":16582925,"self":180.8299648,"total":180.8299663,"children":null}}}}}}},"DecideAction":{"count":3316584,"self":12308.391526399999,"total":12308.3918067,"children":null},"AgentAct":{"count":3316584,"self":336.04072959999996,"total":336.0407413,"children":null},"AgentInfo.ToProto":{"count":117307,"self":1.2296947,"total":4.3041959,"children":{"GenerateSensorData":{"count":117307,"self":3.0745012,"total":3.0745012,"children":null}}}},"gauges":{"TankBehavior.CumulativeReward":{"count":117307,"max":186.202042,"min":-6.7,"runningAverage":53.8301849,"value":57.02964,"weightedAverage":56.9201164}},"metadata":{"timer_format_version":"0.1.0","start_time_seconds":"1728052695","unity_version":"2022.3.47f1","command_line_arguments":"C:\\Program Files\\Unity\\Hub\\Editor\\2022.3.47f1\\Editor\\Unity.exe -projectpath C:\\Users\\User\\Desktop\\Tank-Game-AI -useHub -hubIPC -cloudEnvironment production -licensingIpc LicenseClient-User -hubSessionId 0decc74b-72ee-4264-9c4d-1a17d301da1f -accessToken 6gxJc3UNlHYlaeG8mDfSof8rUK7-8MGD3iSXieJ6iKE011f","communication_protocol_version":"1.5.0","com.unity.ml-agents_version":"2.0.1","scene_name":"TestTrainingScene2","end_time_seconds":"1728080412"}}