{"count":1,"self":403.9721472,"total":1792.7657628,"children":{"InitializeActuators":{"count":50,"self":0.0029969999999999997,"total":0.0029969999999999997,"children":null},"InitializeSensors":{"count":50,"self":0.0025298,"total":0.0025298,"children":null},"AgentSendState":{"count":144934,"self":4.7413608,"total":232.42995169999998,"children":{"CollectObservations":{"count":1449350,"self":203.2216192,"total":203.2216173,"children":null},"WriteActionMask":{"count":1449350,"self":0.7377034,"total":0.7377034,"children":null},"RequestDecision":{"count":1449350,"self":3.3504072,"total":23.729270399999997,"children":{"AgentInfo.ToProto":{"count":1449350,"self":3.5064903999999997,"total":20.378863199999998,"children":{"GenerateSensorData":{"count":1449350,"self":16.8723728,"total":16.8723727,"children":null}}}}}}},"DecideAction":{"count":144934,"self":1121.7048576,"total":1121.7048365,"children":null},"AgentAct":{"count":144934,"self":34.6119264,"total":34.6455558,"children":{"AgentInfo.ToProto":{"count":1335,"self":0.007287,"total":0.0336286,"children":{"GenerateSensorData":{"count":1335,"self":0.0263416,"total":0.0263416,"children":null}}}}},"AgentInfo.ToProto":{"count":125,"self":0.0040425999999999995,"total":0.0060805,"children":{"GenerateSensorData":{"count":125,"self":0.0020379,"total":0.0020379,"children":null}}}},"gauges":{"TankBehavior.CumulativeReward":{"count":1460,"max":386.0744,"min":-407.653046,"runningAverage":178.286667,"value":378.943542,"weightedAverage":311.599243}},"metadata":{"timer_format_version":"0.1.0","start_time_seconds":"1728442303","unity_version":"2022.3.47f1","command_line_arguments":"C:\\Program Files\\Unity\\Hub\\Editor\\2022.3.47f1\\Editor\\Unity.exe -projectpath C:\\Users\\User\\Desktop\\Tank-Game-AI -useHub -hubIPC -cloudEnvironment production -licensingIpc LicenseClient-User -hubSessionId 54a3b066-62bb-46f1-a81f-dd223dd8fefb -accessToken _5912xqNNdW78htuQY2hyKSe8IUIQHB9eQCbXw7-bJY011f","communication_protocol_version":"1.5.0","com.unity.ml-agents_version":"2.0.1","scene_name":"TestTrainingScene3","end_time_seconds":"1728444096"}}