{"count":1,"self":2359.845888,"total":3748.8740613,"children":{"InitializeActuators":{"count":2,"self":0.0025802,"total":0.0025802,"children":null},"InitializeSensors":{"count":2,"self":0.0055596,"total":0.0055596,"children":null},"AgentSendState":{"count":949851,"self":3.0243484,"total":31.3845991,"children":{"CollectObservations":{"count":379942,"self":16.224908799999998,"total":16.224909,"children":null},"WriteActionMask":{"count":379942,"self":0.2147018,"total":0.2147018,"children":null},"RequestDecision":{"count":379942,"self":1.4315229999999999,"total":11.920639999999999,"children":{"AgentInfo.ToProto":{"count":379942,"self":1.6659988,"total":10.489117,"children":{"GenerateSensorData":{"count":379942,"self":8.8231184,"total":8.8231182,"children":null}}}}}}},"DecideAction":{"count":949851,"self":1339.7143552,"total":1339.7143395,"children":null},"AgentAct":{"count":949851,"self":17.906595199999998,"total":17.918707899999998,"children":{"AgentInfo.ToProto":{"count":360,"self":0.0011019,"total":0.0121131,"children":{"GenerateSensorData":{"count":360,"self":0.011011199999999999,"total":0.011011199999999999,"children":null}}}}},"AgentInfo.ToProto":{"count":31,"self":0,"total":0.0014495999999999999,"children":{"GenerateSensorData":{"count":31,"self":0.0014495999999999999,"total":0.0014495999999999999,"children":null}}}},"gauges":{"TankBehavior.CumulativeReward":{"count":391,"max":-1.25,"min":-99.25,"runningAverage":-30.6751842,"value":-1.75,"weightedAverage":-6.42160749}},"metadata":{"timer_format_version":"0.1.0","start_time_seconds":"1727762730","unity_version":"2022.3.47f1","command_line_arguments":"C:\\Program Files\\Unity\\Hub\\Editor\\2022.3.47f1\\Editor\\Unity.exe -projectpath C:\\Users\\User\\Desktop\\Tank-Game-AI -useHub -hubIPC -cloudEnvironment production -licensingIpc LicenseClient-User -hubSessionId 0a88d532-7716-4a21-a317-8a6925f12eae -accessToken fuuB-55rWbFYwnb618Fmb7pyPEBphDaEy7RGbsd0-UE011f","communication_protocol_version":"1.5.0","com.unity.ml-agents_version":"2.0.1","scene_name":"TestTrainingScene","end_time_seconds":"1727766479"}}