{"count":1,"self":58.112633599999995,"total":58.4225299,"children":{"InitializeActuators":{"count":2,"self":0.0016424999999999999,"total":0.0016424999999999999,"children":null},"InitializeSensors":{"count":2,"self":0.0025377999999999998,"total":0.0025377999999999998,"children":null},"AgentSendState":{"count":2637,"self":0.027925799999999997,"total":0.16752999999999998,"children":{"CollectObservations":{"count":1056,"self":0.13153299999999998,"total":0.13153299999999998,"children":null},"WriteActionMask":{"count":1056,"self":0.0044900999999999995,"total":0.0044900999999999995,"children":null},"RequestDecision":{"count":1056,"self":0.0035811,"total":0.0035811,"children":null}}},"DecideAction":{"count":2637,"self":0.040271999999999995,"total":0.040271999999999995,"children":null},"AgentAct":{"count":2637,"self":0.0974033,"total":0.0974033,"children":null}},"gauges":{},"metadata":{"timer_format_version":"0.1.0","start_time_seconds":"1727835970","unity_version":"2022.3.47f1","command_line_arguments":"C:\\Program Files\\Unity\\Hub\\Editor\\2022.3.47f1\\Editor\\Unity.exe -projectpath C:\\Users\\User\\Desktop\\Tank-Game-AI -useHub -hubIPC -cloudEnvironment production -licensingIpc LicenseClient-User -hubSessionId 71f359e4-6a9a-4311-b9c7-43cd6bec48c4 -accessToken TbOzaahgE-mt7i6u8p3OnRMSeV_tuFnpDWivX0vrVoc011f","communication_protocol_version":"1.5.0","com.unity.ml-agents_version":"2.0.1","scene_name":"TestTrainingScene","end_time_seconds":"1727836028"}}