{"count":1,"self":767.0173184,"total":3694.0818308,"children":{"InitializeActuators":{"count":50,"self":0.0021849,"total":0.0021849,"children":null},"InitializeSensors":{"count":50,"self":0.0023934,"total":0.0023934,"children":null},"AgentSendState":{"count":306801,"self":9.8437544,"total":487.58501509999996,"children":{"CollectObservations":{"count":3068050,"self":428.6173952,"total":428.61739889999996,"children":null},"WriteActionMask":{"count":3068050,"self":1.4146174999999999,"total":1.4146174999999999,"children":null},"RequestDecision":{"count":3068050,"self":6.6501763999999994,"total":47.7092445,"children":{"AgentInfo.ToProto":{"count":3068050,"self":6.6574143999999995,"total":41.0590681,"children":{"GenerateSensorData":{"count":3068050,"self":34.4016544,"total":34.4016538,"children":null}}}}}}},"DecideAction":{"count":306801,"self":2369.1014144,"total":2369.1014344,"children":null},"AgentAct":{"count":306801,"self":70.31184,"total":70.3660457,"children":{"AgentInfo.ToProto":{"count":2930,"self":0.0145936,"total":0.054203299999999996,"children":{"GenerateSensorData":{"count":2930,"self":0.0396097,"total":0.0396097,"children":null}}}}},"AgentInfo.ToProto":{"count":206,"self":0.0010004999999999999,"total":0.0059162,"children":{"GenerateSensorData":{"count":206,"self":0.0049156999999999994,"total":0.0049156999999999994,"children":null}}}},"gauges":{"TankBehavior.CumulativeReward":{"count":3136,"max":406.693359,"min":-444.864777,"runningAverage":274.654327,"value":394.841583,"weightedAverage":392.234955}},"metadata":{"timer_format_version":"0.1.0","start_time_seconds":"1728435009","unity_version":"2022.3.47f1","command_line_arguments":"C:\\Program Files\\Unity\\Hub\\Editor\\2022.3.47f1\\Editor\\Unity.exe -projectpath C:\\Users\\User\\Desktop\\Tank-Game-AI -useHub -hubIPC -cloudEnvironment production -licensingIpc LicenseClient-User -hubSessionId 54a3b066-62bb-46f1-a81f-dd223dd8fefb -accessToken _5912xqNNdW78htuQY2hyKSe8IUIQHB9eQCbXw7-bJY011f","communication_protocol_version":"1.5.0","com.unity.ml-agents_version":"2.0.1","scene_name":"TestTrainingScene3","end_time_seconds":"1728438703"}}