{"count":1,"self":13155.926016,"total":30705.3920144,"children":{"InitializeActuators":{"count":30,"self":0.0030325,"total":0.0030325,"children":null},"InitializeSensors":{"count":30,"self":0.0045308,"total":0.0045308,"children":null},"AgentSendState":{"count":2756367,"self":56.0509376,"total":2696.2160590999997,"children":{"CollectObservations":{"count":16538220,"self":2374.5327104,"total":2374.5326351,"children":null},"WriteActionMask":{"count":16538220,"self":8.5880608,"total":8.588061,"children":null},"RequestDecision":{"count":16538220,"self":36.351839999999996,"total":257.04442339999997,"children":{"AgentInfo.ToProto":{"count":16538220,"self":35.3417344,"total":220.6925823,"children":{"GenerateSensorData":{"count":16538220,"self":185.35084799999998,"total":185.3508478,"children":null}}}}}}},"DecideAction":{"count":2756367,"self":14450.314444799998,"total":14450.313702,"children":null},"AgentAct":{"count":2756367,"self":401.6069376,"total":401.7994455,"children":{"AgentInfo.ToProto":{"count":7513,"self":0.0446846,"total":0.1925096,"children":{"GenerateSensorData":{"count":7513,"self":0.14782499999999998,"total":0.14782499999999998,"children":null}}}}},"AgentInfo.ToProto":{"count":32624,"self":0.3364625,"total":1.1271160999999998,"children":{"GenerateSensorData":{"count":32624,"self":0.7906536,"total":0.7906536,"children":null}}}},"gauges":{"TankBehavior.CumulativeReward":{"count":40137,"max":480.901978,"min":-597.670959,"runningAverage":150.70578,"value":115.4233,"weightedAverage":225.390976}},"metadata":{"timer_format_version":"0.1.0","start_time_seconds":"1728395174","unity_version":"2022.3.47f1","command_line_arguments":"C:\\Program Files\\Unity\\Hub\\Editor\\2022.3.47f1\\Editor\\Unity.exe -projectpath C:\\Users\\User\\Desktop\\Tank-Game-AI -useHub -hubIPC -cloudEnvironment production -licensingIpc LicenseClient-User -hubSessionId b1bc729c-73b8-484e-9a05-749700e12c51 -accessToken QG-AsDzvlMfQIokd88ICE0Rz0qdu7DGXTY7U-PzNrdA011f","communication_protocol_version":"1.5.0","com.unity.ml-agents_version":"2.0.1","scene_name":"TestTrainingScene2.5","end_time_seconds":"1728425879"}}