{"count":1,"self":211.2141184,"total":213.9943213,"children":{"InitializeActuators":{"count":1,"self":0.0019982999999999997,"total":0.0019982999999999997,"children":null},"InitializeSensors":{"count":1,"self":0.0020036999999999998,"total":0.0020036999999999998,"children":null},"AgentSendState":{"count":10428,"self":0.23228069999999998,"total":0.6033107,"children":{"CollectObservations":{"count":2086,"self":0.3455785,"total":0.3455785,"children":null},"WriteActionMask":{"count":2086,"self":0.0045146,"total":0.0045146,"children":null},"RequestDecision":{"count":2086,"self":0.020936899999999998,"total":0.020936899999999998,"children":null}}},"DecideAction":{"count":10428,"self":2.0595352,"total":2.0595350999999997,"children":null},"AgentAct":{"count":10428,"self":0.11231899999999999,"total":0.11231899999999999,"children":null}},"gauges":{"TankBehavior.CumulativeReward":{"count":10,"max":101.617172,"min":56.7238579,"runningAverage":75.51867,"value":101.617172,"weightedAverage":78.2779846}},"metadata":{"timer_format_version":"0.1.0","start_time_seconds":"1728367039","unity_version":"2022.3.47f1","command_line_arguments":"C:\\Program Files\\Unity\\Hub\\Editor\\2022.3.47f1\\Editor\\Unity.exe -projectpath C:\\Users\\User\\Desktop\\Tank-Game-AI -useHub -hubIPC -cloudEnvironment production -licensingIpc LicenseClient-User -hubSessionId 7704524e-c124-472c-a2fc-f3d2261307ab -accessToken 4D1oi48jB23FIzn1RUzd4eznAm1PVAtgNyFcInhhsFQ011f","communication_protocol_version":"1.5.0","com.unity.ml-agents_version":"2.0.1","scene_name":"TestTrainingScene1","end_time_seconds":"1728367253"}}