{"count":1,"self":17264.4155392,"total":42100.690465299995,"children":{"InitializeActuators":{"count":25,"self":0.0022286,"total":0.0022286,"children":null},"InitializeSensors":{"count":25,"self":0.0015988999999999999,"total":0.0015988999999999999,"children":null},"AgentSendState":{"count":5500401,"self":93.1452224,"total":4101.7506674,"children":{"CollectObservations":{"count":27502025,"self":3585.7383424,"total":3585.738419,"children":null},"WriteActionMask":{"count":27502025,"self":13.4531456,"total":13.453145,"children":null},"RequestDecision":{"count":27502025,"self":58.9980416,"total":409.41388409999996,"children":{"AgentInfo.ToProto":{"count":27502025,"self":57.5055104,"total":350.41584209999996,"children":{"GenerateSensorData":{"count":27502025,"self":292.910336,"total":292.9103345,"children":null}}}}}}},"DecideAction":{"count":5500401,"self":19991.420928,"total":19991.4201279,"children":null},"AgentAct":{"count":5500401,"self":738.8249088,"total":738.8259221,"children":{"AgentInfo.ToProto":{"count":65,"self":0,"total":0.0009987,"children":{"GenerateSensorData":{"count":65,"self":0.0009987,"total":0.0009987,"children":null}}}}},"AgentInfo.ToProto":{"count":121732,"self":1.2340834999999999,"total":4.2711548,"children":{"GenerateSensorData":{"count":121732,"self":3.0370711999999997,"total":3.0370713,"children":null}}}},"gauges":{"TankBehavior.CumulativeReward":{"count":121797,"max":751.8603,"min":5.799998,"runningAverage":174.803833,"value":210.953918,"weightedAverage":209.536285}},"metadata":{"timer_format_version":"0.1.0","start_time_seconds":"1728169640","unity_version":"2022.3.47f1","command_line_arguments":"C:\\Program Files\\Unity\\Hub\\Editor\\2022.3.47f1\\Editor\\Unity.exe -projectpath C:\\Users\\User\\Desktop\\Tank-Game-AI -useHub -hubIPC -cloudEnvironment production -licensingIpc LicenseClient-User -hubSessionId 2648df67-4dcd-4158-8e7b-a339cb8b4bd5 -accessToken eXoUsj5hYNh4H52irX1VROeAzg0KxgIAAOuZModjv5s011f","communication_protocol_version":"1.5.0","com.unity.ml-agents_version":"2.0.1","scene_name":"TestTrainingScene2","end_time_seconds":"1728211741"}}