{
    "name": "root",
    "gauges": {
        "TankBehavior.Policy.Entropy.mean": {
            "value": 1.7532340288162231,
            "min": 1.7406079769134521,
            "max": 1.880354404449463,
            "count": 29
        },
        "TankBehavior.Policy.Entropy.sum": {
            "value": 87661.703125,
            "min": 65697.8984375,
            "max": 94017.71875,
            "count": 29
        },
        "TankBehavior.Step.mean": {
            "value": 3349966.0,
            "min": 1949976.0,
            "max": 3349966.0,
            "count": 29
        },
        "TankBehavior.Step.sum": {
            "value": 3349966.0,
            "min": 1949976.0,
            "max": 3349966.0,
            "count": 29
        },
        "TankBehavior.Policy.ExtrinsicValueEstimate.mean": {
            "value": 28.338245391845703,
            "min": 1.4508143663406372,
            "max": 28.338245391845703,
            "count": 29
        },
        "TankBehavior.Policy.ExtrinsicValueEstimate.sum": {
            "value": 22670.595703125,
            "min": 1166.4547119140625,
            "max": 22670.595703125,
            "count": 29
        },
        "TankBehavior.Policy.GailValueEstimate.mean": {
            "value": 0.03629428520798683,
            "min": -0.30665889382362366,
            "max": 3.1572017669677734,
            "count": 29
        },
        "TankBehavior.Policy.GailValueEstimate.sum": {
            "value": 29.035429000854492,
            "min": -245.32711791992188,
            "max": 2538.39013671875,
            "count": 29
        },
        "TankBehavior.Environment.EpisodeLength.mean": {
            "value": 999.0,
            "min": 378.3,
            "max": 999.0,
            "count": 29
        },
        "TankBehavior.Environment.EpisodeLength.sum": {
            "value": 49950.0,
            "min": 3783.0,
            "max": 52936.0,
            "count": 29
        },
        "TankBehavior.Environment.CumulativeReward.mean": {
            "value": 295.9722387558967,
            "min": -58.41022015506761,
            "max": 295.9722387558967,
            "count": 29
        },
        "TankBehavior.Environment.CumulativeReward.sum": {
            "value": 14798.611937794834,
            "min": -3329.382548838854,
            "max": 14798.611937794834,
            "count": 29
        },
        "TankBehavior.Policy.ExtrinsicReward.mean": {
            "value": 295.9722387558967,
            "min": -58.41022015506761,
            "max": 295.9722387558967,
            "count": 29
        },
        "TankBehavior.Policy.ExtrinsicReward.sum": {
            "value": 14798.611937794834,
            "min": -3329.382548838854,
            "max": 14798.611937794834,
            "count": 29
        },
        "TankBehavior.Policy.GailReward.mean": {
            "value": 1.9174515298270796,
            "min": 1.9174515298270796,
            "max": 78.45597946876191,
            "count": 29
        },
        "TankBehavior.Policy.GailReward.sum": {
            "value": 95.87257649135398,
            "min": 95.87257649135398,
            "max": 4471.990829719429,
            "count": 29
        },
        "TankBehavior.Losses.PolicyLoss.mean": {
            "value": 0.025624469723940512,
            "min": 0.021487296701913388,
            "max": 0.02622341833727357,
            "count": 29
        },
        "TankBehavior.Losses.PolicyLoss.sum": {
            "value": 0.12812234861970256,
            "min": 0.04819913780880193,
            "max": 0.1284705309864049,
            "count": 29
        },
        "TankBehavior.Losses.ValueLoss.mean": {
            "value": 1.3266229907671612,
            "min": 1.0974597565152429,
            "max": 55.957037538290024,
            "count": 29
        },
        "TankBehavior.Losses.ValueLoss.sum": {
            "value": 6.633114953835806,
            "min": 4.389839026060971,
            "max": 111.91407507658005,
            "count": 29
        },
        "TankBehavior.Policy.LearningRate.mean": {
            "value": 0.000298007238664254,
            "min": 0.000298007238664254,
            "max": 0.0002988389397870202,
            "count": 29
        },
        "TankBehavior.Policy.LearningRate.sum": {
            "value": 0.00149003619332127,
            "min": 0.0005976778795740404,
            "max": 0.0014934761097746307,
            "count": 29
        },
        "TankBehavior.Policy.Epsilon.mean": {
            "value": 0.19933574599999998,
            "min": 0.19933574599999998,
            "max": 0.19961297979999998,
            "count": 29
        },
        "TankBehavior.Policy.Epsilon.sum": {
            "value": 0.99667873,
            "min": 0.39922595959999996,
            "max": 0.9978253692000001,
            "count": 29
        },
        "TankBehavior.Policy.Beta.mean": {
            "value": 0.004966853725399999,
            "min": 0.004966853725399999,
            "max": 0.004980687692020001,
            "count": 29
        },
        "TankBehavior.Policy.Beta.sum": {
            "value": 0.024834268626999997,
            "min": 0.009961375384040003,
            "max": 0.02489148592308,
            "count": 29
        },
        "TankBehavior.Policy.GAILPolicyEstimate.mean": {
            "value": 0.0015722871073133623,
            "min": 0.0015722871073133623,
            "max": 0.03147184833263358,
            "count": 29
        },
        "TankBehavior.Policy.GAILPolicyEstimate.sum": {
            "value": 0.007861435536566812,
            "min": 0.007124876094211218,
            "max": 0.06294369666526715,
            "count": 29
        },
        "TankBehavior.Policy.GAILExpertEstimate.mean": {
            "value": 0.9991513999303182,
            "min": 0.8883214592933655,
            "max": 0.9991513999303182,
            "count": 29
        },
        "TankBehavior.Policy.GAILExpertEstimate.sum": {
            "value": 4.995756999651591,
            "min": 1.776642918586731,
            "max": 4.995756999651591,
            "count": 29
        },
        "TankBehavior.Losses.GAILLoss.mean": {
            "value": 0.0034035953142059344,
            "min": 0.0034035953142059344,
            "max": 0.18765614347325432,
            "count": 29
        },
        "TankBehavior.Losses.GAILLoss.sum": {
            "value": 0.017017976571029672,
            "min": 0.015076628704837551,
            "max": 0.37531228694650864,
            "count": 29
        },
        "TankBehavior.Policy.GAILGradMagLoss.mean": {
            "value": 0.0028034132261139655,
            "min": 0.002797806802360962,
            "max": 0.06806147501451161,
            "count": 29
        },
        "TankBehavior.Policy.GAILGradMagLoss.sum": {
            "value": 0.014017066130569827,
            "min": 0.012351718345995653,
            "max": 0.34030737507255804,
            "count": 29
        },
        "TankBehavior.Losses.PretrainingLoss.mean": {
            "value": 1.1187894264856975,
            "min": 1.1187894264856975,
            "max": 1.6282046834627786,
            "count": 29
        },
        "TankBehavior.Losses.PretrainingLoss.sum": {
            "value": 5.593947132428487,
            "min": 3.256409366925557,
            "max": 7.597117424011231,
            "count": 29
        },
        "TankBehavior.IsTraining.mean": {
            "value": 1.0,
            "min": 1.0,
            "max": 1.0,
            "count": 29
        },
        "TankBehavior.IsTraining.sum": {
            "value": 1.0,
            "min": 1.0,
            "max": 1.0,
            "count": 29
        }
    },
    "metadata": {
        "timer_format_version": "0.1.0",
        "start_time_seconds": "1728442297",
        "python_version": "3.8.10 (tags/v3.8.10:3d8993a, May  3 2021, 11:48:03) [MSC v.1928 64 bit (AMD64)]",
        "command_line_arguments": "C:\\Users\\User\\Desktop\\Tank-Game-AI\\venv\\Scripts\\mlagents-learn results/Gen14/configuration.yaml --resume",