{
    "name": "root",
    "metadata": {
        "timer_format_version": "0.1.0",
        "start_time_seconds": "1728451166",
        "python_version": "3.8.10 (tags/v3.8.10:3d8993a, May  3 2021, 11:48:03) [MSC v.1928 64 bit (AMD64)]",
        "command_line_arguments": "C:\\Users\\User\\Desktop\\Tank-Game-AI\\venv\\Scripts\\mlagents-learn results/Gen14/configuration.yaml --resume",
        "mlagents_version": "0.29.0",
        "mlagents_envs_version": "0.29.0",
        "communication_protocol_version": "1.5.0",
        "pytorch_version": "2.2.2+cu121",
        "numpy_version": "1.21.2",
        "end_time_seconds": "1728451297"
    },
    "total": 130.98575390000002,
    "count": 1,
    "self": 0.008043600000036122,
    "children": {
        "run_training.setup": {
            "total": 0.1341243999999997,
            "count": 1,
            "self": 0.1341243999999997
        },
        "TrainerController.start_learning": {
            "total": 130.8435859,
            "count": 1,
            "self": 0.01560249999994312,
            "children": {
                "TrainerController._reset_env": {
                    "total": 9.741733,
                    "count": 1,
                    "self": 7.7950433,
                    "children": {
                        "demo_to_buffer": {
                            "total": 1.9466897000000003,
                            "count": 2,
                            "self": 0.0001705999999987995,
                            "children": {
                                "load_demonstration": {
                                    "total": 0.031692900000001245,
                                    "count": 2,
                                    "self": 0.03068680000000157,
                                    "children": {
                                        "read_file": {
                                            "total": 0.0010060999999996767,
                                            "count": 2,
                                            "self": 0.0010060999999996767
                                        }
                                    }
                                },
                                "make_demo_buffer": {
                                    "total": 1.9148262000000003,
                                    "count": 2,
                                    "self": 0.33796559999996667,
                                    "children": {
                                        "steps_from_proto": {
                                            "total": 1.5768606000000336,
                                            "count": 7240,
                                            "self": 1.0848809000001047,
                                            "children": {
                                                "_process_rank_one_or_two_observation": {
                                                    "total": 0.49197969999992885,
                                                    "count": 14480,
                                                    "self": 0.49197969999992885
                                                }
                                            }
                                        }
                                    }
                                }
                            }
                        }
                    }
                },
                "TrainerController.advance": {
                    "total": 120.94549510000004,
                    "count": 588,
                    "self": 0.01791190000024301,
                    "children": {
                        "env_step": {
                            "total": 107.65506829999993,
                            "count": 588,
                            "self": 106.29167300000003,
                            "children": {
                                "SubprocessEnvManager._take_step": {
                                    "total": 1.3533663999999863,
                                    "count": 588,
                                    "self": 0.07100749999990263,
                                    "children": {
                                        "TorchPolicy.evaluate": {
                                            "total": 1.2823589000000837,
                                            "count": 581,
                                            "self": 0.30010810000009513,
                                            "children": {
                                                "TorchPolicy.sample_actions": {
                                                    "total": 0.9822507999999885,
                                                    "count": 581,
                                                    "self": 0.9822507999999885
                                                }
                                            }
                                        }
                                    }
                                },
                                "workers": {
                                    "total": 0.01002889999990586,
                                    "count": 587,
                                    "self": 0.0,
                                    "children": {
                                        "worker_root": {
                                            "total": 61.11394369999998,
                                            "count": 587,
                                            "is_parallel": true,
                                            "self": 20.068015200000012,
                                            "children": {
                                                "steps_from_proto": {
                                                    "total": 0.001468299999999978,
                                                    "count": 1,
                                                    "is_parallel": true,
                                                    "self": 0.00037609999999954624,
                                                    "children": {
                                                        "_process_rank_one_or_two_observation": {
                                                            "total": 0.0010922000000004317,
                                                            "count": 2,
                                                            "is_parallel": true,
                                                            "self": 0.0010922000000004317
                                                        }
                                                    }
                                                },
                                                "UnityEnvironment.step": {
                                                    "total": 41.04446019999997,
                                                    "count": 587,
                                                    "is_parallel": true,
                                                    "self": 0.34922029999988524,
                                                    "children": {
                                                        "UnityEnvironment._generate_step_input": {
                                                            "total": 0.6564147000000027,
                                                            "count": 587,
                                                            "is_parallel": true,
                                                            "self": 0.6564147000000027
                                                        },
                                                        "communicator.exchange": {
                                                            "total": 39.15642040000003,
                                                            "count": 587,
                                                            "is_parallel": true,