{
    "name": "root",
    "gauges": {
        "TankBehavior.Policy.Entropy.mean": {
            "value": 1.0915133953094482,
            "min": 1.086554765701294,
            "max": 1.8482213020324707,
            "count": 64
        },
        "TankBehavior.Policy.Entropy.sum": {
            "value": 54575.671875,
            "min": 54327.73828125,
            "max": 90321.984375,
            "count": 64
        },
        "TankBehavior.Step.mean": {
            "value": 5099968.0,
            "min": 1949996.0,
            "max": 5099968.0,
            "count": 64
        },
        "TankBehavior.Step.sum": {
            "value": 5099968.0,
            "min": 1949996.0,
            "max": 5099968.0,
            "count": 64
        },
        "TankBehavior.Policy.ExtrinsicValueEstimate.mean": {
            "value": 165.14234924316406,
            "min": -9.959369659423828,
            "max": 167.03402709960938,
            "count": 64
        },
        "TankBehavior.Policy.ExtrinsicValueEstimate.sum": {
            "value": 132113.875,
            "min": -8057.13037109375,
            "max": 133627.21875,
            "count": 64
        },
        "TankBehavior.Policy.GailValueEstimate.mean": {
            "value": 0.17760877311229706,
            "min": -0.12734612822532654,
            "max": 3.690355062484741,
            "count": 64
        },
        "TankBehavior.Policy.GailValueEstimate.sum": {
            "value": 142.08702087402344,
            "min": -101.87690734863281,
            "max": 2621.721435546875,
            "count": 64
        },
        "TankBehavior.Losses.PolicyLoss.mean": {
            "value": 0.02342667989362257,
            "min": 0.02006835986651519,
            "max": 0.027318416256766245,
            "count": 64
        },
        "TankBehavior.Losses.PolicyLoss.sum": {
            "value": 0.09370671957449028,
            "min": 0.0481693881447427,
            "max": 0.13420869574113042,
            "count": 64
        },
        "TankBehavior.Losses.ValueLoss.mean": {
            "value": 15.067116485400634,
            "min": 5.30549197345972,
            "max": 132.20566945605808,
            "count": 64
        },
        "TankBehavior.Losses.ValueLoss.sum": {
            "value": 60.268465941602535,
            "min": 21.22196789383888,
            "max": 264.41133891211615,
            "count": 64
        },
        "TankBehavior.Policy.LearningRate.mean": {
            "value": 0.0002969537122154296,
            "min": 0.0002969537122154296,
            "max": 0.00029883893558702154,
            "count": 64
        },
        "TankBehavior.Policy.LearningRate.sum": {
            "value": 0.0011878148488617185,
            "min": 0.0005976778711740431,
            "max": 0.0014939242280252577,
            "count": 64
        },
        "TankBehavior.Policy.Epsilon.mean": {
            "value": 0.1989845704,
            "min": 0.1989845704,
            "max": 0.19961297840000003,
            "count": 64
        },
        "TankBehavior.Policy.Epsilon.sum": {
            "value": 0.7959382816,
            "min": 0.39922595680000006,
            "max": 0.9979747420000001,
            "count": 64
        },
        "TankBehavior.Policy.Beta.mean": {
            "value": 0.004949330062960001,
            "min": 0.004949330062960001,
            "max": 0.00498068762216,
            "count": 64
        },
        "TankBehavior.Policy.Beta.sum": {
            "value": 0.019797320251840004,
            "min": 0.00996137524432,
            "max": 0.0248989396258,
            "count": 64
        },
        "TankBehavior.Policy.GAILPolicyEstimate.mean": {
            "value": 0.001177411121916245,
            "min": 0.001101469122809111,
            "max": 0.033509188797324896,
            "count": 64
        },
        "TankBehavior.Policy.GAILPolicyEstimate.sum": {
            "value": 0.00470964448766498,
            "min": 0.004614073953259569,
            "max": 0.06701837759464979,
            "count": 64
        },
        "TankBehavior.Policy.GAILExpertEstimate.mean": {
            "value": 0.9993810720967524,
            "min": 0.8743976081411045,
            "max": 0.9995529473911631,
            "count": 64
        },
        "TankBehavior.Policy.GAILExpertEstimate.sum": {
            "value": 3.9975242883870097,
            "min": 1.748795216282209,
            "max": 4.997764736955816,
            "count": 64
        },
        "TankBehavior.Losses.GAILLoss.mean": {
            "value": 0.002397562218208226,
            "min": 0.002054496235156848,
            "max": 0.21397322778486544,
            "count": 64
        },
        "TankBehavior.Losses.GAILLoss.sum": {
            "value": 0.009590248872832904,
            "min": 0.009367876473036383,
            "max": 0.4279464555697309,
            "count": 64
        },
        "TankBehavior.Policy.GAILGradMagLoss.mean": {
            "value": 0.0020420066487118176,
            "min": 0.0016734048355525981,
            "max": 0.0809692768725764,
            "count": 64
        },
        "TankBehavior.Policy.GAILGradMagLoss.sum": {
            "value": 0.00816802659484727,
            "min": 0.007170900569480816,
            "max": 0.40484638436288206,
            "count": 64
        },
        "TankBehavior.Losses.PretrainingLoss.mean": {
            "value": 0.8861786276102066,
            "min": 0.8853981177012125,
            "max": 1.6224589347839355,
            "count": 64
        },
        "TankBehavior.Losses.PretrainingLoss.sum": {
            "value": 3.5447145104408264,
            "min": 3.244917869567871,
            "max": 7.811093211174012,
            "count": 64
        },
        "TankBehavior.Environment.EpisodeLength.mean": {
            "value": 999.0,
            "min": 444.3,
            "max": 999.0,
            "count": 64
        },
        "TankBehavior.Environment.EpisodeLength.sum": {
            "value": 49950.0,
            "min": 4443.0,
            "max": 51266.0,
            "count": 64
        },
        "TankBehavior.Environment.CumulativeReward.mean": {
            "value": 1624.4792403554916,
            "min": -320.6110237927642,
            "max": 1729.6725306129456,
            "count": 64
        },
        "TankBehavior.Environment.CumulativeReward.sum": {
            "value": 81223.96201777458,
            "min": -20519.105522736907,
            "max": 86483.62653064728,
            "count": 64
        },
        "TankBehavior.Policy.ExtrinsicReward.mean": {
            "value": 1624.4792403554916,
            "min": -320.6110237927642,
            "max": 1729.6725306129456,
            "count": 64
        },
        "TankBehavior.Policy.ExtrinsicReward.sum": {
            "value": 81223.96201777458,
            "min": -20519.105522736907,
            "max": 86483.62653064728,
            "count": 64
        },
        "TankBehavior.Policy.GailReward.mean": {
            "value": 1.85128376849792,
            "min": 1.7212974002322667,
            "max": 72.84266888483936,
            "count": 64
        },
        "TankBehavior.Policy.GailReward.sum": {
            "value": 92.564188424896,
            "min": 86.06487001161334,
            "max": 4661.930808629719,
            "count": 64
        },
        "TankBehavior.IsTraining.mean": {
            "value": 1.0,
            "min": 1.0,
            "max": 1.0,
            "count": 64
        },
        "TankBehavior.IsTraining.sum": {
            "value": 1.0,
            "min": 1.0,
            "max": 1.0,
            "count": 64
        }
    },
    "metadata": {
        "timer_format_version": "0.1.0",
        "start_time_seconds": "1728446489",
        "python_version": "3.8.10 (tags/v3.8.10:3d8993a, May  3 2021, 11:48:03) [MSC v.1928 64 bit (AMD64)]",
        "command_line_arguments": "C:\\Users\\User\\Desktop\\Tank-Game-AI\\venv\\Scripts\\mlagents-learn results/Gen14/configuration.yaml --resume",
        "mlagents_version": "0.29.0",