{
    "name": "root",
    "gauges": {
        "TankBehavior.Policy.Entropy.mean": {
            "value": 1.8653326034545898,
            "min": 1.7802845239639282,
            "max": 1.8895984888076782,
            "count": 58
        },
        "TankBehavior.Policy.Entropy.sum": {
            "value": 95598.296875,
            "min": 65208.75,
            "max": 98469.1640625,
            "count": 58
        },
        "TankBehavior.Step.mean": {
            "value": 4799975.0,
            "min": 1949989.0,
            "max": 4799975.0,
            "count": 58
        },
        "TankBehavior.Step.sum": {
            "value": 4799975.0,
            "min": 1949989.0,
            "max": 4799975.0,
            "count": 58
        },
        "TankBehavior.Policy.ExtrinsicValueEstimate.mean": {
            "value": 9.185433387756348,
            "min": -44.46410369873047,
            "max": 14.525156021118164,
            "count": 58
        },
        "TankBehavior.Policy.ExtrinsicValueEstimate.sum": {
            "value": 7183.00927734375,
            "min": -35749.140625,
            "max": 11387.72265625,
            "count": 58
        },
        "TankBehavior.Policy.GailValueEstimate.mean": {
            "value": 0.20990462601184845,
            "min": -0.5424197912216187,
            "max": 3.135059356689453,
            "count": 58
        },
        "TankBehavior.Policy.GailValueEstimate.sum": {
            "value": 164.14541625976562,
            "min": -433.93585205078125,
            "max": 2529.992919921875,
            "count": 58
        },
        "TankBehavior.Environment.EpisodeLength.mean": {
            "value": 723.0,
            "min": 380.57142857142856,
            "max": 999.0,
            "count": 57
        },
        "TankBehavior.Environment.EpisodeLength.sum": {
            "value": 723.0,
            "min": 723.0,
            "max": 51126.0,
            "count": 57
        },
        "TankBehavior.Environment.CumulativeReward.mean": {
            "value": 87.8824146091938,
            "min": -745.8772632310552,
            "max": 164.80749819370416,
            "count": 57
        },
        "TankBehavior.Environment.CumulativeReward.sum": {
            "value": 87.8824146091938,
            "min": -46990.26758355647,
            "max": 8569.989906072617,
            "count": 57
        },
        "TankBehavior.Policy.ExtrinsicReward.mean": {
            "value": 87.8824146091938,
            "min": -745.8772632310552,
            "max": 164.80749819370416,
            "count": 57
        },
        "TankBehavior.Policy.ExtrinsicReward.sum": {
            "value": 87.8824146091938,
            "min": -46990.26758355647,
            "max": 8569.989906072617,
            "count": 57
        },
        "TankBehavior.Policy.GailReward.mean": {
            "value": 2.6011065721542366,
            "min": 1.0447377008724246,
            "max": 69.42004425451277,
            "count": 57
        },
        "TankBehavior.Policy.GailReward.sum": {
            "value": 2.6011065721542366,
            "min": 2.6011065721542366,
            "max": 4373.462788034305,
            "count": 57
        },
        "TankBehavior.Losses.PolicyLoss.mean": {
            "value": 0.023227330769613117,
            "min": 0.019906253011356578,
            "max": 0.026359531063318363,
            "count": 58
        },
        "TankBehavior.Losses.PolicyLoss.sum": {
            "value": 0.09290932307845247,
            "min": 0.04730038573244302,
            "max": 0.13179765531659182,
            "count": 58
        },
        "TankBehavior.Losses.ValueLoss.mean": {
            "value": 1.5454965266916485,
            "min": 1.5454965266916485,
            "max": 162.9616935518053,
            "count": 58
        },
        "TankBehavior.Losses.ValueLoss.sum": {
            "value": 6.181986106766594,
            "min": 6.181986106766594,
            "max": 325.9233871036106,
            "count": 58
        },
        "TankBehavior.Policy.LearningRate.mean": {
            "value": 0.0002971384215538598,
            "min": 0.0002971384215538598,
            "max": 0.00029883894338701895,
            "count": 58
        },
        "TankBehavior.Policy.LearningRate.sum": {
            "value": 0.0011885536862154393,
            "min": 0.0005976778867740379,
            "max": 0.001493931715422762,
            "count": 58
        },
        "TankBehavior.Policy.Epsilon.mean": {
            "value": 0.19904614020000003,
            "min": 0.19904614020000003,
            "max": 0.19961298100000002,
            "count": 58
        },
        "TankBehavior.Policy.Epsilon.sum": {
            "value": 0.7961845608000001,
            "min": 0.39922596200000005,
            "max": 0.9979772378,
            "count": 58
        },
        "TankBehavior.Policy.Beta.mean": {
            "value": 0.00495240239598,
            "min": 0.00495240239598,
            "max": 0.0049806877519,
            "count": 58
        },
        "TankBehavior.Policy.Beta.sum": {
            "value": 0.01980960958392,
            "min": 0.0099613755038,
            "max": 0.024899064166219998,
            "count": 58
        },
        "TankBehavior.Policy.GAILPolicyEstimate.mean": {
            "value": 0.0016917886048556992,
            "min": 0.0012058566571121682,
            "max": 0.03114297079284572,
            "count": 58
        },
        "TankBehavior.Policy.GAILPolicyEstimate.sum": {
            "value": 0.006767154419422797,
            "min": 0.003617569971336505,
            "max": 0.06228594158569144,
            "count": 58
        },
        "TankBehavior.Policy.GAILExpertEstimate.mean": {
            "value": 0.999289450960027,
            "min": 0.8863159086969163,
            "max": 0.9994235611684393,
            "count": 58
        },
        "TankBehavior.Policy.GAILExpertEstimate.sum": {
            "value": 3.997157803840108,
            "min": 1.7726318173938327,
            "max": 4.997117805842197,
            "count": 58
        },
        "TankBehavior.Losses.GAILLoss.mean": {
            "value": 0.003228921320846389,
            "min": 0.0025017813986712347,
            "max": 0.18845614480475587,
            "count": 58
        },
        "TankBehavior.Losses.GAILLoss.sum": {
            "value": 0.012915685283385556,
            "min": 0.007658035253876329,
            "max": 0.37691228960951173,
            "count": 58
        },
        "TankBehavior.Policy.GAILGradMagLoss.mean": {
            "value": 0.0020773655398645336,
            "min": 0.0017506854799446755,
            "max": 0.08099401796714643,
            "count": 58
        },
        "TankBehavior.Policy.GAILGradMagLoss.sum": {
            "value": 0.008309462159458134,
            "min": 0.005252056439834027,
            "max": 0.32397607186858574,
            "count": 58
        },
        "TankBehavior.Losses.PretrainingLoss.mean": {
            "value": 1.1198332806428273,
            "min": 1.111449424425761,
            "max": 1.6288074851036072,
            "count": 58
        },
        "TankBehavior.Losses.PretrainingLoss.sum": {
            "value": 4.479333122571309,
            "min": 3.2576149702072144,
            "max": 7.8964247703552255,
            "count": 58
        },
        "TankBehavior.IsTraining.mean": {
            "value": 1.0,
            "min": 1.0,
            "max": 1.0,
            "count": 58
        },
        "TankBehavior.IsTraining.sum": {
            "value": 1.0,
            "min": 1.0,
            "max": 1.0,
            "count": 58
        }
    },
    "metadata": {
        "timer_format_version": "0.1.0",
        "start_time_seconds": "1728451593",
        "python_version": "3.8.10 (tags/v3.8.10:3d8993a, May  3 2021, 11:48:03) [MSC v.1928 64 bit (AMD64)]",
        "command_line_arguments": "C:\\Users\\User\\Desktop\\Tank-Game-AI\\venv\\Scripts\\mlagents-learn results/Gen14/configuration.yaml --resume",
        "mlagents_version": "0.29.0",