{
    "name": "root",
    "gauges": {
        "TankBehavior.Policy.Entropy.mean": {
            "value": 1.8457461595535278,
            "min": 1.8457461595535278,
            "max": 1.8457461595535278,
            "count": 1
        },
        "TankBehavior.Policy.Entropy.sum": {
            "value": 66003.8828125,
            "min": 66003.8828125,
            "max": 66003.8828125,
            "count": 1
        },
        "TankBehavior.Step.mean": {
            "value": 1949995.0,
            "min": 1949995.0,
            "max": 1949995.0,
            "count": 1
        },
        "TankBehavior.Step.sum": {
            "value": 1949995.0,
            "min": 1949995.0,
            "max": 1949995.0,
            "count": 1
        },
        "TankBehavior.Policy.ExtrinsicValueEstimate.mean": {
            "value": -7.384884357452393,
            "min": -7.384884357452393,
            "max": -7.384884357452393,
            "count": 1
        },
        "TankBehavior.Policy.ExtrinsicValueEstimate.sum": {
            "value": -4061.6865234375,
            "min": -4061.6865234375,
            "max": -4061.6865234375,
            "count": 1
        },
        "TankBehavior.Policy.GailValueEstimate.mean": {
            "value": 3.8665847778320312,
            "min": 3.8665847778320312,
            "max": 3.8665847778320312,
            "count": 1
        },
        "TankBehavior.Policy.GailValueEstimate.sum": {
            "value": 2126.62158203125,
            "min": 2126.62158203125,
            "max": 2126.62158203125,
            "count": 1
        },
        "TankBehavior.Environment.EpisodeLength.mean": {
            "value": 690.4418604651163,
            "min": 690.4418604651163,
            "max": 690.4418604651163,
            "count": 1
        },
        "TankBehavior.Environment.EpisodeLength.sum": {
            "value": 29689.0,
            "min": 29689.0,
            "max": 29689.0,
            "count": 1
        },
        "TankBehavior.Environment.CumulativeReward.mean": {
            "value": -634.2437224589115,
            "min": -634.2437224589115,
            "max": -634.2437224589115,
            "count": 1
        },
        "TankBehavior.Environment.CumulativeReward.sum": {
            "value": -27272.480065733194,
            "min": -27272.480065733194,
            "max": -27272.480065733194,
            "count": 1
        },
        "TankBehavior.Policy.ExtrinsicReward.mean": {
            "value": -634.2437224589115,
            "min": -634.2437224589115,
            "max": -634.2437224589115,
            "count": 1
        },
        "TankBehavior.Policy.ExtrinsicReward.sum": {
            "value": -27272.480065733194,
            "min": -27272.480065733194,
            "max": -27272.480065733194,
            "count": 1
        },
        "TankBehavior.Policy.GailReward.mean": {
            "value": 65.20935639600326,
            "min": 65.20935639600326,
            "max": 65.20935639600326,
            "count": 1
        },
        "TankBehavior.Policy.GailReward.sum": {
            "value": 2804.00232502814,
            "min": 2804.00232502814,
            "max": 2804.00232502814,
            "count": 1
        },
        "TankBehavior.Losses.PolicyLoss.mean": {
            "value": 0.021675598467059312,
            "min": 0.021675598467059312,
            "max": 0.021675598467059312,
            "count": 1
        },
        "TankBehavior.Losses.PolicyLoss.sum": {
            "value": 0.06502679540117794,
            "min": 0.06502679540117794,
            "max": 0.06502679540117794,
            "count": 1
        },
        "TankBehavior.Losses.ValueLoss.mean": {
            "value": 116.73584160852914,
            "min": 116.73584160852914,
            "max": 116.73584160852914,
            "count": 1
        },
        "TankBehavior.Losses.ValueLoss.sum": {
            "value": 350.2075248255874,
            "min": 350.2075248255874,
            "max": 350.2075248255874,
            "count": 1
        },
        "TankBehavior.Policy.LearningRate.mean": {
            "value": 0.00029883682018772673,
            "min": 0.00029883682018772673,
            "max": 0.00029883682018772673,
            "count": 1
        },
        "TankBehavior.Policy.LearningRate.sum": {
            "value": 0.0008965104605631801,
            "min": 0.0008965104605631801,
            "max": 0.0008965104605631801,
            "count": 1
        },
        "TankBehavior.Policy.Epsilon.mean": {
            "value": 0.19961227326666667,
            "min": 0.19961227326666667,
            "max": 0.19961227326666667,
            "count": 1
        },
        "TankBehavior.Policy.Epsilon.sum": {
            "value": 0.5988368198,
            "min": 0.5988368198,
            "max": 0.5988368198,
            "count": 1
        },
        "TankBehavior.Policy.Beta.mean": {
            "value": 0.004980652436006667,
            "min": 0.004980652436006667,
            "max": 0.004980652436006667,
            "count": 1
        },
        "TankBehavior.Policy.Beta.sum": {
            "value": 0.01494195730802,
            "min": 0.01494195730802,
            "max": 0.01494195730802,
            "count": 1
        },
        "TankBehavior.Policy.GAILPolicyEstimate.mean": {
            "value": 0.01425370422351842,
            "min": 0.01425370422351842,
            "max": 0.01425370422351842,
            "count": 1
        },
        "TankBehavior.Policy.GAILPolicyEstimate.sum": {
            "value": 0.04276111267055526,
            "min": 0.04276111267055526,
            "max": 0.04276111267055526,
            "count": 1
        },
        "TankBehavior.Policy.GAILExpertEstimate.mean": {
            "value": 0.9028930259473396,
            "min": 0.9028930259473396,
            "max": 0.9028930259473396,
            "count": 1
        },
        "TankBehavior.Policy.GAILExpertEstimate.sum": {
            "value": 2.7086790778420187,
            "min": 2.7086790778420187,
            "max": 2.7086790778420187,
            "count": 1
        },
        "TankBehavior.Losses.GAILLoss.mean": {
            "value": 0.13075616425938077,
            "min": 0.13075616425938077,
            "max": 0.13075616425938077,
            "count": 1
        },
        "TankBehavior.Losses.GAILLoss.sum": {
            "value": 0.39226849277814235,
            "min": 0.39226849277814235,
            "max": 0.39226849277814235,
            "count": 1
        },
        "TankBehavior.Policy.GAILGradMagLoss.mean": {
            "value": 0.05783817386536887,
            "min": 0.05783817386536887,
            "max": 0.05783817386536887,
            "count": 1
        },
        "TankBehavior.Policy.GAILGradMagLoss.sum": {
            "value": 0.1735145215961066,
            "min": 0.1735145215961066,
            "max": 0.1735145215961066,
            "count": 1
        },
        "TankBehavior.Losses.PretrainingLoss.mean": {
            "value": 1.6231567329830592,
            "min": 1.6231567329830592,
            "max": 1.6231567329830592,
            "count": 1
        },
        "TankBehavior.Losses.PretrainingLoss.sum": {
            "value": 4.869470198949178,
            "min": 4.869470198949178,
            "max": 4.869470198949178,
            "count": 1
        },
        "TankBehavior.IsTraining.mean": {
            "value": 1.0,
            "min": 1.0,
            "max": 1.0,
            "count": 1
        },
        "TankBehavior.IsTraining.sum": {
            "value": 1.0,
            "min": 1.0,
            "max": 1.0,
            "count": 1
        }
    },
    "metadata": {
        "timer_format_version": "0.1.0",
        "start_time_seconds": "1728458177",
        "python_version": "3.8.10 (tags/v3.8.10:3d8993a, May  3 2021, 11:48:03) [MSC v.1928 64 bit (AMD64)]",
        "command_line_arguments": "C:\\Users\\User\\Desktop\\Tank-Game-AI\\venv\\Scripts\\mlagents-learn results/Gen14/configuration.yaml --resume",
        "mlagents_version": "0.29.0",