{
    "name": "root",
    "gauges": {
        "TankBehavior.Policy.Entropy.mean": {
            "value": 1.8283438682556152,
            "min": 1.8283438682556152,
            "max": 1.8283438682556152,
            "count": 1
        },
        "TankBehavior.Policy.Entropy.sum": {
            "value": 65381.578125,
            "min": 65381.578125,
            "max": 65381.578125,
            "count": 1
        },
        "TankBehavior.Step.mean": {
            "value": 1949952.0,
            "min": 1949952.0,
            "max": 1949952.0,
            "count": 1
        },
        "TankBehavior.Step.sum": {
            "value": 1949952.0,
            "min": 1949952.0,
            "max": 1949952.0,
            "count": 1
        },
        "TankBehavior.Policy.ExtrinsicValueEstimate.mean": {
            "value": -5.817119598388672,
            "min": -5.817119598388672,
            "max": -5.817119598388672,
            "count": 1
        },
        "TankBehavior.Policy.ExtrinsicValueEstimate.sum": {
            "value": -3187.781494140625,
            "min": -3187.781494140625,
            "max": -3187.781494140625,
            "count": 1
        },
        "TankBehavior.Policy.GailValueEstimate.mean": {
            "value": 2.92585825920105,
            "min": 2.92585825920105,
            "max": 2.92585825920105,
            "count": 1
        },
        "TankBehavior.Policy.GailValueEstimate.sum": {
            "value": 1603.370361328125,
            "min": 1603.370361328125,
            "max": 1603.370361328125,
            "count": 1
        },
        "TankBehavior.Environment.EpisodeLength.mean": {
            "value": 766.8205128205128,
            "min": 766.8205128205128,
            "max": 766.8205128205128,
            "count": 1
        },
        "TankBehavior.Environment.EpisodeLength.sum": {
            "value": 29906.0,
            "min": 29906.0,
            "max": 29906.0,
            "count": 1
        },
        "TankBehavior.Environment.CumulativeReward.mean": {
            "value": -681.2019882752345,
            "min": -681.2019882752345,
            "max": -681.2019882752345,
            "count": 1
        },
        "TankBehavior.Environment.CumulativeReward.sum": {
            "value": -26566.877542734146,
            "min": -26566.877542734146,
            "max": -26566.877542734146,
            "count": 1
        },
        "TankBehavior.Policy.ExtrinsicReward.mean": {
            "value": -681.2019882752345,
            "min": -681.2019882752345,
            "max": -681.2019882752345,
            "count": 1
        },
        "TankBehavior.Policy.ExtrinsicReward.sum": {
            "value": -26566.877542734146,
            "min": -26566.877542734146,
            "max": -26566.877542734146,
            "count": 1
        },
        "TankBehavior.Policy.GailReward.mean": {
            "value": 65.71353781278832,
            "min": 65.71353781278832,
            "max": 65.71353781278832,
            "count": 1
        },
        "TankBehavior.Policy.GailReward.sum": {
            "value": 2562.8279746987446,
            "min": 2562.8279746987446,
            "max": 2562.8279746987446,
            "count": 1
        },
        "TankBehavior.Losses.PolicyLoss.mean": {
            "value": 0.02434298560864673,
            "min": 0.02434298560864673,
            "max": 0.02434298560864673,
            "count": 1
        },
        "TankBehavior.Losses.PolicyLoss.sum": {
            "value": 0.0730289568259402,
            "min": 0.0730289568259402,
            "max": 0.0730289568259402,
            "count": 1
        },
        "TankBehavior.Losses.ValueLoss.mean": {
            "value": 109.15937913836855,
            "min": 109.15937913836855,
            "max": 109.15937913836855,
            "count": 1
        },
        "TankBehavior.Losses.ValueLoss.sum": {
            "value": 327.47813741510566,
            "min": 327.47813741510566,
            "max": 327.47813741510566,
            "count": 1
        },
        "TankBehavior.Policy.LearningRate.mean": {
            "value": 0.00029883682798772414,
            "min": 0.00029883682798772414,
            "max": 0.00029883682798772414,
            "count": 1
        },
        "TankBehavior.Policy.LearningRate.sum": {
            "value": 0.0008965104839631724,
            "min": 0.0008965104839631724,
            "max": 0.0008965104839631724,
            "count": 1
        },
        "TankBehavior.Policy.Epsilon.mean": {
            "value": 0.19961227586666666,
            "min": 0.19961227586666666,
            "max": 0.19961227586666666,
            "count": 1
        },
        "TankBehavior.Policy.Epsilon.sum": {
            "value": 0.5988368276,
            "min": 0.5988368276,
            "max": 0.5988368276,
            "count": 1
        },
        "TankBehavior.Policy.Beta.mean": {
            "value": 0.004980652565746666,
            "min": 0.004980652565746666,
            "max": 0.004980652565746666,
            "count": 1
        },
        "TankBehavior.Policy.Beta.sum": {
            "value": 0.014941957697239999,
            "min": 0.014941957697239999,
            "max": 0.014941957697239999,
            "count": 1
        },
        "TankBehavior.Policy.GAILPolicyEstimate.mean": {
            "value": 0.014094758160280609,
            "min": 0.014094758160280609,
            "max": 0.014094758160280609,
            "count": 1
        },
        "TankBehavior.Policy.GAILPolicyEstimate.sum": {
            "value": 0.04228427448084183,
            "min": 0.04228427448084183,
            "max": 0.04228427448084183,
            "count": 1
        },
        "TankBehavior.Policy.GAILExpertEstimate.mean": {
            "value": 0.8989824559953478,
            "min": 0.8989824559953478,
            "max": 0.8989824559953478,
            "count": 1
        },
        "TankBehavior.Policy.GAILExpertEstimate.sum": {
            "value": 2.696947367986043,
            "min": 2.696947367986043,
            "max": 2.696947367986043,
            "count": 1
        },
        "TankBehavior.Losses.GAILLoss.mean": {
            "value": 0.1346587385417837,
            "min": 0.1346587385417837,
            "max": 0.1346587385417837,
            "count": 1
        },
        "TankBehavior.Losses.GAILLoss.sum": {
            "value": 0.40397621562535113,
            "min": 0.40397621562535113,
            "max": 0.40397621562535113,
            "count": 1
        },
        "TankBehavior.Policy.GAILGradMagLoss.mean": {
            "value": 0.058834130268054785,
            "min": 0.058834130268054785,
            "max": 0.058834130268054785,
            "count": 1
        },
        "TankBehavior.Policy.GAILGradMagLoss.sum": {
            "value": 0.17650239080416436,
            "min": 0.17650239080416436,
            "max": 0.17650239080416436,
            "count": 1
        },
        "TankBehavior.Losses.PretrainingLoss.mean": {
            "value": 1.614300807317098,
            "min": 1.614300807317098,
            "max": 1.614300807317098,
            "count": 1
        },
        "TankBehavior.Losses.PretrainingLoss.sum": {
            "value": 4.842902421951294,
            "min": 4.842902421951294,
            "max": 4.842902421951294,
            "count": 1
        },
        "TankBehavior.IsTraining.mean": {
            "value": 1.0,
            "min": 1.0,
            "max": 1.0,
            "count": 1
        },
        "TankBehavior.IsTraining.sum": {
            "value": 1.0,
            "min": 1.0,
            "max": 1.0,
            "count": 1
        }
    },
    "metadata": {
        "timer_format_version": "0.1.0",
        "start_time_seconds": "1728512428",
        "python_version": "3.8.10 (tags/v3.8.10:3d8993a, May  3 2021, 11:48:03) [MSC v.1928 64 bit (AMD64)]",
        "command_line_arguments": "C:\\Users\\User\\Desktop\\Tank-Game-AI\\venv\\Scripts\\mlagents-learn results/Gen14/configuration.yaml --resume",