{
    "name": "root",
    "metadata": {
        "timer_format_version": "0.1.0",
        "start_time_seconds": "1730939469",
        "python_version": "3.8.10 (tags/v3.8.10:3d8993a, May  3 2021, 11:48:03) [MSC v.1928 64 bit (AMD64)]",
        "command_line_arguments": "C:\\Users\\User\\Desktop\\Tank-Game-AI\\venv\\Scripts\\mlagents-learn --run-id=Gen34a",
        "mlagents_version": "0.29.0",
        "mlagents_envs_version": "0.29.0",
        "communication_protocol_version": "1.5.0",
        "pytorch_version": "2.2.2+cu121",
        "numpy_version": "1.21.2",
        "end_time_seconds": "1730939486"
    },
    "total": 16.4390788,
    "count": 1,
    "self": 0.006100700000001069,
    "children": {
        "run_training.setup": {
            "total": 0.048509899999999995,
            "count": 1,
            "self": 0.048509899999999995
        },
        "TrainerController.start_learning": {
            "total": 16.3844682,
            "count": 1,
            "self": 0.0014055999999982305,
            "children": {
                "TrainerController._reset_env": {
                    "total": 9.636074,
                    "count": 1,
                    "self": 9.636074
                },
                "TrainerController.advance": {
                    "total": 6.514500599999998,
                    "count": 29,
                    "self": 0.0008871999999975344,
                    "children": {
                        "env_step": {
                            "total": 6.4917532,
                            "count": 29,
                            "self": 6.355642899999999,
                            "children": {
                                "SubprocessEnvManager._take_step": {
                                    "total": 0.1356773000000011,
                                    "count": 29,
                                    "self": 0.0028797999999969903,
                                    "children": {
                                        "TorchPolicy.evaluate": {
                                            "total": 0.13279750000000412,
                                            "count": 27,
                                            "self": 0.024348700000004442,
                                            "children": {
                                                "TorchPolicy.sample_actions": {
                                                    "total": 0.10844879999999968,
                                                    "count": 27,
                                                    "self": 0.10844879999999968
                                                }
                                            }
                                        }
                                    }
                                },
                                "workers": {
                                    "total": 0.00043299999999923955,
                                    "count": 28,
                                    "self": 0.0,
                                    "children": {
                                        "worker_root": {
                                            "total": 3.957049499999995,
                                            "count": 28,
                                            "is_parallel": true,
                                            "self": 2.0382779000000024,
                                            "children": {
                                                "steps_from_proto": {
                                                    "total": 0.0063686000000000575,
                                                    "count": 1,
                                                    "is_parallel": true,
                                                    "self": 0.0016207000000001415,
                                                    "children": {
                                                        "_process_rank_one_or_two_observation": {
                                                            "total": 0.004747899999999916,
                                                            "count": 2,
                                                            "is_parallel": true,
                                                            "self": 0.004747899999999916
                                                        }
                                                    }
                                                },
                                                "UnityEnvironment.step": {
                                                    "total": 1.9124029999999923,
                                                    "count": 28,
                                                    "is_parallel": true,
                                                    "self": 0.02622469999999133,
                                                    "children": {
                                                        "UnityEnvironment._generate_step_input": {
                                                            "total": 0.014755099999996801,
                                                            "count": 28,
                                                            "is_parallel": true,
                                                            "self": 0.014755099999996801
                                                        },
                                                        "communicator.exchange": {
                                                            "total": 1.775346500000003,
                                                            "count": 28,
                                                            "is_parallel": true,
                                                            "self": 1.775346500000003
                                                        },
                                                        "steps_from_proto": {
                                                            "total": 0.09607670000000113,
                                                            "count": 28,
                                                            "is_parallel": true,
                                                            "self": 0.009042700000003734,
                                                            "children": {
                                                                "_process_rank_one_or_two_observation": {
                                                                    "total": 0.08703399999999739,
                                                                    "count": 56,
                                                                    "is_parallel": true,
                                                                    "self": 0.08703399999999739
                                                                }
                                                            }
                                                        }
                                                    }
                                                }
                                            }
                                        }
                                    }
                                }
                            }
                        },
                        "trainer_advance": {
                            "total": 0.021860200000000773,
                            "count": 28,
                            "self": 0.0006800000000026785,
                            "children": {
                                "process_trajectory": {
                                    "total": 0.021180199999998095,
                                    "count": 28,
                                    "self": 0.021180199999998095
                                }
                            }
                        }
                    }
                },