{
    "name": "root",
    "gauges": {
        "TankBehavior.Policy.Entropy.mean": {
            "value": 1.5572118759155273,
            "min": 1.5572118759155273,
            "max": 1.9698611497879028,
            "count": 12
        },
        "TankBehavior.Policy.Entropy.sum": {
            "value": 77938.453125,
            "min": 77612.53125,
            "max": 95760.2109375,
            "count": 12
        },
        "TankBehavior.Step.mean": {
            "value": 799980.0,
            "min": 249938.0,
            "max": 799980.0,
            "count": 12
        },
        "TankBehavior.Step.sum": {
            "value": 799980.0,
            "min": 249938.0,
            "max": 799980.0,
            "count": 12
        },
        "TankBehavior.Policy.ExtrinsicValueEstimate.mean": {
            "value": 26.186494827270508,
            "min": 8.024368286132812,
            "max": 26.186494827270508,
            "count": 12
        },
        "TankBehavior.Policy.ExtrinsicValueEstimate.sum": {
            "value": 22127.587890625,
            "min": 6266.01953125,
            "max": 22127.587890625,
            "count": 12
        },
        "TankBehavior.Policy.GailValueEstimate.mean": {
            "value": 2.168225049972534,
            "min": 2.168225049972534,
            "max": 8.608720779418945,
            "count": 12
        },
        "TankBehavior.Policy.GailValueEstimate.sum": {
            "value": 1832.150146484375,
            "min": 1832.150146484375,
            "max": 6827.6435546875,
            "count": 12
        },
        "TankBehavior.Environment.EpisodeLength.mean": {
            "value": 377.35766423357666,
            "min": 377.35766423357666,
            "max": 950.2830188679245,
            "count": 12
        },
        "TankBehavior.Environment.EpisodeLength.sum": {
            "value": 51698.0,
            "min": 27031.0,
            "max": 53588.0,
            "count": 12
        },
        "TankBehavior.Environment.CumulativeReward.mean": {
            "value": 163.85874154793956,
            "min": 67.45344448102904,
            "max": 163.85874154793956,
            "count": 12
        },
        "TankBehavior.Environment.CumulativeReward.sum": {
            "value": 22448.64759206772,
            "min": 2345.202627390623,
            "max": 22448.64759206772,
            "count": 12
        },
        "TankBehavior.Policy.ExtrinsicReward.mean": {
            "value": 163.85874154793956,
            "min": 67.45344448102904,
            "max": 163.85874154793956,
            "count": 12
        },
        "TankBehavior.Policy.ExtrinsicReward.sum": {
            "value": 22448.64759206772,
            "min": 2345.202627390623,
            "max": 22448.64759206772,
            "count": 12
        },
        "TankBehavior.Policy.GailReward.mean": {
            "value": 11.080229877793386,
            "min": 11.080229877793386,
            "max": 201.84977429143845,
            "count": 12
        },
        "TankBehavior.Policy.GailReward.sum": {
            "value": 1517.991493257694,
            "min": 1517.991493257694,
            "max": 6257.343003034592,
            "count": 12
        },
        "TankBehavior.Losses.PolicyLoss.mean": {
            "value": 0.022481851767515763,
            "min": 0.0210070776766103,
            "max": 0.025165242013463283,
            "count": 12
        },
        "TankBehavior.Losses.PolicyLoss.sum": {
            "value": 0.11240925883757881,
            "min": 0.07160706745926292,
            "max": 0.12582621006731642,
            "count": 12
        },
        "TankBehavior.Losses.ValueLoss.mean": {
            "value": 12.467781232198078,
            "min": 3.437839237054189,
            "max": 12.467781232198078,
            "count": 12
        },
        "TankBehavior.Losses.ValueLoss.sum": {
            "value": 62.33890616099039,
            "min": 14.03872545415705,
            "max": 62.33890616099039,
            "count": 12
        },
        "TankBehavior.Policy.LearningRate.mean": {
            "value": 0.00025373175942275194,
            "min": 0.00025373175942275194,
            "max": 0.00028602380465873336,
            "count": 12
        },
        "TankBehavior.Policy.LearningRate.sum": {
            "value": 0.0012686587971137597,
            "min": 0.0008580714139762001,
            "max": 0.0014170569876476799,
            "count": 12
        },
        "TankBehavior.Policy.Epsilon.mean": {
            "value": 0.18457724800000003,
            "min": 0.18457724800000003,
            "max": 0.1953412666666667,
            "count": 12
        },
        "TankBehavior.Policy.Epsilon.sum": {
            "value": 0.9228862400000002,
            "min": 0.5860238000000001,
            "max": 0.9723523200000003,
            "count": 12
        },
        "TankBehavior.Policy.Beta.mean": {
            "value": 0.0042304046751999985,
            "min": 0.0042304046751999985,
            "max": 0.004767529206666666,
            "count": 12
        },
        "TankBehavior.Policy.Beta.sum": {
            "value": 0.021152023375999994,
            "min": 0.014302587619999998,
            "max": 0.023620380768000007,
            "count": 12
        },
        "TankBehavior.Policy.GAILPolicyEstimate.mean": {
            "value": 0.03309263123820226,
            "min": 0.03309263123820226,
            "max": 0.10879274267289374,
            "count": 12
        },
        "TankBehavior.Policy.GAILPolicyEstimate.sum": {
            "value": 0.1654631561910113,
            "min": 0.13498121748367944,
            "max": 0.35668424963951106,
            "count": 12
        },
        "TankBehavior.Policy.GAILExpertEstimate.mean": {
            "value": 0.9799786293506623,
            "min": 0.8246921943293678,
            "max": 0.9799786293506623,
            "count": 12
        },
        "TankBehavior.Policy.GAILExpertEstimate.sum": {
            "value": 4.899893146753311,
            "min": 2.4740765829881033,
            "max": 4.899893146753311,
            "count": 12
        },
        "TankBehavior.Losses.GAILLoss.mean": {
            "value": 0.05546700298786163,
            "min": 0.05546700298786163,
            "max": 0.36031428492731515,
            "count": 12
        },
        "TankBehavior.Losses.GAILLoss.sum": {
            "value": 0.2773350149393081,
            "min": 0.23148419683178267,
            "max": 1.0809428547819455,
            "count": 12
        },
        "TankBehavior.Policy.GAILGradMagLoss.mean": {
            "value": 0.0843807158867518,
            "min": 0.0843807158867518,
            "max": 7.751800229814317,
            "count": 12
        },
        "TankBehavior.Policy.GAILGradMagLoss.sum": {
            "value": 0.42190357943375906,
            "min": 0.359024999042352,
            "max": 23.25540068944295,
            "count": 12
        },
        "TankBehavior.IsTraining.mean": {
            "value": 1.0,
            "min": 1.0,
            "max": 1.0,
            "count": 12
        },
        "TankBehavior.IsTraining.sum": {
            "value": 1.0,
            "min": 1.0,
            "max": 1.0,
            "count": 12
        }
    },
    "metadata": {
        "timer_format_version": "0.1.0",
        "start_time_seconds": "1728528881",
        "python_version": "3.8.10 (tags/v3.8.10:3d8993a, May  3 2021, 11:48:03) [MSC v.1928 64 bit (AMD64)]",
        "command_line_arguments": "C:\\Users\\User\\Desktop\\Tank-Game-AI\\venv\\Scripts\\mlagents-learn results/Gen14-FRE/configuration.yaml --resume",
        "mlagents_version": "0.29.0",
        "mlagents_envs_version": "0.29.0",
        "communication_protocol_version": "1.5.0",
        "pytorch_version": "2.2.2+cu121",
        "numpy_version": "1.21.2",
        "end_time_seconds": "1728530760"
    },
    "total": 1879.3005231000002,
    "count": 1,
    "self": 0.019635200000266195,