{
    "name": "root",
    "gauges": {
        "TankBehavior.Policy.Entropy.mean": {
            "value": 1.4229871034622192,
            "min": 1.4032407999038696,
            "max": 1.8206627368927002,
            "count": 123
        },
        "TankBehavior.Policy.Entropy.sum": {
            "value": 71035.515625,
            "min": 63496.77734375,
            "max": 90887.484375,
            "count": 123
        },
        "TankBehavior.Step.mean": {
            "value": 8049949.0,
            "min": 1949986.0,
            "max": 8049949.0,
            "count": 123
        },
        "TankBehavior.Step.sum": {
            "value": 8049949.0,
            "min": 1949986.0,
            "max": 8049949.0,
            "count": 123
        },
        "TankBehavior.Policy.ExtrinsicValueEstimate.mean": {
            "value": 23.221296310424805,
            "min": 1.231583595275879,
            "max": 23.977807998657227,
            "count": 123
        },
        "TankBehavior.Policy.ExtrinsicValueEstimate.sum": {
            "value": 19854.208984375,
            "min": 720.4763793945312,
            "max": 20525.00390625,
            "count": 123
        },
        "TankBehavior.Policy.GailValueEstimate.mean": {
            "value": 0.00038975776988081634,
            "min": -0.07511961460113525,
            "max": 1.8504893779754639,
            "count": 123
        },
        "TankBehavior.Policy.GailValueEstimate.sum": {
            "value": 0.33324289321899414,
            "min": -64.75310516357422,
            "max": 1082.5362548828125,
            "count": 123
        },
        "TankBehavior.Environment.EpisodeLength.mean": {
            "value": 330.8888888888889,
            "min": 224.27272727272728,
            "max": 361.35172413793106,
            "count": 123
        },
        "TankBehavior.Environment.EpisodeLength.sum": {
            "value": 50626.0,
            "min": 31144.0,
            "max": 54528.0,
            "count": 123
        },
        "TankBehavior.Environment.CumulativeReward.mean": {
            "value": 120.74729650837729,
            "min": 17.499219285664353,
            "max": 121.36164648655877,
            "count": 123
        },
        "TankBehavior.Environment.CumulativeReward.sum": {
            "value": 18474.336365781724,
            "min": 2012.4102178514004,
            "max": 19346.786340638995,
            "count": 123
        },
        "TankBehavior.Policy.ExtrinsicReward.mean": {
            "value": 120.74729650837729,
            "min": 17.499219285664353,
            "max": 121.36164648655877,
            "count": 123
        },
        "TankBehavior.Policy.ExtrinsicReward.sum": {
            "value": 18474.336365781724,
            "min": 2012.4102178514004,
            "max": 19346.786340638995,
            "count": 123
        },
        "TankBehavior.Policy.GailReward.mean": {
            "value": 0.4772031620396145,
            "min": 0.406197861267156,
            "max": 11.6083103774796,
            "count": 123
        },
        "TankBehavior.Policy.GailReward.sum": {
            "value": 73.01208379206102,
            "min": 68.58508013501994,
            "max": 1334.955693410154,
            "count": 123
        },
        "TankBehavior.Losses.PolicyLoss.mean": {
            "value": 0.02566979013655024,
            "min": 0.019141204570120557,
            "max": 0.02931505139684305,
            "count": 123
        },
        "TankBehavior.Losses.PolicyLoss.sum": {
            "value": 0.1283489506827512,
            "min": 0.06415409876305299,
            "max": 0.14657525698421525,
            "count": 123
        },
        "TankBehavior.Losses.ValueLoss.mean": {
            "value": 1.50242924451828,
            "min": 0.8924761879444123,
            "max": 6.974922773573134,
            "count": 123
        },
        "TankBehavior.Losses.ValueLoss.sum": {
            "value": 7.5121462225914,
            "min": 4.060941110054652,
            "max": 20.9247683207194,
            "count": 123
        },
        "TankBehavior.Policy.LearningRate.mean": {
            "value": 0.0002951870066843316,
            "min": 0.0002951870066843316,
            "max": 0.0002988376415874528,
            "count": 123
        },
        "TankBehavior.Policy.LearningRate.sum": {
            "value": 0.001475935033421658,
            "min": 0.0008965129247623584,
            "max": 0.0014940644611785134,
            "count": 123
        },
        "TankBehavior.Policy.Epsilon.mean": {
            "value": 0.19839566836000005,
            "min": 0.19839566836000005,
            "max": 0.19961254706666673,
            "count": 123
        },
        "TankBehavior.Policy.Epsilon.sum": {
            "value": 0.9919783418000003,
            "min": 0.5988376412000002,
            "max": 0.9980214864000001,
            "count": 123
        },
        "TankBehavior.Policy.Beta.mean": {
            "value": 0.004919943851163999,
            "min": 0.004919943851163999,
            "max": 0.004980666098626667,
            "count": 123
        },
        "TankBehavior.Policy.Beta.sum": {
            "value": 0.024599719255819996,
            "min": 0.01494199829588,
            "max": 0.024901272171360005,
            "count": 123
        },
        "TankBehavior.Policy.GAILPolicyEstimate.mean": {
            "value": 0.001064544674397136,
            "min": 0.0009568570366657998,
            "max": 0.01437505728358196,
            "count": 123
        },
        "TankBehavior.Policy.GAILPolicyEstimate.sum": {
            "value": 0.00532272337198568,
            "min": 0.0038274281466631993,
            "max": 0.04312517185074588,
            "count": 123
        },
        "TankBehavior.Policy.GAILExpertEstimate.mean": {
            "value": 0.9994074777762096,
            "min": 0.877994113498264,
            "max": 0.9995221400260925,
            "count": 123
        },
        "TankBehavior.Policy.GAILExpertEstimate.sum": {
            "value": 4.997037388881048,
            "min": 2.633982340494792,
            "max": 4.997610700130463,
            "count": 123
        },
        "TankBehavior.Losses.GAILLoss.mean": {
            "value": 0.0022937421737393984,
            "min": 0.0022110240743495524,
            "max": 0.15595425160394774,
            "count": 123
        },
        "TankBehavior.Losses.GAILLoss.sum": {
            "value": 0.011468710868696993,
            "min": 0.009009724768111483,
            "max": 0.46786275481184325,
            "count": 123
        },
        "TankBehavior.Policy.GAILGradMagLoss.mean": {
            "value": 0.0016300174974215528,
            "min": 0.0014390728118208545,
            "max": 0.10082909895883252,
            "count": 123
        },
        "TankBehavior.Policy.GAILGradMagLoss.sum": {
            "value": 0.008150087487107764,
            "min": 0.006460999883711339,
            "max": 0.5041454947941626,
            "count": 123
        },
        "TankBehavior.Losses.PretrainingLoss.mean": {
            "value": 0.4859094848235449,
            "min": 0.4859094848235449,
            "max": 1.5949170390764873,
            "count": 123
        },
        "TankBehavior.Losses.PretrainingLoss.sum": {
            "value": 2.4295474241177244,
            "min": 1.947241355975469,
            "max": 7.67895261446635,
            "count": 123
        },
        "TankBehavior.IsTraining.mean": {
            "value": 1.0,
            "min": 1.0,
            "max": 1.0,
            "count": 123
        },
        "TankBehavior.IsTraining.sum": {
            "value": 1.0,
            "min": 1.0,
            "max": 1.0,
            "count": 123
        }
    },
    "metadata": {
        "timer_format_version": "0.1.0",
        "start_time_seconds": "1728356313",
        "python_version": "3.8.10 (tags/v3.8.10:3d8993a, May  3 2021, 11:48:03) [MSC v.1928 64 bit (AMD64)]",