{
    "name": "root",
    "gauges": {
        "TankBehavior.Policy.Entropy.mean": {
            "value": 1.7858797311782837,
            "min": 1.7669501304626465,
            "max": 1.9376741647720337,
            "count": 61
        },
        "TankBehavior.Policy.Entropy.sum": {
            "value": 89829.75,
            "min": 65292.94140625,
            "max": 96883.7109375,
            "count": 61
        },
        "TankBehavior.Step.mean": {
            "value": 4949998.0,
            "min": 1949939.0,
            "max": 4949998.0,
            "count": 61
        },
        "TankBehavior.Step.sum": {
            "value": 4949998.0,
            "min": 1949939.0,
            "max": 4949998.0,
            "count": 61
        },
        "TankBehavior.Policy.ExtrinsicValueEstimate.mean": {
            "value": -2.7911643981933594,
            "min": -36.29003143310547,
            "max": -0.5470309853553772,
            "count": 61
        },
        "TankBehavior.Policy.ExtrinsicValueEstimate.sum": {
            "value": -2288.7548828125,
            "min": -29104.60546875,
            "max": -443.64215087890625,
            "count": 61
        },
        "TankBehavior.Policy.GailValueEstimate.mean": {
            "value": -0.054767951369285583,
            "min": -0.12357939779758453,
            "max": 2.4216134548187256,
            "count": 61
        },
        "TankBehavior.Policy.GailValueEstimate.sum": {
            "value": -44.90972137451172,
            "min": -101.82942199707031,
            "max": 1944.5556640625,
            "count": 61
        },
        "TankBehavior.Environment.EpisodeLength.mean": {
            "value": 586.4235294117647,
            "min": 573.2386363636364,
            "max": 999.0,
            "count": 61
        },
        "TankBehavior.Environment.EpisodeLength.sum": {
            "value": 49846.0,
            "min": 24977.0,
            "max": 51682.0,
            "count": 61
        },
        "TankBehavior.Environment.CumulativeReward.mean": {
            "value": -43.3697827668751,
            "min": -734.2859301644343,
            "max": 7.032195816364358,
            "count": 61
        },
        "TankBehavior.Environment.CumulativeReward.sum": {
            "value": -3686.4315351843834,
            "min": -29960.086613327265,
            "max": 478.1893155127764,
            "count": 61
        },
        "TankBehavior.Policy.ExtrinsicReward.mean": {
            "value": -43.3697827668751,
            "min": -734.2859301644343,
            "max": 7.032195816364358,
            "count": 61
        },
        "TankBehavior.Policy.ExtrinsicReward.sum": {
            "value": -3686.4315351843834,
            "min": -29960.086613327265,
            "max": 478.1893155127764,
            "count": 61
        },
        "TankBehavior.Policy.GailReward.mean": {
            "value": 0.27450084227204397,
            "min": 0.23477925009830622,
            "max": 118.9627109043264,
            "count": 61
        },
        "TankBehavior.Policy.GailReward.sum": {
            "value": 23.33257159312374,
            "min": 18.63076236082682,
            "max": 3211.993194416813,
            "count": 61
        },
        "TankBehavior.Losses.PolicyLoss.mean": {
            "value": 0.02474118748446926,
            "min": 0.02051679686759599,
            "max": 0.028465778795847052,
            "count": 61
        },
        "TankBehavior.Losses.PolicyLoss.sum": {
            "value": 0.12370593742234631,
            "min": 0.07158814427675679,
            "max": 0.14232889397923526,
            "count": 61
        },
        "TankBehavior.Losses.ValueLoss.mean": {
            "value": 19.20925484657288,
            "min": 3.0325428295135497,
            "max": 81.25348421732583,
            "count": 61
        },
        "TankBehavior.Losses.ValueLoss.sum": {
            "value": 96.04627423286439,
            "min": 14.546727661291758,
            "max": 278.6609206633134,
            "count": 61
        },
        "TankBehavior.Policy.LearningRate.mean": {
            "value": 0.00029704673678442137,
            "min": 0.00029704673678442137,
            "max": 0.00029883712198762615,
            "count": 61
        },
        "TankBehavior.Policy.LearningRate.sum": {
            "value": 0.001485233683922107,
            "min": 0.0008965113659628785,
            "max": 0.001493923546425485,
            "count": 61
        },
        "TankBehavior.Policy.Epsilon.mean": {
            "value": 0.19901557860000005,
            "min": 0.19901557860000005,
            "max": 0.19961237386666666,
            "count": 61
        },
        "TankBehavior.Policy.Epsilon.sum": {
            "value": 0.9950778930000003,
            "min": 0.5988371216,
            "max": 0.9979745148,
            "count": 61
        },
        "TankBehavior.Policy.Beta.mean": {
            "value": 0.0049508773721400005,
            "min": 0.0049508773721400005,
            "max": 0.004980657455946666,
            "count": 61
        },
        "TankBehavior.Policy.Beta.sum": {
            "value": 0.0247543868607,
            "min": 0.01494197236784,
            "max": 0.02489892828852,
            "count": 61
        },
        "TankBehavior.Policy.GAILPolicyEstimate.mean": {
            "value": 0.00048470415928022706,
            "min": 0.0004421315142826643,
            "max": 0.03839244080914391,
            "count": 61
        },
        "TankBehavior.Policy.GAILPolicyEstimate.sum": {
            "value": 0.0024235207964011353,
            "min": 0.0017729791685269446,
            "max": 0.11517732242743174,
            "count": 61
        },
        "TankBehavior.Policy.GAILExpertEstimate.mean": {
            "value": 0.9999443169434865,
            "min": 0.982758899529775,
            "max": 0.9999457263946532,
            "count": 61
        },
        "TankBehavior.Policy.GAILExpertEstimate.sum": {
            "value": 4.999721584717433,
            "min": 2.948276698589325,
            "max": 4.999728631973266,
            "count": 61
        },
        "TankBehavior.Losses.GAILLoss.mean": {
            "value": 0.000587531117683587,
            "min": 0.0005316748360807348,
            "max": 0.07373583641731077,
            "count": 61
        },
        "TankBehavior.Losses.GAILLoss.sum": {
            "value": 0.002937655588417935,
            "min": 0.002126699344322939,
            "max": 0.2212075092519323,
            "count": 61
        },
        "TankBehavior.Policy.GAILGradMagLoss.mean": {
            "value": 0.0012074046259901174,
            "min": 0.0012074046259901174,
            "max": 0.19267666390010466,
            "count": 61
        },
        "TankBehavior.Policy.GAILGradMagLoss.sum": {
            "value": 0.0060370231299505875,
            "min": 0.0052490290661808105,
            "max": 0.9633833195005232,
            "count": 61
        },
        "TankBehavior.Losses.PretrainingLoss.mean": {
            "value": 1.2022723144955105,
            "min": 1.1907517353693646,
            "max": 1.761331836382548,
            "count": 61
        },
        "TankBehavior.Losses.PretrainingLoss.sum": {
            "value": 6.011361572477552,
            "min": 4.8012227879630185,
            "max": 7.048965136210123,
            "count": 61
        },
        "TankBehavior.IsTraining.mean": {
            "value": 1.0,
            "min": 1.0,
            "max": 1.0,
            "count": 61
        },
        "TankBehavior.IsTraining.sum": {
            "value": 1.0,
            "min": 1.0,
            "max": 1.0,
            "count": 61
        }
    },
    "metadata": {
        "timer_format_version": "0.1.0",
        "start_time_seconds": "1728866103",
        "python_version": "3.8.10 (tags/v3.8.10:3d8993a, May  3 2021, 11:48:03) [MSC v.1928 64 bit (AMD64)]",