{
    "name": "root",
    "gauges": {
        "TankBehavior.Policy.Entropy.mean": {
            "value": 1.4173595905303955,
            "min": 1.4173595905303955,
            "max": 1.8779832124710083,
            "count": 6
        },
        "TankBehavior.Policy.Entropy.sum": {
            "value": 70584.5078125,
            "min": 65423.52734375,
            "max": 93974.28125,
            "count": 6
        },
        "TankBehavior.Step.mean": {
            "value": 2199962.0,
            "min": 1949998.0,
            "max": 2199962.0,
            "count": 6
        },
        "TankBehavior.Step.sum": {
            "value": 2199962.0,
            "min": 1949998.0,
            "max": 2199962.0,
            "count": 6
        },
        "TankBehavior.Policy.ExtrinsicValueEstimate.mean": {
            "value": 8.115013122558594,
            "min": 4.173890590667725,
            "max": 8.92200756072998,
            "count": 6
        },
        "TankBehavior.Policy.ExtrinsicValueEstimate.sum": {
            "value": 7027.60107421875,
            "min": 2441.72607421875,
            "max": 7779.990234375,
            "count": 6
        },
        "TankBehavior.Policy.GailValueEstimate.mean": {
            "value": 0.9998229742050171,
            "min": 0.9998229742050171,
            "max": 2.729038715362549,
            "count": 6
        },
        "TankBehavior.Policy.GailValueEstimate.sum": {
            "value": 865.8466796875,
            "min": 865.8466796875,
            "max": 2366.07666015625,
            "count": 6
        },
        "TankBehavior.Environment.EpisodeLength.mean": {
            "value": 261.328125,
            "min": 241.08,
            "max": 283.878453038674,
            "count": 6
        },
        "TankBehavior.Environment.EpisodeLength.sum": {
            "value": 50175.0,
            "min": 30906.0,
            "max": 51503.0,
            "count": 6
        },
        "TankBehavior.Environment.CumulativeReward.mean": {
            "value": 37.95973167871125,
            "min": 34.37206119093873,
            "max": 44.641142009062825,
            "count": 6
        },
        "TankBehavior.Environment.CumulativeReward.sum": {
            "value": 7288.26848231256,
            "min": 3746.5546698123217,
            "max": 8892.674225449562,
            "count": 6
        },
        "TankBehavior.Policy.ExtrinsicReward.mean": {
            "value": 37.95973167871125,
            "min": 34.37206119093873,
            "max": 44.641142009062825,
            "count": 6
        },
        "TankBehavior.Policy.ExtrinsicReward.sum": {
            "value": 7288.26848231256,
            "min": 3746.5546698123217,
            "max": 8892.674225449562,
            "count": 6
        },
        "TankBehavior.Policy.GailReward.mean": {
            "value": 7.476527503306104,
            "min": 7.293466333113232,
            "max": 25.293456854694423,
            "count": 6
        },
        "TankBehavior.Policy.GailReward.sum": {
            "value": 1435.493280634772,
            "min": 1320.117406293495,
            "max": 2756.9867971616923,
            "count": 6
        },
        "TankBehavior.Losses.PolicyLoss.mean": {
            "value": 0.02304584149843625,
            "min": 0.02264474853400316,
            "max": 0.024542819042108022,
            "count": 6
        },
        "TankBehavior.Losses.PolicyLoss.sum": {
            "value": 0.11522920749218125,
            "min": 0.07362845712632407,
            "max": 0.12030875555356034,
            "count": 6
        },
        "TankBehavior.Losses.ValueLoss.mean": {
            "value": 2.827743896643321,
            "min": 2.212317910194397,
            "max": 6.391202886899312,
            "count": 6
        },
        "TankBehavior.Losses.ValueLoss.sum": {
            "value": 14.138719483216605,
            "min": 10.745563264687856,
            "max": 19.173608660697937,
            "count": 6
        },
        "TankBehavior.Policy.LearningRate.mean": {
            "value": 0.0002986948588350472,
            "min": 0.0002986948588350472,
            "max": 0.0002988377645874119,
            "count": 6
        },
        "TankBehavior.Policy.LearningRate.sum": {
            "value": 0.0014934742941752359,
            "min": 0.0008965132937622357,
            "max": 0.0014939377502207508,
            "count": 6
        },
        "TankBehavior.Policy.Epsilon.mean": {
            "value": 0.1995649528,
            "min": 0.1995649528,
            "max": 0.19961258806666668,
            "count": 6
        },
        "TankBehavior.Policy.Epsilon.sum": {
            "value": 0.997824764,
            "min": 0.5988377642,
            "max": 0.9979792494000002,
            "count": 6
        },
        "TankBehavior.Policy.Beta.mean": {
            "value": 0.004978291144719999,
            "min": 0.004978291144719999,
            "max": 0.004980668144526666,
            "count": 6
        },
        "TankBehavior.Policy.Beta.sum": {
            "value": 0.024891455723599996,
            "min": 0.01494200443358,
            "max": 0.02489916454506,
            "count": 6
        },
        "TankBehavior.Policy.GAILPolicyEstimate.mean": {
            "value": 0.017278931544472777,
            "min": 0.017278931544472777,
            "max": 0.03949732271333536,
            "count": 6
        },
        "TankBehavior.Policy.GAILPolicyEstimate.sum": {
            "value": 0.08639465772236388,
            "min": 0.08639465772236388,
            "max": 0.11849196814000607,
            "count": 6
        },
        "TankBehavior.Policy.GAILExpertEstimate.mean": {
            "value": 0.9804389341672263,
            "min": 0.9650151014328004,
            "max": 0.9804389341672263,
            "count": 6
        },
        "TankBehavior.Policy.GAILExpertEstimate.sum": {
            "value": 4.902194670836131,
            "min": 2.8950453042984012,
            "max": 4.902194670836131,
            "count": 6
        },
        "TankBehavior.Losses.GAILLoss.mean": {
            "value": 0.04985305109371742,
            "min": 0.04985305109371742,
            "max": 0.10862827507985962,
            "count": 6
        },
        "TankBehavior.Losses.GAILLoss.sum": {
            "value": 0.24926525546858708,
            "min": 0.24926525546858708,
            "max": 0.3486391642441352,
            "count": 6
        },
        "TankBehavior.Policy.GAILGradMagLoss.mean": {
            "value": 0.017656427019586165,
            "min": 0.017656427019586165,
            "max": 0.041569473977304164,
            "count": 6
        },
        "TankBehavior.Policy.GAILGradMagLoss.sum": {
            "value": 0.08828213509793083,
            "min": 0.08367244976883133,
            "max": 0.12470842193191249,
            "count": 6
        },
        "TankBehavior.Losses.PretrainingLoss.mean": {
            "value": 1.051008133093516,
            "min": 1.051008133093516,
            "max": 2.0240566001998057,
            "count": 6
        },
        "TankBehavior.Losses.PretrainingLoss.sum": {
            "value": 5.25504066546758,
            "min": 5.25504066546758,
            "max": 6.966033697128296,
            "count": 6
        },
        "TankBehavior.IsTraining.mean": {
            "value": 1.0,
            "min": 1.0,
            "max": 1.0,
            "count": 6
        },
        "TankBehavior.IsTraining.sum": {
            "value": 1.0,
            "min": 1.0,
            "max": 1.0,
            "count": 6
        }
    },
    "metadata": {
        "timer_format_version": "0.1.0",
        "start_time_seconds": "1728285147",
        "python_version": "3.8.10 (tags/v3.8.10:3d8993a, May  3 2021, 11:48:03) [MSC v.1928 64 bit (AMD64)]",
        "command_line_arguments": "C:\\Users\\User\\Desktop\\Tank-Game-AI\\venv\\Scripts\\mlagents-learn results/Gen13/configuration.yaml --resume",
        "mlagents_version": "0.29.0",
        "mlagents_envs_version": "0.29.0",