{
    "name": "root",
    "gauges": {
        "TankBehavior.Policy.Entropy.mean": {
            "value": 1.8614211082458496,
            "min": 1.8614211082458496,
            "max": 1.8994189500808716,
            "count": 3
        },
        "TankBehavior.Policy.Entropy.sum": {
            "value": 93071.0546875,
            "min": 66859.546875,
            "max": 94500.7265625,
            "count": 3
        },
        "TankBehavior.Step.mean": {
            "value": 2049976.0,
            "min": 1949959.0,
            "max": 2049976.0,
            "count": 3
        },
        "TankBehavior.Step.sum": {
            "value": 2049976.0,
            "min": 1949959.0,
            "max": 2049976.0,
            "count": 3
        },
        "TankBehavior.Policy.ExtrinsicValueEstimate.mean": {
            "value": 8.895779609680176,
            "min": 6.983403205871582,
            "max": 8.895779609680176,
            "count": 3
        },
        "TankBehavior.Policy.ExtrinsicValueEstimate.sum": {
            "value": 7187.7900390625,
            "min": 3708.18701171875,
            "max": 7187.7900390625,
            "count": 3
        },
        "TankBehavior.Policy.GailValueEstimate.mean": {
            "value": 5.816184997558594,
            "min": 4.237457752227783,
            "max": 6.532524585723877,
            "count": 3
        },
        "TankBehavior.Policy.GailValueEstimate.sum": {
            "value": 4699.4775390625,
            "min": 2250.090087890625,
            "max": 5265.21484375,
            "count": 3
        },
        "TankBehavior.Losses.PolicyLoss.mean": {
            "value": 0.026325401887897344,
            "min": 0.024251653511854133,
            "max": 0.026325401887897344,
            "count": 3
        },
        "TankBehavior.Losses.PolicyLoss.sum": {
            "value": 0.13162700943948671,
            "min": 0.04969486446498195,
            "max": 0.13162700943948671,
            "count": 3
        },
        "TankBehavior.Losses.ValueLoss.mean": {
            "value": 5.745950955381297,
            "min": 5.745950955381297,
            "max": 55.487913969490265,
            "count": 3
        },
        "TankBehavior.Losses.ValueLoss.sum": {
            "value": 28.729754776906486,
            "min": 28.514118642518017,
            "max": 110.97582793898053,
            "count": 3
        },
        "TankBehavior.Policy.LearningRate.mean": {
            "value": 0.00029878425760524754,
            "min": 0.00029878425760524754,
            "max": 0.0002988388953870349,
            "count": 3
        },
        "TankBehavior.Policy.LearningRate.sum": {
            "value": 0.0014939212880262377,
            "min": 0.0005976777907740698,
            "max": 0.0014939212880262377,
            "count": 3
        },
        "TankBehavior.Policy.Epsilon.mean": {
            "value": 0.1995947524,
            "min": 0.1995947524,
            "max": 0.19961296500000003,
            "count": 3
        },
        "TankBehavior.Policy.Epsilon.sum": {
            "value": 0.997973762,
            "min": 0.39922593000000006,
            "max": 0.997973762,
            "count": 3
        },
        "TankBehavior.Policy.Beta.mean": {
            "value": 0.00497977814476,
            "min": 0.00497977814476,
            "max": 0.0049806869535,
            "count": 3
        },
        "TankBehavior.Policy.Beta.sum": {
            "value": 0.0248988907238,
            "min": 0.009961373907,
            "max": 0.0248988907238,
            "count": 3
        },
        "TankBehavior.Policy.GAILPolicyEstimate.mean": {
            "value": 0.025187777854840866,
            "min": 0.025187777854840866,
            "max": 0.05999163595131701,
            "count": 3
        },
        "TankBehavior.Policy.GAILPolicyEstimate.sum": {
            "value": 0.12593888927420432,
            "min": 0.11998327190263403,
            "max": 0.14032966064552616,
            "count": 3
        },
        "TankBehavior.Policy.GAILExpertEstimate.mean": {
            "value": 0.9762891475660632,
            "min": 0.9604009414712589,
            "max": 0.9762891475660632,
            "count": 3
        },
        "TankBehavior.Policy.GAILExpertEstimate.sum": {
            "value": 4.881445737830316,
            "min": 1.9208018829425177,
            "max": 4.881445737830316,
            "count": 3
        },
        "TankBehavior.Losses.GAILLoss.mean": {
            "value": 0.06439854455415647,
            "min": 0.06439854455415647,
            "max": 0.1744046357149879,
            "count": 3
        },
        "TankBehavior.Losses.GAILLoss.sum": {
            "value": 0.3219927227707824,
            "min": 0.3219927227707824,
            "max": 0.3748990311240307,
            "count": 3
        },
        "TankBehavior.Policy.GAILGradMagLoss.mean": {
            "value": 0.023808077293250594,
            "min": 0.023808077293250594,
            "max": 0.05621262078380419,
            "count": 3
        },
        "TankBehavior.Policy.GAILGradMagLoss.sum": {
            "value": 0.11904038646625298,
            "min": 0.11242524156760839,
            "max": 0.12822641551052455,
            "count": 3
        },
        "TankBehavior.Losses.PretrainingLoss.mean": {
            "value": 1.4612999677658078,
            "min": 1.4612999677658078,
            "max": 2.177172015110652,
            "count": 3
        },
        "TankBehavior.Losses.PretrainingLoss.sum": {
            "value": 7.30649983882904,
            "min": 4.354344030221304,
            "max": 7.30649983882904,
            "count": 3
        },
        "TankBehavior.IsTraining.mean": {
            "value": 1.0,
            "min": 1.0,
            "max": 1.0,
            "count": 3
        },
        "TankBehavior.IsTraining.sum": {
            "value": 1.0,
            "min": 1.0,
            "max": 1.0,
            "count": 3
        },
        "TankBehavior.Environment.EpisodeLength.mean": {
            "value": 830.3333333333334,
            "min": 830.3333333333334,
            "max": 884.9180327868852,
            "count": 2
        },
        "TankBehavior.Environment.EpisodeLength.sum": {
            "value": 49820.0,
            "min": 49820.0,
            "max": 53980.0,
            "count": 2
        },
        "TankBehavior.Environment.CumulativeReward.mean": {
            "value": 69.4889673396945,
            "min": 50.264086966265424,
            "max": 69.4889673396945,
            "count": 2
        },
        "TankBehavior.Environment.CumulativeReward.sum": {
            "value": 4169.33804038167,
            "min": 3066.1093049421906,
            "max": 4169.33804038167,
            "count": 2
        },
        "TankBehavior.Policy.ExtrinsicReward.mean": {
            "value": 69.4889673396945,
            "min": 50.264086966265424,
            "max": 69.4889673396945,
            "count": 2
        },
        "TankBehavior.Policy.ExtrinsicReward.sum": {
            "value": 4169.33804038167,
            "min": 3066.1093049421906,
            "max": 4169.33804038167,
            "count": 2
        },
        "TankBehavior.Policy.GailReward.mean": {
            "value": 49.47493711630963,
            "min": 49.47493711630963,
            "max": 149.7587531065675,
            "count": 2
        },
        "TankBehavior.Policy.GailReward.sum": {
            "value": 2968.496226978578,
            "min": 2968.496226978578,
            "max": 9135.283939500618,
            "count": 2
        }
    },
    "metadata": {
        "timer_format_version": "0.1.0",
        "start_time_seconds": "1728284518",
        "python_version": "3.8.10 (tags/v3.8.10:3d8993a, May  3 2021, 11:48:03) [MSC v.1928 64 bit (AMD64)]",
        "command_line_arguments": "C:\\Users\\User\\Desktop\\Tank-Game-AI\\venv\\Scripts\\mlagents-learn results/Gen13/configuration.yaml --resume",
        "mlagents_version": "0.29.0",
        "mlagents_envs_version": "0.29.0",