{
    "name": "root",
    "gauges": {
        "TankBehavior.Policy.Entropy.mean": {
            "value": 0.23069383203983307,
            "min": 0.18284323811531067,
            "max": 1.8821231126785278,
            "count": 350
        },
        "TankBehavior.Policy.Entropy.sum": {
            "value": 11675.4150390625,
            "min": 9138.5048828125,
            "max": 93786.1953125,
            "count": 350
        },
        "TankBehavior.Step.mean": {
            "value": 19399973.0,
            "min": 1949984.0,
            "max": 19399973.0,
            "count": 350
        },
        "TankBehavior.Step.sum": {
            "value": 19399973.0,
            "min": 1949984.0,
            "max": 19399973.0,
            "count": 350
        },
        "TankBehavior.Policy.ExtrinsicValueEstimate.mean": {
            "value": 3.8177528381347656,
            "min": 1.4907118082046509,
            "max": 10.406837463378906,
            "count": 350
        },
        "TankBehavior.Policy.ExtrinsicValueEstimate.sum": {
            "value": 4787.4619140625,
            "min": 2057.182373046875,
            "max": 9168.423828125,
            "count": 350
        },
        "TankBehavior.Policy.GailValueEstimate.mean": {
            "value": 0.10513622313737869,
            "min": 0.029293933883309364,
            "max": 2.2227137088775635,
            "count": 350
        },
        "TankBehavior.Policy.GailValueEstimate.sum": {
            "value": 131.8408203125,
            "min": 38.873050689697266,
            "max": 1739.049072265625,
            "count": 350
        },
        "TankBehavior.Environment.EpisodeLength.mean": {
            "value": 69.60262008733625,
            "min": 55.126126126126124,
            "max": 290.45108695652175,
            "count": 350
        },
        "TankBehavior.Environment.EpisodeLength.sum": {
            "value": 47817.0,
            "min": 31275.0,
            "max": 53443.0,
            "count": 350
        },
        "TankBehavior.Environment.CumulativeReward.mean": {
            "value": 8.978536148677762,
            "min": 3.6058410677042874,
            "max": 50.04478673072175,
            "count": 350
        },
        "TankBehavior.Environment.CumulativeReward.sum": {
            "value": 6159.275797992945,
            "min": 3054.1473843455315,
            "max": 9561.238445580006,
            "count": 350
        },
        "TankBehavior.Policy.ExtrinsicReward.mean": {
            "value": 8.978536148677762,
            "min": 3.6058410677042874,
            "max": 50.04478673072175,
            "count": 350
        },
        "TankBehavior.Policy.ExtrinsicReward.sum": {
            "value": 6159.275797992945,
            "min": 3054.1473843455315,
            "max": 9561.238445580006,
            "count": 350
        },
        "TankBehavior.Policy.GailReward.mean": {
            "value": 0.6452652428899261,
            "min": 0.4547662568931229,
            "max": 26.541659893246823,
            "count": 350
        },
        "TankBehavior.Policy.GailReward.sum": {
            "value": 442.65195662248937,
            "min": 310.6053534580029,
            "max": 2919.5825882571507,
            "count": 350
        },
        "TankBehavior.Losses.PolicyLoss.mean": {
            "value": 0.024014934363464514,
            "min": 0.019195523974291667,
            "max": 0.036434202318390216,
            "count": 350
        },
        "TankBehavior.Losses.PolicyLoss.sum": {
            "value": 0.12007467181732256,
            "min": 0.0747123619793759,
            "max": 0.18217101159195107,
            "count": 350
        },
        "TankBehavior.Losses.ValueLoss.mean": {
            "value": 0.7656581765413284,
            "min": 0.3776221949607134,
            "max": 6.508921392758688,
            "count": 350
        },
        "TankBehavior.Losses.ValueLoss.sum": {
            "value": 3.828290882706642,
            "min": 1.5104887798428537,
            "max": 27.304616638024644,
            "count": 350
        },
        "TankBehavior.Policy.LearningRate.mean": {
            "value": 0.0002883752810749076,
            "min": 0.0002883752810749076,
            "max": 0.00029883766098744646,
            "count": 350
        },
        "TankBehavior.Policy.LearningRate.sum": {
            "value": 0.0014418764053745381,
            "min": 0.0008965129829623394,
            "max": 0.0014939377826207396,
            "count": 350
        },
        "TankBehavior.Policy.Epsilon.mean": {
            "value": 0.19612509240000006,
            "min": 0.19612509240000006,
            "max": 0.19961255353333338,
            "count": 350
        },
        "TankBehavior.Policy.Epsilon.sum": {
            "value": 0.9806254620000003,
            "min": 0.5988376606000001,
            "max": 0.9979792602000002,
            "count": 350
        },
        "TankBehavior.Policy.Beta.mean": {
            "value": 0.00480664211076,
            "min": 0.00480664211076,
            "max": 0.004980666421313334,
            "count": 350
        },
        "TankBehavior.Policy.Beta.sum": {
            "value": 0.024033210553799998,
            "min": 0.014941999263940003,
            "max": 0.024899165083980004,
            "count": 350
        },
        "TankBehavior.Policy.GAILPolicyEstimate.mean": {
            "value": 0.004592721838950335,
            "min": 0.004115645432999978,
            "max": 0.03676612091561158,
            "count": 350
        },
        "TankBehavior.Policy.GAILPolicyEstimate.sum": {
            "value": 0.022963609194751673,
            "min": 0.019352975788448627,
            "max": 0.11029836274683474,
            "count": 350
        },
        "TankBehavior.Policy.GAILExpertEstimate.mean": {
            "value": 0.9952622334162395,
            "min": 0.9668815990289051,
            "max": 0.9954249171415965,
            "count": 350
        },
        "TankBehavior.Policy.GAILExpertEstimate.sum": {
            "value": 4.976311167081198,
            "min": 2.9006447970867155,
            "max": 4.977124585707982,
            "count": 350
        },
        "TankBehavior.Losses.GAILLoss.mean": {
            "value": 0.01507197340329488,
            "min": 0.014078744004170099,
            "max": 0.1015843698134025,
            "count": 350
        },
        "TankBehavior.Losses.GAILLoss.sum": {
            "value": 0.0753598670164744,
            "min": 0.06353229793409507,
            "max": 0.31149159570535023,
            "count": 350
        },
        "TankBehavior.Policy.GAILGradMagLoss.mean": {
            "value": 0.0018409720351337457,
            "min": 0.0014787668053759262,
            "max": 0.07305439634559055,
            "count": 350
        },
        "TankBehavior.Policy.GAILGradMagLoss.sum": {
            "value": 0.009204860175668728,
            "min": 0.0065997271856758745,
            "max": 0.3652719817279527,
            "count": 350
        },
        "TankBehavior.Losses.PretrainingLoss.mean": {
            "value": 0.156467800339063,
            "min": 0.15490246439973515,
            "max": 2.0397535529401565,
            "count": 350
        },
        "TankBehavior.Losses.PretrainingLoss.sum": {
            "value": 0.782339001695315,
            "min": 0.6210226838787396,
            "max": 7.128419419129689,
            "count": 350
        },
        "TankBehavior.IsTraining.mean": {
            "value": 1.0,
            "min": 1.0,
            "max": 1.0,
            "count": 350
        },
        "TankBehavior.IsTraining.sum": {
            "value": 1.0,
            "min": 1.0,
            "max": 1.0,
            "count": 350
        }
    },
    "metadata": {
        "timer_format_version": "0.1.0",
        "start_time_seconds": "1728308848",
        "python_version": "3.8.10 (tags/v3.8.10:3d8993a, May  3 2021, 11:48:03) [MSC v.1928 64 bit (AMD64)]",