{
    "name": "root",
    "gauges": {
        "TankBehavior.Policy.Entropy.mean": {
            "value": 1.7504030466079712,
            "min": 1.6554009914398193,
            "max": 1.8775660991668701,
            "count": 38
        },
        "TankBehavior.Policy.Entropy.sum": {
            "value": 87695.1953125,
            "min": 64289.2734375,
            "max": 93804.09375,
            "count": 38
        },
        "TankBehavior.Step.mean": {
            "value": 3799994.0,
            "min": 1949959.0,
            "max": 3799994.0,
            "count": 38
        },
        "TankBehavior.Step.sum": {
            "value": 3799994.0,
            "min": 1949959.0,
            "max": 3799994.0,
            "count": 38
        },
        "TankBehavior.Policy.ExtrinsicValueEstimate.mean": {
            "value": 21.481355667114258,
            "min": 1.2128190994262695,
            "max": 21.481355667114258,
            "count": 38
        },
        "TankBehavior.Policy.ExtrinsicValueEstimate.sum": {
            "value": 18452.484375,
            "min": 704.6478881835938,
            "max": 18452.484375,
            "count": 38
        },
        "TankBehavior.Policy.GailValueEstimate.mean": {
            "value": 0.06655292958021164,
            "min": -0.14256620407104492,
            "max": 1.8117140531539917,
            "count": 38
        },
        "TankBehavior.Policy.GailValueEstimate.sum": {
            "value": 57.168968200683594,
            "min": -122.32180786132812,
            "max": 1052.6058349609375,
            "count": 38
        },
        "TankBehavior.Environment.EpisodeLength.mean": {
            "value": 290.11242603550295,
            "min": 256.9186046511628,
            "max": 321.55696202531647,
            "count": 38
        },
        "TankBehavior.Environment.EpisodeLength.sum": {
            "value": 49029.0,
            "min": 29841.0,
            "max": 53729.0,
            "count": 38
        },
        "TankBehavior.Environment.CumulativeReward.mean": {
            "value": 97.24228689179701,
            "min": 17.67471203362351,
            "max": 100.98153674759114,
            "count": 38
        },
        "TankBehavior.Environment.CumulativeReward.sum": {
            "value": 16531.18877160549,
            "min": 1961.8930357322097,
            "max": 16531.18877160549,
            "count": 38
        },
        "TankBehavior.Policy.ExtrinsicReward.mean": {
            "value": 97.24228689179701,
            "min": 17.67471203362351,
            "max": 100.98153674759114,
            "count": 38
        },
        "TankBehavior.Policy.ExtrinsicReward.sum": {
            "value": 16531.18877160549,
            "min": 1961.8930357322097,
            "max": 16531.18877160549,
            "count": 38
        },
        "TankBehavior.Policy.GailReward.mean": {
            "value": 1.0460288464703678,
            "min": 0.9528391613722975,
            "max": 11.333649438659862,
            "count": 38
        },
        "TankBehavior.Policy.GailReward.sum": {
            "value": 177.82490389996252,
            "min": 149.5957483354507,
            "max": 1258.0350876912446,
            "count": 38
        },
        "TankBehavior.Losses.PolicyLoss.mean": {
            "value": 0.022281741805248508,
            "min": 0.021584244719318423,
            "max": 0.027335841439586755,
            "count": 38
        },
        "TankBehavior.Losses.PolicyLoss.sum": {
            "value": 0.11140870902624253,
            "min": 0.06680530079368813,
            "max": 0.13667920719793378,
            "count": 38
        },
        "TankBehavior.Losses.ValueLoss.mean": {
            "value": 1.659497661590576,
            "min": 1.3725880801677703,
            "max": 7.026779958936903,
            "count": 38
        },
        "TankBehavior.Losses.ValueLoss.sum": {
            "value": 8.29748830795288,
            "min": 6.474835328261058,
            "max": 21.080339876810708,
            "count": 38
        },
        "TankBehavior.Policy.LearningRate.mean": {
            "value": 0.0002977362871545711,
            "min": 0.0002977362871545711,
            "max": 0.00029883771298742906,
            "count": 38
        },
        "TankBehavior.Policy.LearningRate.sum": {
            "value": 0.0014886814357728557,
            "min": 0.0008965131389622872,
            "max": 0.001494063223978926,
            "count": 38
        },
        "TankBehavior.Policy.Epsilon.mean": {
            "value": 0.1992454288,
            "min": 0.1992454288,
            "max": 0.1996125708666667,
            "count": 38
        },
        "TankBehavior.Policy.Epsilon.sum": {
            "value": 0.9962271440000001,
            "min": 0.5988377126000001,
            "max": 0.9980210740000001,
            "count": 38
        },
        "TankBehavior.Policy.Beta.mean": {
            "value": 0.00496234689712,
            "min": 0.00496234689712,
            "max": 0.004980667286246667,
            "count": 38
        },
        "TankBehavior.Policy.Beta.sum": {
            "value": 0.0248117344856,
            "min": 0.014942001858740003,
            "max": 0.024901251592600003,
            "count": 38
        },
        "TankBehavior.Policy.GAILPolicyEstimate.mean": {
            "value": 0.0025572930714891605,
            "min": 0.002409446520808463,
            "max": 0.013168401933378643,
            "count": 38
        },
        "TankBehavior.Policy.GAILPolicyEstimate.sum": {
            "value": 0.012786465357445802,
            "min": 0.009782071970403195,
            "max": 0.03950520580013593,
            "count": 38
        },
        "TankBehavior.Policy.GAILExpertEstimate.mean": {
            "value": 0.9990658990542094,
            "min": 0.9232939667171903,
            "max": 0.9990880742669106,
            "count": 38
        },
        "TankBehavior.Policy.GAILExpertEstimate.sum": {
            "value": 4.995329495271047,
            "min": 2.769881900151571,
            "max": 4.995329495271047,
            "count": 38
        },
        "TankBehavior.Losses.GAILLoss.mean": {
            "value": 0.004844302077932903,
            "min": 0.004612276010060062,
            "max": 0.10057026379638247,
            "count": 38
        },
        "TankBehavior.Losses.GAILLoss.sum": {
            "value": 0.024221510389664518,
            "min": 0.01920382436364889,
            "max": 0.3017107913891474,
            "count": 38
        },
        "TankBehavior.Policy.GAILGradMagLoss.mean": {
            "value": 0.0055391928491493065,
            "min": 0.0055391928491493065,
            "max": 0.1526098820272212,
            "count": 38
        },
        "TankBehavior.Policy.GAILGradMagLoss.sum": {
            "value": 0.027695964245746534,
            "min": 0.023162901207494237,
            "max": 0.763049410136106,
            "count": 38
        },
        "TankBehavior.Losses.PretrainingLoss.mean": {
            "value": 0.9997598528862,
            "min": 0.9997598528862,
            "max": 1.6688813898298476,
            "count": 38
        },
        "TankBehavior.Losses.PretrainingLoss.sum": {
            "value": 4.998799264431,
            "min": 4.12747840086619,
            "max": 8.137110153834026,
            "count": 38
        },
        "TankBehavior.IsTraining.mean": {
            "value": 1.0,
            "min": 1.0,
            "max": 1.0,
            "count": 38
        },
        "TankBehavior.IsTraining.sum": {
            "value": 1.0,
            "min": 1.0,
            "max": 1.0,
            "count": 38
        }
    },
    "metadata": {
        "timer_format_version": "0.1.0",
        "start_time_seconds": "1728368812",
        "python_version": "3.8.10 (tags/v3.8.10:3d8993a, May  3 2021, 11:48:03) [MSC v.1928 64 bit (AMD64)]",
        "command_line_arguments": "C:\\Users\\User\\Desktop\\Tank-Game-AI\\venv\\Scripts\\mlagents-learn results/Gen13/configuration.yaml --resume",