{
    "name": "root",
    "gauges": {
        "TankBehavior.Policy.Entropy.mean": {
            "value": 1.7366743087768555,
            "min": 1.725226879119873,
            "max": 1.8854365348815918,
            "count": 40
        },
        "TankBehavior.Policy.Entropy.sum": {
            "value": 86955.28125,
            "min": 64548.28125,
            "max": 94245.859375,
            "count": 40
        },
        "TankBehavior.Step.mean": {
            "value": 3899944.0,
            "min": 1949958.0,
            "max": 3899944.0,
            "count": 40
        },
        "TankBehavior.Step.sum": {
            "value": 3899944.0,
            "min": 1949958.0,
            "max": 3899944.0,
            "count": 40
        },
        "TankBehavior.Policy.ExtrinsicValueEstimate.mean": {
            "value": 19.062196731567383,
            "min": 1.140678882598877,
            "max": 19.99460792541504,
            "count": 40
        },
        "TankBehavior.Policy.ExtrinsicValueEstimate.sum": {
            "value": 16317.2412109375,
            "min": 666.1564331054688,
            "max": 17215.357421875,
            "count": 40
        },
        "TankBehavior.Policy.GailValueEstimate.mean": {
            "value": 0.1919582337141037,
            "min": -0.10319431871175766,
            "max": 1.7606652975082397,
            "count": 40
        },
        "TankBehavior.Policy.GailValueEstimate.sum": {
            "value": 164.31625366210938,
            "min": -88.85031127929688,
            "max": 1028.228515625,
            "count": 40
        },
        "TankBehavior.Environment.EpisodeLength.mean": {
            "value": 304.8588235294118,
            "min": 265.14285714285717,
            "max": 304.8588235294118,
            "count": 40
        },
        "TankBehavior.Environment.EpisodeLength.sum": {
            "value": 51826.0,
            "min": 29266.0,
            "max": 52619.0,
            "count": 40
        },
        "TankBehavior.Environment.CumulativeReward.mean": {
            "value": 94.46859245339738,
            "min": 19.386256709558154,
            "max": 94.46859245339738,
            "count": 40
        },
        "TankBehavior.Environment.CumulativeReward.sum": {
            "value": 16059.660717077553,
            "min": 2113.101981341839,
            "max": 16689.204972326756,
            "count": 40
        },
        "TankBehavior.Policy.ExtrinsicReward.mean": {
            "value": 94.46859245339738,
            "min": 19.386256709558154,
            "max": 94.46859245339738,
            "count": 40
        },
        "TankBehavior.Policy.ExtrinsicReward.sum": {
            "value": 16059.660717077553,
            "min": 2113.101981341839,
            "max": 16689.204972326756,
            "count": 40
        },
        "TankBehavior.Policy.GailReward.mean": {
            "value": 0.9960545502646889,
            "min": 0.9003099778913242,
            "max": 11.27975172374414,
            "count": 40
        },
        "TankBehavior.Policy.GailReward.sum": {
            "value": 169.3292735449971,
            "min": 157.55424613098174,
            "max": 1229.492937888111,
            "count": 40
        },
        "TankBehavior.Losses.PolicyLoss.mean": {
            "value": 0.022123926899900347,
            "min": 0.021572919872778585,
            "max": 0.02719920170609839,
            "count": 40
        },
        "TankBehavior.Losses.PolicyLoss.sum": {
            "value": 0.11061963449950174,
            "min": 0.08066361039721717,
            "max": 0.13599600853049196,
            "count": 40
        },
        "TankBehavior.Losses.ValueLoss.mean": {
            "value": 1.6119642933209737,
            "min": 1.3160503900051117,
            "max": 6.84055524137285,
            "count": 40
        },
        "TankBehavior.Losses.ValueLoss.sum": {
            "value": 8.059821466604868,
            "min": 5.8605119526386265,
            "max": 20.52166572411855,
            "count": 40
        },
        "TankBehavior.Policy.LearningRate.mean": {
            "value": 0.00029767702013432676,
            "min": 0.00029767702013432676,
            "max": 0.0002988379647873452,
            "count": 40
        },
        "TankBehavior.Policy.LearningRate.sum": {
            "value": 0.0014883851006716338,
            "min": 0.0008965138943620356,
            "max": 0.001494065377378208,
            "count": 40
        },
        "TankBehavior.Policy.Epsilon.mean": {
            "value": 0.19922567312,
            "min": 0.19922567312,
            "max": 0.19961265480000004,
            "count": 40
        },
        "TankBehavior.Policy.Epsilon.sum": {
            "value": 0.9961283656,
            "min": 0.5988379644000001,
            "max": 0.9980217918000001,
            "count": 40
        },
        "TankBehavior.Policy.Beta.mean": {
            "value": 0.004961361088688001,
            "min": 0.004961361088688001,
            "max": 0.004980671474520001,
            "count": 40
        },
        "TankBehavior.Policy.Beta.sum": {
            "value": 0.02480680544344,
            "min": 0.014942014423560003,
            "max": 0.02490128741082,
            "count": 40
        },
        "TankBehavior.Policy.GAILPolicyEstimate.mean": {
            "value": 0.002347783399745822,
            "min": 0.002347783399745822,
            "max": 0.013172786299967104,
            "count": 40
        },
        "TankBehavior.Policy.GAILPolicyEstimate.sum": {
            "value": 0.01173891699872911,
            "min": 0.009837008455845838,
            "max": 0.03951835889990131,
            "count": 40
        },
        "TankBehavior.Policy.GAILExpertEstimate.mean": {
            "value": 0.9989580317338307,
            "min": 0.9238502442836761,
            "max": 0.9990051043033599,
            "count": 40
        },
        "TankBehavior.Policy.GAILExpertEstimate.sum": {
            "value": 4.994790158669153,
            "min": 2.7715507328510283,
            "max": 4.9950255215168,
            "count": 40
        },
        "TankBehavior.Losses.GAILLoss.mean": {
            "value": 0.0046215645254900056,
            "min": 0.0046215645254900056,
            "max": 0.10004879112044972,
            "count": 40
        },
        "TankBehavior.Losses.GAILLoss.sum": {
            "value": 0.023107822627450026,
            "min": 0.019869888410903515,
            "max": 0.30014637336134914,
            "count": 40
        },
        "TankBehavior.Policy.GAILGradMagLoss.mean": {
            "value": 0.0044504329003393645,
            "min": 0.0044504329003393645,
            "max": 0.09183474012184889,
            "count": 40
        },
        "TankBehavior.Policy.GAILGradMagLoss.sum": {
            "value": 0.022252164501696824,
            "min": 0.020864182303193958,
            "max": 0.45917370060924445,
            "count": 40
        },
        "TankBehavior.Losses.PretrainingLoss.mean": {
            "value": 0.9973705490430195,
            "min": 0.9973705490430195,
            "max": 1.6535600026448567,
            "count": 40
        },
        "TankBehavior.Losses.PretrainingLoss.sum": {
            "value": 4.9868527452150975,
            "min": 4.126050551732381,
            "max": 8.084325949350992,
            "count": 40
        },
        "TankBehavior.IsTraining.mean": {
            "value": 1.0,
            "min": 1.0,
            "max": 1.0,
            "count": 40
        },
        "TankBehavior.IsTraining.sum": {
            "value": 1.0,
            "min": 1.0,
            "max": 1.0,
            "count": 40
        }
    },
    "metadata": {
        "timer_format_version": "0.1.0",
        "start_time_seconds": "1728379144",
        "python_version": "3.8.10 (tags/v3.8.10:3d8993a, May  3 2021, 11:48:03) [MSC v.1928 64 bit (AMD64)]",
        "command_line_arguments": "C:\\Users\\User\\Desktop\\Tank-Game-AI\\venv\\Scripts\\mlagents-learn results/Gen13/configuration.yaml --resume",