{
    "name": "root",
    "gauges": {
        "TankBehavior.Policy.Entropy.mean": {
            "value": 1.2850770950317383,
            "min": 1.2850770950317383,
            "max": 1.8811135292053223,
            "count": 22
        },
        "TankBehavior.Policy.Entropy.sum": {
            "value": 64151.05078125,
            "min": 64151.05078125,
            "max": 94130.921875,
            "count": 22
        },
        "TankBehavior.Step.mean": {
            "value": 2999967.0,
            "min": 1949956.0,
            "max": 2999967.0,
            "count": 22
        },
        "TankBehavior.Step.sum": {
            "value": 2999967.0,
            "min": 1949956.0,
            "max": 2999967.0,
            "count": 22
        },
        "TankBehavior.Policy.ExtrinsicValueEstimate.mean": {
            "value": 7.328632831573486,
            "min": 4.942477703094482,
            "max": 9.409744262695312,
            "count": 22
        },
        "TankBehavior.Policy.ExtrinsicValueEstimate.sum": {
            "value": 6852.271484375,
            "min": 2856.752197265625,
            "max": 8224.1162109375,
            "count": 22
        },
        "TankBehavior.Policy.GailValueEstimate.mean": {
            "value": 0.7098129987716675,
            "min": 0.44626832008361816,
            "max": 3.041303873062134,
            "count": 22
        },
        "TankBehavior.Policy.GailValueEstimate.sum": {
            "value": 663.6751708984375,
            "min": 402.0771484375,
            "max": 2594.232177734375,
            "count": 22
        },
        "TankBehavior.Environment.EpisodeLength.mean": {
            "value": 176.41489361702128,
            "min": 155.19242902208202,
            "max": 277.4594594594595,
            "count": 22
        },
        "TankBehavior.Environment.EpisodeLength.sum": {
            "value": 49749.0,
            "min": 30798.0,
            "max": 52410.0,
            "count": 22
        },
        "TankBehavior.Environment.CumulativeReward.mean": {
            "value": 28.69216248877478,
            "min": 22.833962083159797,
            "max": 46.51905360742611,
            "count": 22
        },
        "TankBehavior.Environment.CumulativeReward.sum": {
            "value": 8119.881984323263,
            "min": 4245.605630725622,
            "max": 9189.2564477399,
            "count": 22
        },
        "TankBehavior.Policy.ExtrinsicReward.mean": {
            "value": 28.69216248877478,
            "min": 22.833962083159797,
            "max": 46.51905360742611,
            "count": 22
        },
        "TankBehavior.Policy.ExtrinsicReward.sum": {
            "value": 8119.881984323263,
            "min": 4245.605630725622,
            "max": 9189.2564477399,
            "count": 22
        },
        "TankBehavior.Policy.GailReward.mean": {
            "value": 3.1758562806969137,
            "min": 3.1758562806969137,
            "max": 23.392518103018592,
            "count": 22
        },
        "TankBehavior.Policy.GailReward.sum": {
            "value": 898.7673274372266,
            "min": 818.4024489071862,
            "max": 2596.5695094350635,
            "count": 22
        },
        "TankBehavior.Losses.PolicyLoss.mean": {
            "value": 0.02550961288015363,
            "min": 0.020240854502157568,
            "max": 0.026785834675198808,
            "count": 22
        },
        "TankBehavior.Losses.PolicyLoss.sum": {
            "value": 0.12754806440076816,
            "min": 0.060722563506472704,
            "max": 0.13323776030132042,
            "count": 22
        },
        "TankBehavior.Losses.ValueLoss.mean": {
            "value": 1.8080911715825398,
            "min": 1.6144455035527545,
            "max": 5.989018400510152,
            "count": 22
        },
        "TankBehavior.Losses.ValueLoss.sum": {
            "value": 9.040455857912699,
            "min": 7.125563546021779,
            "max": 23.848677396774292,
            "count": 22
        },
        "TankBehavior.Policy.LearningRate.mean": {
            "value": 0.0002982140122753294,
            "min": 0.0002982140122753294,
            "max": 0.0002988376199874601,
            "count": 22
        },
        "TankBehavior.Policy.LearningRate.sum": {
            "value": 0.001491070061376647,
            "min": 0.0008965128599623803,
            "max": 0.0014940642853785724,
            "count": 22
        },
        "TankBehavior.Policy.Epsilon.mean": {
            "value": 0.19940467056000002,
            "min": 0.19940467056000002,
            "max": 0.1996125398666667,
            "count": 22
        },
        "TankBehavior.Policy.Epsilon.sum": {
            "value": 0.9970233528000001,
            "min": 0.5988376196,
            "max": 0.9980214278,
            "count": 22
        },
        "TankBehavior.Policy.Beta.mean": {
            "value": 0.0049702930609440005,
            "min": 0.0049702930609440005,
            "max": 0.004980665739346666,
            "count": 22
        },
        "TankBehavior.Policy.Beta.sum": {
            "value": 0.024851465304720002,
            "min": 0.014941997218039998,
            "max": 0.024901269247219998,
            "count": 22
        },
        "TankBehavior.Policy.GAILPolicyEstimate.mean": {
            "value": 0.011532567276929815,
            "min": 0.010243015270680191,
            "max": 0.034946549166407846,
            "count": 22
        },
        "TankBehavior.Policy.GAILPolicyEstimate.sum": {
            "value": 0.05766283638464907,
            "min": 0.04412861854458849,
            "max": 0.14168133717030287,
            "count": 22
        },
        "TankBehavior.Policy.GAILExpertEstimate.mean": {
            "value": 0.9879046920935313,
            "min": 0.9697807602087657,
            "max": 0.9891805402437847,
            "count": 22
        },
        "TankBehavior.Policy.GAILExpertEstimate.sum": {
            "value": 4.939523460467656,
            "min": 2.9121627509593964,
            "max": 4.945902701218923,
            "count": 22
        },
        "TankBehavior.Losses.GAILLoss.mean": {
            "value": 0.03366704350958268,
            "min": 0.029577814682076375,
            "max": 0.0899414656476842,
            "count": 22
        },
        "TankBehavior.Losses.GAILLoss.sum": {
            "value": 0.16833521754791342,
            "min": 0.12678010097394388,
            "max": 0.4312838320930799,
            "count": 22
        },
        "TankBehavior.Policy.GAILGradMagLoss.mean": {
            "value": 0.009851492256857454,
            "min": 0.009851492256857454,
            "max": 0.039049137031866445,
            "count": 22
        },
        "TankBehavior.Policy.GAILGradMagLoss.sum": {
            "value": 0.04925746128428727,
            "min": 0.04610081861416499,
            "max": 0.11714741109559934,
            "count": 22
        },
        "TankBehavior.Losses.PretrainingLoss.mean": {
            "value": 0.7918277064959208,
            "min": 0.7918277064959208,
            "max": 2.0291274554199643,
            "count": 22
        },
        "TankBehavior.Losses.PretrainingLoss.sum": {
            "value": 3.9591385324796042,
            "min": 3.381277327736219,
            "max": 7.883370568354923,
            "count": 22
        },
        "TankBehavior.IsTraining.mean": {
            "value": 1.0,
            "min": 1.0,
            "max": 1.0,
            "count": 22
        },
        "TankBehavior.IsTraining.sum": {
            "value": 1.0,
            "min": 1.0,
            "max": 1.0,
            "count": 22
        }
    },
    "metadata": {
        "timer_format_version": "0.1.0",
        "start_time_seconds": "1728339872",
        "python_version": "3.8.10 (tags/v3.8.10:3d8993a, May  3 2021, 11:48:03) [MSC v.1928 64 bit (AMD64)]",
        "command_line_arguments": "C:\\Users\\User\\Desktop\\Tank-Game-AI\\venv\\Scripts\\mlagents-learn results/Gen13/configuration.yaml --resume",