{
    "name": "root",
    "gauges": {
        "TankBehavior.Policy.Entropy.mean": {
            "value": 1.3336808681488037,
            "min": 1.2099275588989258,
            "max": 1.8616000413894653,
            "count": 331
        },
        "TankBehavior.Policy.Entropy.sum": {
            "value": 66617.359375,
            "min": 60363.28515625,
            "max": 93377.859375,
            "count": 331
        },
        "TankBehavior.Step.mean": {
            "value": 18449952.0,
            "min": 1949993.0,
            "max": 18449952.0,
            "count": 331
        },
        "TankBehavior.Step.sum": {
            "value": 18449952.0,
            "min": 1949993.0,
            "max": 18449952.0,
            "count": 331
        },
        "TankBehavior.Policy.ExtrinsicValueEstimate.mean": {
            "value": 37.045875549316406,
            "min": 0.7181745767593384,
            "max": 41.253074645996094,
            "count": 331
        },
        "TankBehavior.Policy.ExtrinsicValueEstimate.sum": {
            "value": 30118.296875,
            "min": 420.1321105957031,
            "max": 33208.7265625,
            "count": 331
        },
        "TankBehavior.Policy.GailValueEstimate.mean": {
            "value": 0.006127160508185625,
            "min": -0.23662468791007996,
            "max": 1.7458940744400024,
            "count": 331
        },
        "TankBehavior.Policy.GailValueEstimate.sum": {
            "value": 4.981381416320801,
            "min": -200.42111206054688,
            "max": 1021.3480224609375,
            "count": 331
        },
        "TankBehavior.Environment.EpisodeLength.mean": {
            "value": 726.0857142857143,
            "min": 246.47486033519553,
            "max": 923.9074074074074,
            "count": 331
        },
        "TankBehavior.Environment.EpisodeLength.sum": {
            "value": 50826.0,
            "min": 30322.0,
            "max": 53882.0,
            "count": 331
        },
        "TankBehavior.Environment.CumulativeReward.mean": {
            "value": 287.5899283562388,
            "min": 20.825310391373932,
            "max": 382.22657011089655,
            "count": 331
        },
        "TankBehavior.Environment.CumulativeReward.sum": {
            "value": 20131.294984936714,
            "min": 2332.4347638338804,
            "max": 22441.039895296097,
            "count": 331
        },
        "TankBehavior.Policy.ExtrinsicReward.mean": {
            "value": 287.5899283562388,
            "min": 20.825310391373932,
            "max": 382.22657011089655,
            "count": 331
        },
        "TankBehavior.Policy.ExtrinsicReward.sum": {
            "value": 20131.294984936714,
            "min": 2332.4347638338804,
            "max": 22441.039895296097,
            "count": 331
        },
        "TankBehavior.Policy.GailReward.mean": {
            "value": 0.21117901880440482,
            "min": 0.12635108380111512,
            "max": 10.353409811610634,
            "count": 331
        },
        "TankBehavior.Policy.GailReward.sum": {
            "value": 14.782531316308336,
            "min": 9.85538453648698,
            "max": 1159.581898900391,
            "count": 331
        },
        "TankBehavior.Losses.PolicyLoss.mean": {
            "value": 0.019308532183252586,
            "min": 0.019308532183252586,
            "max": 0.028716784487478435,
            "count": 331
        },
        "TankBehavior.Losses.PolicyLoss.sum": {
            "value": 0.09654266091626293,
            "min": 0.07038257222933073,
            "max": 0.14358392243739218,
            "count": 331
        },
        "TankBehavior.Losses.ValueLoss.mean": {
            "value": 2.488516315619151,
            "min": 0.9237527430057526,
            "max": 6.989753588040668,
            "count": 331
        },
        "TankBehavior.Losses.ValueLoss.sum": {
            "value": 12.442581578095755,
            "min": 4.197005442778269,
            "max": 20.969260764122005,
            "count": 331
        },
        "TankBehavior.Policy.LearningRate.mean": {
            "value": 0.000288944985925006,
            "min": 0.000288944985925006,
            "max": 0.0002988381027872991,
            "count": 331
        },
        "TankBehavior.Policy.LearningRate.sum": {
            "value": 0.0014447249296250298,
            "min": 0.0008965143083618974,
            "max": 0.0014940668851777055,
            "count": 331
        },
        "TankBehavior.Policy.Epsilon.mean": {
            "value": 0.19631499408000003,
            "min": 0.19631499408000003,
            "max": 0.19961270080000001,
            "count": 331
        },
        "TankBehavior.Policy.Epsilon.sum": {
            "value": 0.9815749704000001,
            "min": 0.5988381024,
            "max": 0.9980222943999998,
            "count": 331
        },
        "TankBehavior.Policy.Beta.mean": {
            "value": 0.004816118204592,
            "min": 0.004816118204592,
            "max": 0.004980673769920001,
            "count": 331
        },
        "TankBehavior.Policy.Beta.sum": {
            "value": 0.02408059102296,
            "min": 0.014942021309760002,
            "max": 0.024901312490559997,
            "count": 331
        },
        "TankBehavior.Policy.GAILPolicyEstimate.mean": {
            "value": 0.0002389268759065999,
            "min": 0.00021045111218806294,
            "max": 0.012269209195963209,
            "count": 331
        },
        "TankBehavior.Policy.GAILPolicyEstimate.sum": {
            "value": 0.0011946343795329994,
            "min": 0.0008418044487522518,
            "max": 0.03680762758788963,
            "count": 331
        },
        "TankBehavior.Policy.GAILExpertEstimate.mean": {
            "value": 0.9999323077996571,
            "min": 0.9242861641777886,
            "max": 0.999942143758138,
            "count": 331
        },
        "TankBehavior.Policy.GAILExpertEstimate.sum": {
            "value": 4.999661538998286,
            "min": 2.772858492533366,
            "max": 4.9997107187906895,
            "count": 331
        },
        "TankBehavior.Losses.GAILLoss.mean": {
            "value": 0.0003516454651738362,
            "min": 0.0003516454651738362,
            "max": 0.09845098550948832,
            "count": 331
        },
        "TankBehavior.Losses.GAILLoss.sum": {
            "value": 0.0017582273258691808,
            "min": 0.0014758385109113685,
            "max": 0.29535295652846494,
            "count": 331
        },
        "TankBehavior.Policy.GAILGradMagLoss.mean": {
            "value": 0.0003662767258356325,
            "min": 0.0002913867923780344,
            "max": 0.18467286025290378,
            "count": 331
        },
        "TankBehavior.Policy.GAILGradMagLoss.sum": {
            "value": 0.0018313836291781625,
            "min": 0.0014569339618901722,
            "max": 0.9233643012645188,
            "count": 331
        },
        "TankBehavior.Losses.PretrainingLoss.mean": {
            "value": 0.663918189207713,
            "min": 0.5382290164629618,
            "max": 1.6856194204754298,
            "count": 331
        },
        "TankBehavior.Losses.PretrainingLoss.sum": {
            "value": 3.3195909460385646,
            "min": 2.156286040941874,
            "max": 8.009816845258078,
            "count": 331
        },
        "TankBehavior.IsTraining.mean": {
            "value": 1.0,
            "min": 1.0,
            "max": 1.0,
            "count": 331
        },
        "TankBehavior.IsTraining.sum": {
            "value": 1.0,
            "min": 1.0,
            "max": 1.0,
            "count": 331
        }
    },
    "metadata": {
        "timer_format_version": "0.1.0",
        "start_time_seconds": "1728395165",
        "python_version": "3.8.10 (tags/v3.8.10:3d8993a, May  3 2021, 11:48:03) [MSC v.1928 64 bit (AMD64)]",