{
    "name": "root",
    "gauges": {
        "TankBehavior.Policy.Entropy.mean": {
            "value": 1.686391830444336,
            "min": 0.8909169435501099,
            "max": 1.686391830444336,
            "count": 81
        },
        "TankBehavior.Policy.Entropy.sum": {
            "value": 20573.98046875,
            "min": 181.40586853027344,
            "max": 39191.65625,
            "count": 81
        },
        "TankBehavior.Environment.LessonNumber.env_params.mean": {
            "value": 1.0,
            "min": 0.0,
            "max": 1.0,
            "count": 81
        },
        "TankBehavior.Environment.LessonNumber.env_params.sum": {
            "value": 1.0,
            "min": 0.0,
            "max": 1.0,
            "count": 81
        },
        "TankBehavior.Environment.EpisodeLength.mean": {
            "value": 425.4193548387097,
            "min": 243.92857142857142,
            "max": 999.0,
            "count": 67
        },
        "TankBehavior.Environment.EpisodeLength.sum": {
            "value": 13188.0,
            "min": 751.0,
            "max": 27723.0,
            "count": 67
        },
        "TankBehavior.Self-play.ELO.mean": {
            "value": 600.7389305729831,
            "min": 600.7389305729831,
            "max": 1200.019479483623,
            "count": 54
        },
        "TankBehavior.Self-play.ELO.sum": {
            "value": 16820.690056043528,
            "min": 1197.0351177822008,
            "max": 37625.11425361353,
            "count": 54
        },
        "TankBehavior.Step.mean": {
            "value": 983877.0,
            "min": 11355.0,
            "max": 983877.0,
            "count": 82
        },
        "TankBehavior.Step.sum": {
            "value": 983877.0,
            "min": 11355.0,
            "max": 983877.0,
            "count": 82
        },
        "TankBehavior.Policy.ExtrinsicValueEstimate.mean": {
            "value": 52.446075439453125,
            "min": 19.709121704101562,
            "max": 111.27147674560547,
            "count": 82
        },
        "TankBehavior.Policy.ExtrinsicValueEstimate.sum": {
            "value": 1625.828369140625,
            "min": 413.89154052734375,
            "max": 1664.13232421875,
            "count": 82
        },
        "TankBehavior.Policy.CuriosityValueEstimate.mean": {
            "value": 14.26231575012207,
            "min": -6.271618366241455,
            "max": 15.412618637084961,
            "count": 82
        },
        "TankBehavior.Policy.CuriosityValueEstimate.sum": {
            "value": 442.13177490234375,
            "min": -75.2594223022461,
            "max": 493.20379638671875,
            "count": 82
        },
        "TankBehavior.Environment.CumulativeReward.mean": {
            "value": 386.7767848276323,
            "min": 120.79410098847889,
            "max": 1061.1294657389324,
            "count": 82
        },
        "TankBehavior.Environment.CumulativeReward.sum": {
            "value": 11990.080329656601,
            "min": 2536.6761207580566,
            "max": 12733.553588867188,
            "count": 82
        },
        "TankBehavior.Policy.ExtrinsicReward.mean": {
            "value": 386.7767848276323,
            "min": 120.79410098847889,
            "max": 1061.1294657389324,
            "count": 82
        },
        "TankBehavior.Policy.ExtrinsicReward.sum": {
            "value": 11990.080329656601,
            "min": 2536.6761207580566,
            "max": 12733.553588867188,
            "count": 82
        },
        "TankBehavior.Policy.CuriosityReward.mean": {
            "value": 3.724697447592212,
            "min": 0.0,
            "max": 148.38031181922327,
            "count": 82
        },
        "TankBehavior.Policy.CuriosityReward.sum": {
            "value": 115.46562087535858,
            "min": 0.0,
            "max": 1928.9440536499023,
            "count": 82
        },
        "TankBehavior.IsTraining.mean": {
            "value": 1.0,
            "min": 1.0,
            "max": 1.0,
            "count": 82
        },
        "TankBehavior.IsTraining.sum": {
            "value": 1.0,
            "min": 1.0,
            "max": 1.0,
            "count": 82
        },
        "TankBehavior.Losses.PolicyLoss.mean": {
            "value": 0.07622591584720903,
            "min": 0.06531979935631776,
            "max": 0.07819606640202668,
            "count": 61
        },
        "TankBehavior.Losses.PolicyLoss.sum": {
            "value": 0.07622591584720903,
            "min": 0.06531979935631776,
            "max": 0.07819606640202668,
            "count": 61
        },
        "TankBehavior.Losses.ValueLoss.mean": {
            "value": 12.50265901552962,
            "min": 5.230428915482026,
            "max": 19.28155012691722,
            "count": 61
        },
        "TankBehavior.Losses.ValueLoss.sum": {
            "value": 12.50265901552962,
            "min": 5.230428915482026,
            "max": 19.28155012691722,
            "count": 61
        },
        "TankBehavior.Policy.LearningRate.mean": {
            "value": 0.00028819524393491994,
            "min": 0.00028819524393491994,
            "max": 0.00029974374008541997,
            "count": 61
        },
        "TankBehavior.Policy.LearningRate.sum": {
            "value": 0.00028819524393491994,
            "min": 0.00028819524393491994,
            "max": 0.00029974374008541997,
            "count": 61
        },
        "TankBehavior.Policy.Epsilon.mean": {
            "value": 0.19606508,
            "min": 0.19606508,
            "max": 0.19991458,
            "count": 61
        },
        "TankBehavior.Policy.Epsilon.sum": {
            "value": 0.19606508,
            "min": 0.19606508,
            "max": 0.19991458,
            "count": 61
        },
        "TankBehavior.Policy.Beta.mean": {
            "value": 0.028819917492000007,
            "min": 0.028819917492000007,
            "max": 0.029974382542000005,
            "count": 61
        },
        "TankBehavior.Policy.Beta.sum": {
            "value": 0.028819917492000007,
            "min": 0.028819917492000007,
            "max": 0.029974382542000005,
            "count": 61
        },
        "TankBehavior.Losses.CuriosityForwardLoss.mean": {
            "value": 0.0612839965807526,
            "min": 0.019830131562189064,
            "max": 60.6317483085697,
            "count": 61
        },
        "TankBehavior.Losses.CuriosityForwardLoss.sum": {
            "value": 0.0612839965807526,
            "min": 0.019830131562189064,
            "max": 60.6317483085697,
            "count": 61
        },
        "TankBehavior.Losses.CuriosityInverseLoss.mean": {
            "value": 1.1296385266993305,
            "min": 0.9823338286464952,
            "max": 12.001247219660183,
            "count": 61
        },
        "TankBehavior.Losses.CuriosityInverseLoss.sum": {
            "value": 1.1296385266993305,
            "min": 0.9823338286464952,
            "max": 12.001247219660183,
            "count": 61
        }
    },
    "metadata": {
        "timer_format_version": "0.1.0",
        "start_time_seconds": "1729642589",
        "python_version": "3.8.10 (tags/v3.8.10:3d8993a, May  3 2021, 11:48:03) [MSC v.1928 64 bit (AMD64)]",
        "command_line_arguments": "C:\\Users\\User\\Desktop\\Tank-Game-AI\\venv\\Scripts\\mlagents-learn results/Gen25/configuration.yaml --resume",
        "mlagents_version": "0.29.0",
        "mlagents_envs_version": "0.29.0",
        "communication_protocol_version": "1.5.0",
        "pytorch_version": "2.2.2+cu121",
        "numpy_version": "1.21.2",
        "end_time_seconds": "1729645036"
    },
    "total": 2446.9473252000003,
    "count": 1,
    "self": 0.012263699999948585,
    "children": {
        "run_training.setup": {
            "total": 0.10280500000000004,
            "count": 1,
            "self": 0.10280500000000004
        },