{
    "name": "root",
    "gauges": {
        "TankBehavior.Policy.Entropy.mean": {
            "value": 1.6134324073791504,
            "min": 1.6134324073791504,
            "max": 2.10718035697937,
            "count": 10
        },
        "TankBehavior.Policy.Entropy.sum": {
            "value": 80726.4765625,
            "min": 80726.4765625,
            "max": 105430.65625,
            "count": 10
        },
        "TankBehavior.Step.mean": {
            "value": 499977.0,
            "min": 49943.0,
            "max": 499977.0,
            "count": 10
        },
        "TankBehavior.Step.sum": {
            "value": 499977.0,
            "min": 49943.0,
            "max": 499977.0,
            "count": 10
        },
        "TankBehavior.Policy.ExtrinsicValueEstimate.mean": {
            "value": -6.2946271896362305,
            "min": -8.508423805236816,
            "max": -1.7571525573730469,
            "count": 10
        },
        "TankBehavior.Policy.ExtrinsicValueEstimate.sum": {
            "value": -5060.88037109375,
            "min": -6863.7431640625,
            "max": -1419.779296875,
            "count": 10
        },
        "TankBehavior.Environment.EpisodeLength.mean": {
            "value": 819.7166666666667,
            "min": 746.9848484848485,
            "max": 869.438596491228,
            "count": 10
        },
        "TankBehavior.Environment.EpisodeLength.sum": {
            "value": 49183.0,
            "min": 49183.0,
            "max": 50852.0,
            "count": 10
        },
        "TankBehavior.Environment.CumulativeReward.mean": {
            "value": -43.983333333333334,
            "min": -91.47368421052632,
            "max": -43.983333333333334,
            "count": 10
        },
        "TankBehavior.Environment.CumulativeReward.sum": {
            "value": -2639.0,
            "min": -5336.0,
            "max": -2639.0,
            "count": 10
        },
        "TankBehavior.Policy.ExtrinsicReward.mean": {
            "value": -43.983333333333334,
            "min": -91.47368421052632,
            "max": -43.983333333333334,
            "count": 10
        },
        "TankBehavior.Policy.ExtrinsicReward.sum": {
            "value": -2639.0,
            "min": -5336.0,
            "max": -2639.0,
            "count": 10
        },
        "TankBehavior.Losses.PolicyLoss.mean": {
            "value": 0.02129883022949798,
            "min": 0.01899168127585047,
            "max": 0.02766113826379297,
            "count": 10
        },
        "TankBehavior.Losses.PolicyLoss.sum": {
            "value": 0.1064941511474899,
            "min": 0.09018963185856896,
            "max": 0.13830569131896484,
            "count": 10
        },
        "TankBehavior.Losses.ValueLoss.mean": {
            "value": 0.3714671043554942,
            "min": 0.3714671043554942,
            "max": 1.133581825097402,
            "count": 10
        },
        "TankBehavior.Losses.ValueLoss.sum": {
            "value": 1.857335521777471,
            "min": 1.857335521777471,
            "max": 4.5972173134485885,
            "count": 10
        },
        "TankBehavior.Policy.LearningRate.mean": {
            "value": 1.6470214509960003e-05,
            "min": 1.6470214509960003e-05,
            "max": 0.0002846178051274,
            "count": 10
        },
        "TankBehavior.Policy.LearningRate.sum": {
            "value": 8.235107254980001e-05,
            "min": 8.235107254980001e-05,
            "max": 0.0012844026718657998,
            "count": 10
        },
        "TankBehavior.Policy.Epsilon.mean": {
            "value": 0.10549004,
            "min": 0.10549004,
            "max": 0.19487260000000003,
            "count": 10
        },
        "TankBehavior.Policy.Epsilon.sum": {
            "value": 0.5274502,
            "min": 0.5000422000000001,
            "max": 0.9281342000000001,
            "count": 10
        },
        "TankBehavior.Policy.Beta.mean": {
            "value": 0.000283952996,
            "min": 0.000283952996,
            "max": 0.004744142739999999,
            "count": 10
        },
        "TankBehavior.Policy.Beta.sum": {
            "value": 0.00141976498,
            "min": 0.00141976498,
            "max": 0.021413896579999998,
            "count": 10
        },
        "TankBehavior.IsTraining.mean": {
            "value": 1.0,
            "min": 1.0,
            "max": 1.0,
            "count": 10
        },
        "TankBehavior.IsTraining.sum": {
            "value": 1.0,
            "min": 1.0,
            "max": 1.0,
            "count": 10
        }
    },
    "metadata": {
        "timer_format_version": "0.1.0",
        "start_time_seconds": "1727772087",
        "python_version": "3.8.10 (tags/v3.8.10:3d8993a, May  3 2021, 11:48:03) [MSC v.1928 64 bit (AMD64)]",
        "command_line_arguments": "C:\\Users\\User\\Desktop\\Tank-Game-AI\\venv\\Scripts\\mlagents-learn --run-id=Test2",
        "mlagents_version": "0.29.0",
        "mlagents_envs_version": "0.29.0",
        "communication_protocol_version": "1.5.0",
        "pytorch_version": "2.2.2+cu121",
        "numpy_version": "1.21.2",
        "end_time_seconds": "1727776609"
    },
    "total": 4520.300064,
    "count": 1,
    "self": 0.011032399999749032,
    "children": {
        "run_training.setup": {
            "total": 0.03594089999999994,
            "count": 1,
            "self": 0.03594089999999994
        },
        "TrainerController.start_learning": {
            "total": 4520.2530907,
            "count": 1,
            "self": 6.274573500050792,
            "children": {
                "TrainerController._reset_env": {
                    "total": 11.737764199999997,
                    "count": 1,
                    "self": 11.737764199999997
                },
                "TrainerController.advance": {
                    "total": 4502.186615399949,
                    "count": 250508,
                    "self": 5.930785999738873,
                    "children": {
                        "env_step": {
                            "total": 4320.110175000243,
                            "count": 250508,
                            "self": 3856.325493500212,
                            "children": {
                                "SubprocessEnvManager._take_step": {
                                    "total": 459.31455239995967,
                                    "count": 250508,
                                    "self": 19.165712299964696,
                                    "children": {
                                        "TorchPolicy.evaluate": {
                                            "total": 440.14884009999497,
                                            "count": 250044,
                                            "self": 119.46634670002271,
                                            "children": {
                                                "TorchPolicy.sample_actions": {
                                                    "total": 320.68249339997226,
                                                    "count": 250044,
                                                    "self": 320.68249339997226
                                                }
                                            }
                                        }
                                    }
                                },
                                "workers": {
                                    "total": 4.4701291000711585,
                                    "count": 250508,
                                    "self": 0.0,
                                    "children": {
                                        "worker_root": {
                                            "total": 4498.724435599915,
                                            "count": 250508,
                                            "is_parallel": true,