{
    "name": "root",
    "metadata": {
        "timer_format_version": "0.1.0",
        "start_time_seconds": "1729656289",
        "python_version": "3.8.10 (tags/v3.8.10:3d8993a, May  3 2021, 11:48:03) [MSC v.1928 64 bit (AMD64)]",
        "command_line_arguments": "C:\\Users\\User\\Desktop\\Tank-Game-AI\\venv\\Scripts\\mlagents-learn config/TankConfig.yaml --run-id=Gen26a",
        "mlagents_version": "0.29.0",
        "mlagents_envs_version": "0.29.0",
        "communication_protocol_version": "1.5.0",
        "pytorch_version": "2.2.2+cu121",
        "numpy_version": "1.21.2",
        "end_time_seconds": "1729656334"
    },
    "total": 44.6714513,
    "count": 1,
    "self": 0.01613479999999612,
    "children": {
        "run_training.setup": {
            "total": 0.14906949999999997,
            "count": 1,
            "self": 0.14906949999999997
        },
        "TrainerController.start_learning": {
            "total": 44.506247,
            "count": 1,
            "self": 0.014800200000010477,
            "children": {
                "TrainerController._reset_env": {
                    "total": 33.3589745,
                    "count": 1,
                    "self": 10.101604400000006,
                    "children": {
                        "demo_to_buffer": {
                            "total": 23.257370099999996,
                            "count": 2,
                            "self": 0.0007193999999977052,
                            "children": {
                                "load_demonstration": {
                                    "total": 0.5268866999999986,
                                    "count": 2,
                                    "self": 0.49533749999999976,
                                    "children": {
                                        "read_file": {
                                            "total": 0.031549199999998834,
                                            "count": 2,
                                            "self": 0.031549199999998834
                                        }
                                    }
                                },
                                "make_demo_buffer": {
                                    "total": 22.729764,
                                    "count": 2,
                                    "self": 3.562939499999569,
                                    "children": {
                                        "steps_from_proto": {
                                            "total": 19.16682450000043,
                                            "count": 132200,
                                            "self": 12.201987900001559,
                                            "children": {
                                                "_process_rank_one_or_two_observation": {
                                                    "total": 6.964836599998872,
                                                    "count": 264400,
                                                    "self": 6.964836599998872
                                                }
                                            }
                                        }
                                    }
                                }
                            }
                        }
                    }
                },
                "TrainerController.advance": {
                    "total": 10.943389799999991,
                    "count": 31,
                    "self": 0.0011747000000070784,
                    "children": {
                        "env_step": {
                            "total": 10.942215099999984,
                            "count": 31,
                            "self": 10.859666500000039,
                            "children": {
                                "SubprocessEnvManager._take_step": {
                                    "total": 0.08206949999994606,
                                    "count": 31,
                                    "self": 0.003420699999949761,
                                    "children": {
                                        "TorchPolicy.evaluate": {
                                            "total": 0.0786487999999963,
                                            "count": 31,
                                            "self": 0.017500600000040833,
                                            "children": {
                                                "TorchPolicy.sample_actions": {
                                                    "total": 0.061148199999955466,
                                                    "count": 31,
                                                    "self": 0.061148199999955466
                                                }
                                            }
                                        }
                                    }
                                },
                                "workers": {
                                    "total": 0.0004790999999997325,
                                    "count": 30,
                                    "self": 0.0,
                                    "children": {
                                        "worker_root": {
                                            "total": 26.903135299999967,
                                            "count": 30,
                                            "is_parallel": true,
                                            "self": 24.939324299999964,
                                            "children": {
                                                "steps_from_proto": {
                                                    "total": 0.002956600000000975,
                                                    "count": 1,
                                                    "is_parallel": true,
                                                    "self": 0.000576000000000576,
                                                    "children": {
                                                        "_process_rank_one_or_two_observation": {
                                                            "total": 0.002380600000000399,
                                                            "count": 2,
                                                            "is_parallel": true,
                                                            "self": 0.002380600000000399
                                                        }
                                                    }
                                                },
                                                "UnityEnvironment.step": {
                                                    "total": 1.9608544000000023,
                                                    "count": 30,
                                                    "is_parallel": true,
                                                    "self": 0.01672170000001927,
                                                    "children": {
                                                        "UnityEnvironment._generate_step_input": {
                                                            "total": 0.018023899999995763,
                                                            "count": 30,
                                                            "is_parallel": true,
                                                            "self": 0.018023899999995763
                                                        },
                                                        "communicator.exchange": {
                                                            "total": 1.8846309999999704,
                                                            "count": 30,
                                                            "is_parallel": true,