{
    "name": "root",
    "metadata": {
        "timer_format_version": "0.1.0",
        "start_time_seconds": "1730380244",
        "python_version": "3.8.10 (tags/v3.8.10:3d8993a, May  3 2021, 11:48:03) [MSC v.1928 64 bit (AMD64)]",
        "command_line_arguments": "C:\\Users\\User\\Desktop\\Tank-Game-AI\\venv\\Scripts\\mlagents-learn results/Gen33/configuration.yaml --resume",
        "mlagents_version": "0.29.0",
        "mlagents_envs_version": "0.29.0",
        "communication_protocol_version": "1.5.0",
        "pytorch_version": "2.2.2+cu121",
        "numpy_version": "1.21.2",
        "end_time_seconds": "1730398118"
    },
    "total": 17873.6505564,
    "count": 1,
    "self": 0.010661799999070354,
    "children": {
        "run_training.setup": {
            "total": 0.13374949999999686,
            "count": 1,
            "self": 0.13374949999999686
        },
        "TrainerController.start_learning": {
            "total": 17873.5061451,
            "count": 1,
            "self": 40.28096490007374,
            "children": {
                "TrainerController._reset_env": {
                    "total": 11.133140999999998,
                    "count": 1,
                    "self": 9.862907800000002,
                    "children": {
                        "demo_to_buffer": {
                            "total": 1.2702331999999963,
                            "count": 2,
                            "self": 0.00013810000000091804,
                            "children": {
                                "load_demonstration": {
                                    "total": 0.01861680000000021,
                                    "count": 2,
                                    "self": 0.0167055999999981,
                                    "children": {
                                        "read_file": {
                                            "total": 0.0019112000000021112,
                                            "count": 2,
                                            "self": 0.0019112000000021112
                                        }
                                    }
                                },
                                "make_demo_buffer": {
                                    "total": 1.2514782999999952,
                                    "count": 2,
                                    "self": 0.2324996999998703,
                                    "children": {
                                        "steps_from_proto": {
                                            "total": 1.0189786000001249,
                                            "count": 4412,
                                            "self": 0.6623841000004766,
                                            "children": {
                                                "_process_rank_one_or_two_observation": {
                                                    "total": 0.3565944999996482,
                                                    "count": 8824,
                                                    "self": 0.3565944999996482
                                                }
                                            }
                                        }
                                    }
                                }
                            }
                        }
                    }
                },
                "TrainerController.advance": {
                    "total": 17821.999894499928,
                    "count": 296511,
                    "self": 13.532270299951051,
                    "children": {
                        "env_step": {
                            "total": 17808.467624199977,
                            "count": 296511,
                            "self": 16114.544177599713,
                            "children": {
                                "SubprocessEnvManager._take_step": {
                                    "total": 1687.6549188001532,
                                    "count": 296511,
                                    "self": 30.017748900261267,
                                    "children": {
                                        "TorchPolicy.evaluate": {
                                            "total": 1657.637169899892,
                                            "count": 247074,
                                            "self": 273.3432537000001,
                                            "children": {
                                                "TorchPolicy.sample_actions": {
                                                    "total": 1384.2939161998918,
                                                    "count": 247074,
                                                    "self": 1384.2939161998918
                                                }
                                            }
                                        }
                                    }
                                },
                                "workers": {
                                    "total": 6.268527800110469,
                                    "count": 296510,
                                    "self": 0.0,
                                    "children": {
                                        "worker_root": {
                                            "total": 17727.187854799373,
                                            "count": 296510,
                                            "is_parallel": true,
                                            "self": 10926.475280499602,
                                            "children": {
                                                "steps_from_proto": {
                                                    "total": 0.0013480000000001269,
                                                    "count": 1,
                                                    "is_parallel": true,
                                                    "self": 0.0003513000000019417,
                                                    "children": {
                                                        "_process_rank_one_or_two_observation": {
                                                            "total": 0.0009966999999981851,
                                                            "count": 2,
                                                            "is_parallel": true,
                                                            "self": 0.0009966999999981851
                                                        }
                                                    }
                                                },
                                                "UnityEnvironment.step": {
                                                    "total": 6800.711226299771,
                                                    "count": 296510,
                                                    "is_parallel": true,
                                                    "self": 150.1723938995974,
                                                    "children": {
                                                        "UnityEnvironment._generate_step_input": {
                                                            "total": 164.8713520005939,
                                                            "count": 296510,
                                                            "is_parallel": true,
                                                            "self": 164.8713520005939
                                                        },
                                                        "communicator.exchange": {
                                                            "total": 6059.779696199512,
                                                            "count": 296510,
                                                            "is_parallel": true,