{
    "name": "root",
    "gauges": {
        "TankBehavior.Policy.Entropy.mean": {
            "value": 1.5155329704284668,
            "min": 1.5155329704284668,
            "max": 2.1015233993530273,
            "count": 7
        },
        "TankBehavior.Policy.Entropy.sum": {
            "value": 75746.3359375,
            "min": 75746.3359375,
            "max": 105168.640625,
            "count": 7
        },
        "TankBehavior.Step.mean": {
            "value": 349943.0,
            "min": 49943.0,
            "max": 349943.0,
            "count": 7
        },
        "TankBehavior.Step.sum": {
            "value": 349943.0,
            "min": 49943.0,
            "max": 349943.0,
            "count": 7
        },
        "TankBehavior.Policy.ExtrinsicValueEstimate.mean": {
            "value": -2.0343286991119385,
            "min": -3.7410571575164795,
            "max": -1.0437791347503662,
            "count": 7
        },
        "TankBehavior.Policy.ExtrinsicValueEstimate.sum": {
            "value": -1627.462890625,
            "min": -2992.845703125,
            "max": -840.2422485351562,
            "count": 7
        },
        "TankBehavior.Environment.EpisodeLength.mean": {
            "value": 995.94,
            "min": 850.4912280701755,
            "max": 999.0,
            "count": 7
        },
        "TankBehavior.Environment.EpisodeLength.sum": {
            "value": 49797.0,
            "min": 48478.0,
            "max": 50660.0,
            "count": 7
        },
        "TankBehavior.Environment.CumulativeReward.mean": {
            "value": -9.308823529411764,
            "min": -49.58771929824562,
            "max": -9.308823529411764,
            "count": 7
        },
        "TankBehavior.Environment.CumulativeReward.sum": {
            "value": -474.75,
            "min": -2826.5,
            "max": -474.75,
            "count": 7
        },
        "TankBehavior.Policy.ExtrinsicReward.mean": {
            "value": -9.308823529411764,
            "min": -49.58771929824562,
            "max": -9.308823529411764,
            "count": 7
        },
        "TankBehavior.Policy.ExtrinsicReward.sum": {
            "value": -474.75,
            "min": -2826.5,
            "max": -474.75,
            "count": 7
        },
        "TankBehavior.Losses.PolicyLoss.mean": {
            "value": 0.022563914988822945,
            "min": 0.02251523392042145,
            "max": 0.025902730315719963,
            "count": 7
        },
        "TankBehavior.Losses.PolicyLoss.sum": {
            "value": 0.11281957494411472,
            "min": 0.09821462369000074,
            "max": 0.12951365157859981,
            "count": 7
        },
        "TankBehavior.Losses.ValueLoss.mean": {
            "value": 0.04879445619881153,
            "min": 0.04879445619881153,
            "max": 0.5523416392505169,
            "count": 7
        },
        "TankBehavior.Losses.ValueLoss.sum": {
            "value": 0.24397228099405766,
            "min": 0.24397228099405766,
            "max": 2.2093665570020677,
            "count": 7
        },
        "TankBehavior.Policy.LearningRate.mean": {
            "value": 0.00010287426570859998,
            "min": 0.00010287426570859998,
            "max": 0.0002846020551326499,
            "count": 7
        },
        "TankBehavior.Policy.LearningRate.sum": {
            "value": 0.0005143713285429999,
            "min": 0.0005143713285429999,
            "max": 0.0012844326718557998,
            "count": 7
        },
        "TankBehavior.Policy.Epsilon.mean": {
            "value": 0.1342914,
            "min": 0.1342914,
            "max": 0.19486735000000005,
            "count": 7
        },
        "TankBehavior.Policy.Epsilon.sum": {
            "value": 0.671457,
            "min": 0.671457,
            "max": 0.9281441999999999,
            "count": 7
        },
        "TankBehavior.Policy.Beta.mean": {
            "value": 0.0017211408600000006,
            "min": 0.0017211408600000006,
            "max": 0.004743880765,
            "count": 7
        },
        "TankBehavior.Policy.Beta.sum": {
            "value": 0.008605704300000003,
            "min": 0.008605704300000003,
            "max": 0.021414395580000002,
            "count": 7
        },
        "TankBehavior.IsTraining.mean": {
            "value": 1.0,
            "min": 1.0,
            "max": 1.0,
            "count": 7
        },
        "TankBehavior.IsTraining.sum": {
            "value": 1.0,
            "min": 1.0,
            "max": 1.0,
            "count": 7
        }
    },
    "metadata": {
        "timer_format_version": "0.1.0",
        "start_time_seconds": "1727762709",
        "python_version": "3.8.10 (tags/v3.8.10:3d8993a, May  3 2021, 11:48:03) [MSC v.1928 64 bit (AMD64)]",
        "command_line_arguments": "C:\\Users\\User\\Desktop\\Tank-Game-AI\\venv\\Scripts\\mlagents-learn --run-id=Test1",
        "mlagents_version": "0.29.0",
        "mlagents_envs_version": "0.29.0",
        "communication_protocol_version": "1.5.0",
        "pytorch_version": "2.2.2+cu121",
        "numpy_version": "1.21.2",
        "end_time_seconds": "1727766479"
    },
    "total": 3769.6828490999997,
    "count": 1,
    "self": 0.008600899999692047,
    "children": {
        "run_training.setup": {
            "total": 0.07449369999999966,
            "count": 1,
            "self": 0.07449369999999966
        },
        "TrainerController.start_learning": {
            "total": 3769.5997545,
            "count": 1,
            "self": 4.713606400069239,
            "children": {
                "TrainerController._reset_env": {
                    "total": 23.229658299999997,
                    "count": 1,
                    "self": 23.229658299999997
                },
                "TrainerController.advance": {
                    "total": 3741.5091818999304,
                    "count": 190331,
                    "self": 4.207787799867674,
                    "children": {
                        "env_step": {
                            "total": 3603.0444854000993,
                            "count": 190331,
                            "self": 3243.173843600233,
                            "children": {
                                "SubprocessEnvManager._take_step": {
                                    "total": 356.57387439989645,
                                    "count": 190331,
                                    "self": 15.557425899835891,
                                    "children": {
                                        "TorchPolicy.evaluate": {
                                            "total": 341.01644850006056,
                                            "count": 189967,
                                            "self": 92.79295320005727,
                                            "children": {
                                                "TorchPolicy.sample_actions": {
                                                    "total": 248.2234953000033,
                                                    "count": 189967,
                                                    "self": 248.2234953000033
                                                }
                                            }
                                        }
                                    }
                                },
                                "workers": {
                                    "total": 3.296767399969852,
                                    "count": 190330,
                                    "self": 0.0,
                                    "children": {
                                        "worker_root": {
                                            "total": 3649.721929999982,
                                            "count": 190330,
                                            "is_parallel": true,
                                            "self": 761.753074299997,