{
    "name": "root",
    "metadata": {
        "timer_format_version": "0.1.0",
        "start_time_seconds": "1729483349",
        "python_version": "3.8.10 (tags/v3.8.10:3d8993a, May  3 2021, 11:48:03) [MSC v.1928 64 bit (AMD64)]",
        "command_line_arguments": "C:\\Users\\User\\Desktop\\Tank-Game-AI\\venv\\Scripts\\mlagents-learn config/TankConfig.yaml --run-id=Gen24",
        "mlagents_version": "0.29.0",
        "mlagents_envs_version": "0.29.0",
        "communication_protocol_version": "1.5.0",
        "pytorch_version": "2.2.2+cu121",
        "numpy_version": "1.21.2",
        "end_time_seconds": "1729483402"
    },
    "total": 53.4410746,
    "count": 1,
    "self": 0.01914250000000095,
    "children": {
        "run_training.setup": {
            "total": 0.17245130000000009,
            "count": 1,
            "self": 0.17245130000000009
        },
        "TrainerController.start_learning": {
            "total": 53.2494808,
            "count": 1,
            "self": 0.02196060000005673,
            "children": {
                "TrainerController._reset_env": {
                    "total": 40.3687343,
                    "count": 1,
                    "self": 14.535721499999998,
                    "children": {
                        "demo_to_buffer": {
                            "total": 25.833012800000002,
                            "count": 2,
                            "self": 0.0007273000000012075,
                            "children": {
                                "load_demonstration": {
                                    "total": 0.6300695000000012,
                                    "count": 2,
                                    "self": 0.5825342000000049,
                                    "children": {
                                        "read_file": {
                                            "total": 0.04753529999999628,
                                            "count": 2,
                                            "self": 0.04753529999999628
                                        }
                                    }
                                },
                                "make_demo_buffer": {
                                    "total": 25.202216,
                                    "count": 2,
                                    "self": 4.1153174999983015,
                                    "children": {
                                        "steps_from_proto": {
                                            "total": 21.0868985000017,
                                            "count": 132200,
                                            "self": 13.453719700000864,
                                            "children": {
                                                "_process_rank_one_or_two_observation": {
                                                    "total": 7.6331788000008345,
                                                    "count": 264400,
                                                    "self": 7.6331788000008345
                                                }
                                            }
                                        }
                                    }
                                }
                            }
                        }
                    }
                },
                "TrainerController.advance": {
                    "total": 12.636470099999947,
                    "count": 167,
                    "self": 0.007313699999940582,
                    "children": {
                        "env_step": {
                            "total": 12.629156400000006,
                            "count": 167,
                            "self": 12.180130599999998,
                            "children": {
                                "SubprocessEnvManager._take_step": {
                                    "total": 0.44607619999997183,
                                    "count": 167,
                                    "self": 0.019284799999987,
                                    "children": {
                                        "TorchPolicy.evaluate": {
                                            "total": 0.42679139999998483,
                                            "count": 167,
                                            "self": 0.0949268999999191,
                                            "children": {
                                                "TorchPolicy.sample_actions": {
                                                    "total": 0.33186450000006573,
                                                    "count": 167,
                                                    "self": 0.33186450000006573
                                                }
                                            }
                                        }
                                    }
                                },
                                "workers": {
                                    "total": 0.002949600000036412,
                                    "count": 166,
                                    "self": 0.0,
                                    "children": {
                                        "worker_root": {
                                            "total": 34.187417599999954,
                                            "count": 166,
                                            "is_parallel": true,
                                            "self": 28.20634159999988,
                                            "children": {
                                                "steps_from_proto": {
                                                    "total": 0.0017001000000007593,
                                                    "count": 1,
                                                    "is_parallel": true,
                                                    "self": 0.00045230000000096027,
                                                    "children": {
                                                        "_process_rank_one_or_two_observation": {
                                                            "total": 0.001247799999999799,
                                                            "count": 2,
                                                            "is_parallel": true,
                                                            "self": 0.001247799999999799
                                                        }
                                                    }
                                                },
                                                "UnityEnvironment.step": {
                                                    "total": 5.979375900000072,
                                                    "count": 166,
                                                    "is_parallel": true,
                                                    "self": 0.09163260000009643,
                                                    "children": {
                                                        "UnityEnvironment._generate_step_input": {
                                                            "total": 0.10769969999999063,
                                                            "count": 166,
                                                            "is_parallel": true,
                                                            "self": 0.10769969999999063
                                                        },
                                                        "communicator.exchange": {
                                                            "total": 5.535046999999977,
                                                            "count": 166,
                                                            "is_parallel": true,