{
    "name": "root",
    "metadata": {
        "timer_format_version": "0.1.0",
        "start_time_seconds": "1728280410",
        "python_version": "3.8.10 (tags/v3.8.10:3d8993a, May  3 2021, 11:48:03) [MSC v.1928 64 bit (AMD64)]",
        "command_line_arguments": "C:\\Users\\User\\Desktop\\Tank-Game-AI\\venv\\Scripts\\mlagents-learn --run-id=Gen12",
        "mlagents_version": "0.29.0",
        "mlagents_envs_version": "0.29.0",
        "communication_protocol_version": "1.5.0",
        "pytorch_version": "2.2.2+cu121",
        "numpy_version": "1.21.2",
        "end_time_seconds": "1728280430"
    },
    "total": 20.0304752,
    "count": 1,
    "self": 0.005602599999999569,
    "children": {
        "run_training.setup": {
            "total": 0.03312970000000037,
            "count": 1,
            "self": 0.03312970000000037
        },
        "TrainerController.start_learning": {
            "total": 19.991742900000002,
            "count": 1,
            "self": 0.00531040000001326,
            "children": {
                "TrainerController._reset_env": {
                    "total": 8.335419700000001,
                    "count": 1,
                    "self": 8.335419700000001
                },
                "TrainerController.advance": {
                    "total": 11.519646399999987,
                    "count": 167,
                    "self": 0.004767399999956012,
                    "children": {
                        "env_step": {
                            "total": 11.220431000000005,
                            "count": 167,
                            "self": 10.852784300000028,
                            "children": {
                                "SubprocessEnvManager._take_step": {
                                    "total": 0.3648102999999878,
                                    "count": 167,
                                    "self": 0.017578499999977737,
                                    "children": {
                                        "TorchPolicy.evaluate": {
                                            "total": 0.3472318000000101,
                                            "count": 161,
                                            "self": 0.08667750000001107,
                                            "children": {
                                                "TorchPolicy.sample_actions": {
                                                    "total": 0.260554299999999,
                                                    "count": 161,
                                                    "self": 0.260554299999999
                                                }
                                            }
                                        }
                                    }
                                },
                                "workers": {
                                    "total": 0.00283639999998897,
                                    "count": 166,
                                    "self": 0.0,
                                    "children": {
                                        "worker_root": {
                                            "total": 9.3945569,
                                            "count": 166,
                                            "is_parallel": true,
                                            "self": 2.4096341999999975,
                                            "children": {
                                                "steps_from_proto": {
                                                    "total": 0.001031799999999805,
                                                    "count": 1,
                                                    "is_parallel": true,
                                                    "self": 0.00030269999999976704,
                                                    "children": {
                                                        "_process_rank_one_or_two_observation": {
                                                            "total": 0.000729100000000038,
                                                            "count": 2,
                                                            "is_parallel": true,
                                                            "self": 0.000729100000000038
                                                        }
                                                    }
                                                },
                                                "UnityEnvironment.step": {
                                                    "total": 6.983890900000002,
                                                    "count": 166,
                                                    "is_parallel": true,
                                                    "self": 0.06340599999999164,
                                                    "children": {
                                                        "UnityEnvironment._generate_step_input": {
                                                            "total": 0.10256090000000384,
                                                            "count": 166,
                                                            "is_parallel": true,
                                                            "self": 0.10256090000000384
                                                        },
                                                        "communicator.exchange": {
                                                            "total": 6.6524637,
                                                            "count": 166,
                                                            "is_parallel": true,
                                                            "self": 6.6524637
                                                        },
                                                        "steps_from_proto": {
                                                            "total": 0.16546030000000655,
                                                            "count": 166,
                                                            "is_parallel": true,
                                                            "self": 0.05497750000000501,
                                                            "children": {
                                                                "_process_rank_one_or_two_observation": {
                                                                    "total": 0.11048280000000155,
                                                                    "count": 332,
                                                                    "is_parallel": true,
                                                                    "self": 0.11048280000000155
                                                                }
                                                            }
                                                        }
                                                    }
                                                }
                                            }
                                        }
                                    }
                                }
                            }
                        },
                        "trainer_advance": {
                            "total": 0.2944480000000258,
                            "count": 166,
                            "self": 0.005330100000021432,
                            "children": {
                                "process_trajectory": {
                                    "total": 0.28911790000000437,
                                    "count": 166,
                                    "self": 0.28911790000000437
                                }
                            }
                        }
                    }
                },