{
    "name": "root",
    "gauges": {
        "TankBehavior.Policy.Entropy.mean": {
            "value": 1.9778506755828857,
            "min": 1.9778506755828857,
            "max": 1.9778506755828857,
            "count": 1
        },
        "TankBehavior.Policy.Entropy.sum": {
            "value": 86975.984375,
            "min": 86975.984375,
            "max": 86975.984375,
            "count": 1
        },
        "TankBehavior.Environment.EpisodeLength.mean": {
            "value": 122.81656804733728,
            "min": 122.81656804733728,
            "max": 122.81656804733728,
            "count": 1
        },
        "TankBehavior.Environment.EpisodeLength.sum": {
            "value": 41512.0,
            "min": 41512.0,
            "max": 41512.0,
            "count": 1
        },
        "TankBehavior.Step.mean": {
            "value": 49952.0,
            "min": 49952.0,
            "max": 49952.0,
            "count": 1
        },
        "TankBehavior.Step.sum": {
            "value": 49952.0,
            "min": 49952.0,
            "max": 49952.0,
            "count": 1
        },
        "TankBehavior.Policy.ExtrinsicValueEstimate.mean": {
            "value": -2.697226047515869,
            "min": -2.697226047515869,
            "max": -2.697226047515869,
            "count": 1
        },
        "TankBehavior.Policy.ExtrinsicValueEstimate.sum": {
            "value": -2268.3671875,
            "min": -2268.3671875,
            "max": -2268.3671875,
            "count": 1
        },
        "TankBehavior.Policy.GailValueEstimate.mean": {
            "value": 14.011494636535645,
            "min": 14.011494636535645,
            "max": 14.011494636535645,
            "count": 1
        },
        "TankBehavior.Policy.GailValueEstimate.sum": {
            "value": 11783.6669921875,
            "min": 11783.6669921875,
            "max": 11783.6669921875,
            "count": 1
        },
        "TankBehavior.Environment.CumulativeReward.mean": {
            "value": 7.509850796069619,
            "min": 7.509850796069619,
            "max": 7.509850796069619,
            "count": 1
        },
        "TankBehavior.Environment.CumulativeReward.sum": {
            "value": 2538.3295690715313,
            "min": 2538.3295690715313,
            "max": 2538.3295690715313,
            "count": 1
        },
        "TankBehavior.Policy.ExtrinsicReward.mean": {
            "value": 7.509850796069619,
            "min": 7.509850796069619,
            "max": 7.509850796069619,
            "count": 1
        },
        "TankBehavior.Policy.ExtrinsicReward.sum": {
            "value": 2538.3295690715313,
            "min": 2538.3295690715313,
            "max": 2538.3295690715313,
            "count": 1
        },
        "TankBehavior.Policy.GailReward.mean": {
            "value": 39.53256970640966,
            "min": 39.53256970640966,
            "max": 39.53256970640966,
            "count": 1
        },
        "TankBehavior.Policy.GailReward.sum": {
            "value": 13362.008560766466,
            "min": 13362.008560766466,
            "max": 13362.008560766466,
            "count": 1
        },
        "TankBehavior.Losses.PolicyLoss.mean": {
            "value": 0.023416400139588706,
            "min": 0.023416400139588706,
            "max": 0.023416400139588706,
            "count": 1
        },
        "TankBehavior.Losses.PolicyLoss.sum": {
            "value": 0.09366560055835482,
            "min": 0.09366560055835482,
            "max": 0.09366560055835482,
            "count": 1
        },
        "TankBehavior.Losses.ValueLoss.mean": {
            "value": 20.570867133140563,
            "min": 20.570867133140563,
            "max": 20.570867133140563,
            "count": 1
        },
        "TankBehavior.Losses.ValueLoss.sum": {
            "value": 82.28346853256225,
            "min": 82.28346853256225,
            "max": 82.28346853256225,
            "count": 1
        },
        "TankBehavior.Policy.LearningRate.mean": {
            "value": 0.0002999805135064955,
            "min": 0.0002999805135064955,
            "max": 0.0002999805135064955,
            "count": 1
        },
        "TankBehavior.Policy.LearningRate.sum": {
            "value": 0.001199922054025982,
            "min": 0.001199922054025982,
            "max": 0.001199922054025982,
            "count": 1
        },
        "TankBehavior.Policy.Epsilon.mean": {
            "value": 0.19999350450000003,
            "min": 0.19999350450000003,
            "max": 0.19999350450000003,
            "count": 1
        },
        "TankBehavior.Policy.Epsilon.sum": {
            "value": 0.7999740180000001,
            "min": 0.7999740180000001,
            "max": 0.7999740180000001,
            "count": 1
        },
        "TankBehavior.Policy.Beta.mean": {
            "value": 0.0049996758745499996,
            "min": 0.0049996758745499996,
            "max": 0.0049996758745499996,
            "count": 1
        },
        "TankBehavior.Policy.Beta.sum": {
            "value": 0.019998703498199998,
            "min": 0.019998703498199998,
            "max": 0.019998703498199998,
            "count": 1
        },
        "TankBehavior.Policy.GAILPolicyEstimate.mean": {
            "value": 0.17861369575063385,
            "min": 0.17861369575063385,
            "max": 0.17861369575063385,
            "count": 1
        },
        "TankBehavior.Policy.GAILPolicyEstimate.sum": {
            "value": 0.7144547830025354,
            "min": 0.7144547830025354,
            "max": 0.7144547830025354,
            "count": 1
        },
        "TankBehavior.Policy.GAILExpertEstimate.mean": {
            "value": 0.7550416469573975,
            "min": 0.7550416469573975,
            "max": 0.7550416469573975,
            "count": 1
        },
        "TankBehavior.Policy.GAILExpertEstimate.sum": {
            "value": 3.02016658782959,
            "min": 3.02016658782959,
            "max": 3.02016658782959,
            "count": 1
        },
        "TankBehavior.Losses.GAILLoss.mean": {
            "value": 0.5757168817023437,
            "min": 0.5757168817023437,
            "max": 0.5757168817023437,
            "count": 1
        },
        "TankBehavior.Losses.GAILLoss.sum": {
            "value": 2.302867526809375,
            "min": 2.302867526809375,
            "max": 2.302867526809375,
            "count": 1
        },
        "TankBehavior.Policy.GAILGradMagLoss.mean": {
            "value": 6.894424851735432,
            "min": 6.894424851735432,
            "max": 6.894424851735432,
            "count": 1
        },
        "TankBehavior.Policy.GAILGradMagLoss.sum": {
            "value": 27.57769940694173,
            "min": 27.57769940694173,
            "max": 27.57769940694173,
            "count": 1
        },
        "TankBehavior.IsTraining.mean": {
            "value": 1.0,
            "min": 1.0,
            "max": 1.0,
            "count": 1
        },
        "TankBehavior.IsTraining.sum": {
            "value": 1.0,
            "min": 1.0,
            "max": 1.0,
            "count": 1
        }
    },
    "metadata": {
        "timer_format_version": "0.1.0",
        "start_time_seconds": "1728279009",
        "python_version": "3.8.10 (tags/v3.8.10:3d8993a, May  3 2021, 11:48:03) [MSC v.1928 64 bit (AMD64)]",
        "command_line_arguments": "C:\\Users\\User\\Desktop\\Tank-Game-AI\\venv\\Scripts\\mlagents-learn results/Gen12/configuration.yaml --resume",
        "mlagents_version": "0.29.0",
        "mlagents_envs_version": "0.29.0",
        "communication_protocol_version": "1.5.0",
        "pytorch_version": "2.2.2+cu121",
        "numpy_version": "1.21.2",
        "end_time_seconds": "1728279218"
    },
    "total": 208.5320658,
    "count": 1,
    "self": 0.006123699999989185,
    "children": {
        "run_training.setup": {
            "total": 0.08545440000000015,
            "count": 1,