{
    "name": "root",
    "gauges": {
        "TankBehavior.Policy.Entropy.mean": {
            "value": 1.713328242301941,
            "min": 1.6282075643539429,
            "max": 1.716070294380188,
            "count": 35
        },
        "TankBehavior.Policy.Entropy.sum": {
            "value": 85880.578125,
            "min": 81328.96875,
            "max": 86982.5078125,
            "count": 35
        },
        "TankBehavior.Step.mean": {
            "value": 1749984.0,
            "min": 49986.0,
            "max": 1749984.0,
            "count": 35
        },
        "TankBehavior.Step.sum": {
            "value": 1749984.0,
            "min": 49986.0,
            "max": 1749984.0,
            "count": 35
        },
        "TankBehavior.Policy.ExtrinsicValueEstimate.mean": {
            "value": 21.01751136779785,
            "min": 19.976879119873047,
            "max": 36.54280471801758,
            "count": 35
        },
        "TankBehavior.Policy.ExtrinsicValueEstimate.sum": {
            "value": 18495.41015625,
            "min": 17404.31640625,
            "max": 31572.982421875,
            "count": 35
        },
        "TankBehavior.Environment.EpisodeLength.mean": {
            "value": 237.54901960784315,
            "min": 230.00462962962962,
            "max": 260.35263157894735,
            "count": 35
        },
        "TankBehavior.Environment.EpisodeLength.sum": {
            "value": 48460.0,
            "min": 47197.0,
            "max": 51090.0,
            "count": 35
        },
        "TankBehavior.Environment.CumulativeReward.mean": {
            "value": 89.20414616109109,
            "min": 85.6188865063919,
            "max": 94.38756208174193,
            "count": 35
        },
        "TankBehavior.Environment.CumulativeReward.sum": {
            "value": 18197.645816862583,
            "min": 16562.80344852805,
            "max": 19250.841290682554,
            "count": 35
        },
        "TankBehavior.Policy.ExtrinsicReward.mean": {
            "value": 89.20414616109109,
            "min": 85.6188865063919,
            "max": 94.38756208174193,
            "count": 35
        },
        "TankBehavior.Policy.ExtrinsicReward.sum": {
            "value": 18197.645816862583,
            "min": 16562.80344852805,
            "max": 19250.841290682554,
            "count": 35
        },
        "TankBehavior.Losses.PolicyLoss.mean": {
            "value": 0.021698574643038836,
            "min": 0.020228428076006822,
            "max": 0.0264632514299592,
            "count": 35
        },
        "TankBehavior.Losses.PolicyLoss.sum": {
            "value": 0.10849287321519417,
            "min": 0.08091371230402729,
            "max": 0.132316257149796,
            "count": 35
        },
        "TankBehavior.Losses.ValueLoss.mean": {
            "value": 7.93484292348226,
            "min": 6.5549137155214945,
            "max": 26.47484897772471,
            "count": 35
        },
        "TankBehavior.Losses.ValueLoss.sum": {
            "value": 39.6742146174113,
            "min": 26.219654862085978,
            "max": 105.89939591089885,
            "count": 35
        },
        "TankBehavior.Policy.LearningRate.mean": {
            "value": 0.0002989632187055938,
            "min": 0.0002989632187055938,
            "max": 0.00029998457820514055,
            "count": 35
        },
        "TankBehavior.Policy.LearningRate.sum": {
            "value": 0.001494816093527969,
            "min": 0.0011965804745398421,
            "max": 0.0014997841890719366,
            "count": 35
        },
        "TankBehavior.Policy.Epsilon.mean": {
            "value": 0.1996544061200001,
            "min": 0.1996544061200001,
            "max": 0.1999948594,
            "count": 35
        },
        "TankBehavior.Policy.Epsilon.sum": {
            "value": 0.9982720306000005,
            "min": 0.7988601577999999,
            "max": 0.999928063,
            "count": 35
        },
        "TankBehavior.Policy.Beta.mean": {
            "value": 0.004982754865388001,
            "min": 0.004982754865388001,
            "max": 0.00499974348406,
            "count": 35
        },
        "TankBehavior.Policy.Beta.sum": {
            "value": 0.024913774326940002,
            "min": 0.019943121874219996,
            "max": 0.024996410343700003,
            "count": 35
        },
        "TankBehavior.IsTraining.mean": {
            "value": 1.0,
            "min": 1.0,
            "max": 1.0,
            "count": 35
        },
        "TankBehavior.IsTraining.sum": {
            "value": 1.0,
            "min": 1.0,
            "max": 1.0,
            "count": 35
        }
    },
    "metadata": {
        "timer_format_version": "0.1.0",
        "start_time_seconds": "1728267763",
        "python_version": "3.8.10 (tags/v3.8.10:3d8993a, May  3 2021, 11:48:03) [MSC v.1928 64 bit (AMD64)]",
        "command_line_arguments": "C:\\Users\\User\\Desktop\\Tank-Game-AI\\venv\\Scripts\\mlagents-learn results/Gen10/configuration.yaml --initialize-from=Gen10 --run-id=Gen11",
        "mlagents_version": "0.29.0",
        "mlagents_envs_version": "0.29.0",
        "communication_protocol_version": "1.5.0",
        "pytorch_version": "2.2.2+cu121",
        "numpy_version": "1.21.2",
        "end_time_seconds": "1728270864"
    },
    "total": 3100.9311924,
    "count": 1,
    "self": 0.01914740000029269,
    "children": {
        "run_training.setup": {
            "total": 0.13579640000000026,
            "count": 1,
            "self": 0.13579640000000026
        },
        "TrainerController.start_learning": {
            "total": 3100.7762485999997,
            "count": 1,
            "self": 2.2825474000551367,
            "children": {
                "TrainerController._reset_env": {
                    "total": 8.4053857,
                    "count": 1,
                    "self": 8.4053857
                },
                "TrainerController.advance": {
                    "total": 3090.009269999944,
                    "count": 76939,
                    "self": 2.0351997998809566,
                    "children": {
                        "env_step": {
                            "total": 2546.5062648000335,
                            "count": 76939,
                            "self": 2402.747590600004,
                            "children": {
                                "SubprocessEnvManager._take_step": {
                                    "total": 142.29190999996774,
                                    "count": 76939,
                                    "self": 6.934088499919426,
                                    "children": {
                                        "TorchPolicy.evaluate": {
                                            "total": 135.35782150004832,
                                            "count": 71214,
                                            "self": 33.17337370006905,
                                            "children": {
                                                "TorchPolicy.sample_actions": {
                                                    "total": 102.18444779997927,
                                                    "count": 71214,
                                                    "self": 102.18444779997927
                                                }
                                            }
                                        }
                                    }
                                },
                                "workers": {
                                    "total": 1.4667642000615349,
                                    "count": 76938,
                                    "self": 0.0,
                                    "children": {
                                        "worker_root": {
                                            "total": 3075.8951613000413,
                                            "count": 76938,