{
    "name": "root",
    "metadata": {
        "timer_format_version": "0.1.0",
        "start_time_seconds": "1729080361",
        "python_version": "3.8.10 (tags/v3.8.10:3d8993a, May  3 2021, 11:48:03) [MSC v.1928 64 bit (AMD64)]",
        "command_line_arguments": "C:\\Users\\User\\Desktop\\Tank-Game-AI\\venv\\Scripts\\mlagents-learn results/Gen19/configuration.yaml --initialize-from=Gen19 --run-id=Gen19b",
        "mlagents_version": "0.29.0",
        "mlagents_envs_version": "0.29.0",
        "communication_protocol_version": "1.5.0",
        "pytorch_version": "2.2.2+cu121",
        "numpy_version": "1.21.2",
        "end_time_seconds": "1729080383"
    },
    "total": 22.509048200000002,
    "count": 1,
    "self": 0.009778300000000684,
    "children": {
        "run_training.setup": {
            "total": 0.0950943999999998,
            "count": 1,
            "self": 0.0950943999999998
        },
        "TrainerController.start_learning": {
            "total": 22.4041755,
            "count": 1,
            "self": 0.004409899999995304,
            "children": {
                "TrainerController._reset_env": {
                    "total": 14.407884200000002,
                    "count": 1,
                    "self": 13.186741000000003,
                    "children": {
                        "demo_to_buffer": {
                            "total": 1.2211431999999984,
                            "count": 2,
                            "self": 0.00013889999999250335,
                            "children": {
                                "load_demonstration": {
                                    "total": 0.019758700000004126,
                                    "count": 2,
                                    "self": 0.017179400000003398,
                                    "children": {
                                        "read_file": {
                                            "total": 0.0025793000000007282,
                                            "count": 2,
                                            "self": 0.0025793000000007282
                                        }
                                    }
                                },
                                "make_demo_buffer": {
                                    "total": 1.2012456000000018,
                                    "count": 2,
                                    "self": 0.19653089999971307,
                                    "children": {
                                        "steps_from_proto": {
                                            "total": 1.0047147000002887,
                                            "count": 4892,
                                            "self": 0.6486806000000644,
                                            "children": {
                                                "_process_rank_one_or_two_observation": {
                                                    "total": 0.3560341000002243,
                                                    "count": 9784,
                                                    "self": 0.3560341000002243
                                                }
                                            }
                                        }
                                    }
                                }
                            }
                        }
                    }
                },
                "TrainerController.advance": {
                    "total": 7.782838300000005,
                    "count": 41,
                    "self": 0.0006204999999965821,
                    "children": {
                        "env_step": {
                            "total": 7.782217800000009,
                            "count": 41,
                            "self": 7.639999300000007,
                            "children": {
                                "SubprocessEnvManager._take_step": {
                                    "total": 0.1416483000000035,
                                    "count": 41,
                                    "self": 0.0037952000000096575,
                                    "children": {
                                        "TorchPolicy.evaluate": {
                                            "total": 0.13785309999999384,
                                            "count": 41,
                                            "self": 0.02279249999999422,
                                            "children": {
                                                "TorchPolicy.sample_actions": {
                                                    "total": 0.11506059999999962,
                                                    "count": 41,
                                                    "self": 0.11506059999999962
                                                }
                                            }
                                        }
                                    }
                                },
                                "workers": {
                                    "total": 0.0005701999999985219,
                                    "count": 40,
                                    "self": 0.0,
                                    "children": {
                                        "worker_root": {
                                            "total": 4.947883999999993,
                                            "count": 40,
                                            "is_parallel": true,
                                            "self": 3.0175338999999894,
                                            "children": {
                                                "steps_from_proto": {
                                                    "total": 0.014350499999999045,
                                                    "count": 1,
                                                    "is_parallel": true,
                                                    "self": 0.0014216999999980828,
                                                    "children": {
                                                        "_process_rank_one_or_two_observation": {
                                                            "total": 0.012928800000000962,
                                                            "count": 2,
                                                            "is_parallel": true,
                                                            "self": 0.012928800000000962
                                                        }
                                                    }
                                                },
                                                "UnityEnvironment.step": {
                                                    "total": 1.9159996000000046,
                                                    "count": 40,
                                                    "is_parallel": true,
                                                    "self": 0.016701999999998662,
                                                    "children": {
                                                        "UnityEnvironment._generate_step_input": {
                                                            "total": 0.022979300000002922,
                                                            "count": 40,
                                                            "is_parallel": true,
                                                            "self": 0.022979300000002922
                                                        },
                                                        "communicator.exchange": {
                                                            "total": 1.8283954999999956,
                                                            "count": 40,
                                                            "is_parallel": true,