{
    "name": "root",
    "metadata": {
        "timer_format_version": "0.1.0",
        "start_time_seconds": "1731382932",
        "python_version": "3.8.10 (tags/v3.8.10:3d8993a, May  3 2021, 11:48:03) [MSC v.1928 64 bit (AMD64)]",
        "command_line_arguments": "C:\\Users\\User\\Desktop\\Tank-Game-AI\\venv\\Scripts\\mlagents-learn results/Gen35/configuration.yaml --resume",
        "mlagents_version": "0.29.0",
        "mlagents_envs_version": "0.29.0",
        "communication_protocol_version": "1.5.0",
        "pytorch_version": "2.2.2+cu121",
        "numpy_version": "1.21.2",
        "end_time_seconds": "1731382966"
    },
    "total": 33.303059499999996,
    "count": 1,
    "self": 0.011011699999990299,
    "children": {
        "run_training.setup": {
            "total": 0.0823018000000002,
            "count": 1,
            "self": 0.0823018000000002
        },
        "TrainerController.start_learning": {
            "total": 33.209746,
            "count": 1,
            "self": 0.019424100000009048,
            "children": {
                "TrainerController._reset_env": {
                    "total": 9.4864281,
                    "count": 1,
                    "self": 9.128587499999998,
                    "children": {
                        "demo_to_buffer": {
                            "total": 0.3578406000000012,
                            "count": 2,
                            "self": 0.00010410000000327102,
                            "children": {
                                "load_demonstration": {
                                    "total": 0.006891599999999443,
                                    "count": 2,
                                    "self": 0.006757299999998523,
                                    "children": {
                                        "read_file": {
                                            "total": 0.0001343000000009198,
                                            "count": 2,
                                            "self": 0.0001343000000009198
                                        }
                                    }
                                },
                                "make_demo_buffer": {
                                    "total": 0.35084489999999846,
                                    "count": 2,
                                    "self": 0.06191290000000649,
                                    "children": {
                                        "steps_from_proto": {
                                            "total": 0.288931999999992,
                                            "count": 2248,
                                            "self": 0.20925369999999432,
                                            "children": {
                                                "_process_rank_one_or_two_observation": {
                                                    "total": 0.07967829999999765,
                                                    "count": 4496,
                                                    "self": 0.07967829999999765
                                                }
                                            }
                                        }
                                    }
                                }
                            }
                        }
                    }
                },
                "TrainerController.advance": {
                    "total": 23.546723499999988,
                    "count": 149,
                    "self": 0.003896599999990258,
                    "children": {
                        "env_step": {
                            "total": 23.542826899999998,
                            "count": 149,
                            "self": 23.30580440000001,
                            "children": {
                                "SubprocessEnvManager._take_step": {
                                    "total": 0.23510189999999298,
                                    "count": 149,
                                    "self": 0.009416300000017586,
                                    "children": {
                                        "TorchPolicy.evaluate": {
                                            "total": 0.2256855999999754,
                                            "count": 134,
                                            "self": 0.05582259999996708,
                                            "children": {
                                                "TorchPolicy.sample_actions": {
                                                    "total": 0.1698630000000083,
                                                    "count": 134,
                                                    "self": 0.1698630000000083
                                                }
                                            }
                                        }
                                    }
                                },
                                "workers": {
                                    "total": 0.001920599999994721,
                                    "count": 148,
                                    "self": 0.0,
                                    "children": {
                                        "worker_root": {
                                            "total": 19.56710739999998,
                                            "count": 148,
                                            "is_parallel": true,
                                            "self": 2.0823985999999657,
                                            "children": {
                                                "steps_from_proto": {
                                                    "total": 0.0008986000000001937,
                                                    "count": 1,
                                                    "is_parallel": true,
                                                    "self": 0.0004346000000010619,
                                                    "children": {
                                                        "_process_rank_one_or_two_observation": {
                                                            "total": 0.0004639999999991318,
                                                            "count": 2,
                                                            "is_parallel": true,
                                                            "self": 0.0004639999999991318
                                                        }
                                                    }
                                                },
                                                "UnityEnvironment.step": {
                                                    "total": 17.483810200000015,
                                                    "count": 148,
                                                    "is_parallel": true,
                                                    "self": 0.022078100000001655,
                                                    "children": {
                                                        "UnityEnvironment._generate_step_input": {
                                                            "total": 0.034207599999996674,
                                                            "count": 148,
                                                            "is_parallel": true,
                                                            "self": 0.034207599999996674
                                                        },
                                                        "communicator.exchange": {
                                                            "total": 17.366163300000018,
                                                            "count": 148,
                                                            "is_parallel": true,