{
    "name": "root",
    "gauges": {
        "TankBehavior.Policy.Entropy.mean": {
            "value": 2.1070709228515625,
            "min": 2.1070709228515625,
            "max": 2.1070709228515625,
            "count": 1
        },
        "TankBehavior.Policy.Entropy.sum": {
            "value": 105479.96875,
            "min": 105479.96875,
            "max": 105479.96875,
            "count": 1
        },
        "TankBehavior.Step.mean": {
            "value": 49979.0,
            "min": 49979.0,
            "max": 49979.0,
            "count": 1
        },
        "TankBehavior.Step.sum": {
            "value": 49979.0,
            "min": 49979.0,
            "max": 49979.0,
            "count": 1
        },
        "TankBehavior.Policy.ExtrinsicValueEstimate.mean": {
            "value": -1.962690830230713,
            "min": -1.962690830230713,
            "max": -1.962690830230713,
            "count": 1
        },
        "TankBehavior.Policy.ExtrinsicValueEstimate.sum": {
            "value": -1591.7423095703125,
            "min": -1591.7423095703125,
            "max": -1591.7423095703125,
            "count": 1
        },
        "TankBehavior.Environment.EpisodeLength.mean": {
            "value": 728.7164179104477,
            "min": 728.7164179104477,
            "max": 728.7164179104477,
            "count": 1
        },
        "TankBehavior.Environment.EpisodeLength.sum": {
            "value": 48824.0,
            "min": 48824.0,
            "max": 48824.0,
            "count": 1
        },
        "TankBehavior.Environment.CumulativeReward.mean": {
            "value": -81.77611940298507,
            "min": -81.77611940298507,
            "max": -81.77611940298507,
            "count": 1
        },
        "TankBehavior.Environment.CumulativeReward.sum": {
            "value": -5479.0,
            "min": -5479.0,
            "max": -5479.0,
            "count": 1
        },
        "TankBehavior.Policy.ExtrinsicReward.mean": {
            "value": -81.77611940298507,
            "min": -81.77611940298507,
            "max": -81.77611940298507,
            "count": 1
        },
        "TankBehavior.Policy.ExtrinsicReward.sum": {
            "value": -5479.0,
            "min": -5479.0,
            "max": -5479.0,
            "count": 1
        },
        "TankBehavior.Losses.PolicyLoss.mean": {
            "value": 0.022176745671701307,
            "min": 0.022176745671701307,
            "max": 0.022176745671701307,
            "count": 1
        },
        "TankBehavior.Losses.PolicyLoss.sum": {
            "value": 0.08870698268680523,
            "min": 0.08870698268680523,
            "max": 0.08870698268680523,
            "count": 1
        },
        "TankBehavior.Losses.ValueLoss.mean": {
            "value": 1.4123428280154864,
            "min": 1.4123428280154864,
            "max": 1.4123428280154864,
            "count": 1
        },
        "TankBehavior.Losses.ValueLoss.sum": {
            "value": 5.6493713120619455,
            "min": 5.6493713120619455,
            "max": 5.6493713120619455,
            "count": 1
        },
        "TankBehavior.Policy.LearningRate.mean": {
            "value": 0.00028459980513339996,
            "min": 0.00028459980513339996,
            "max": 0.00028459980513339996,
            "count": 1
        },
        "TankBehavior.Policy.LearningRate.sum": {
            "value": 0.0011383992205335999,
            "min": 0.0011383992205335999,
            "max": 0.0011383992205335999,
            "count": 1
        },
        "TankBehavior.Policy.Epsilon.mean": {
            "value": 0.1948666,
            "min": 0.1948666,
            "max": 0.1948666,
            "count": 1
        },
        "TankBehavior.Policy.Epsilon.sum": {
            "value": 0.7794664,
            "min": 0.7794664,
            "max": 0.7794664,
            "count": 1
        },
        "TankBehavior.Policy.Beta.mean": {
            "value": 0.00474384334,
            "min": 0.00474384334,
            "max": 0.00474384334,
            "count": 1
        },
        "TankBehavior.Policy.Beta.sum": {
            "value": 0.01897537336,
            "min": 0.01897537336,
            "max": 0.01897537336,
            "count": 1
        },
        "TankBehavior.IsTraining.mean": {
            "value": 1.0,
            "min": 1.0,
            "max": 1.0,
            "count": 1
        },
        "TankBehavior.IsTraining.sum": {
            "value": 1.0,
            "min": 1.0,
            "max": 1.0,
            "count": 1
        }
    },
    "metadata": {
        "timer_format_version": "0.1.0",
        "start_time_seconds": "1727836793",
        "python_version": "3.8.10 (tags/v3.8.10:3d8993a, May  3 2021, 11:48:03) [MSC v.1928 64 bit (AMD64)]",
        "command_line_arguments": "C:\\Users\\User\\Desktop\\Tank-Game-AI\\venv\\Scripts\\mlagents-learn --run-id=Test3",
        "mlagents_version": "0.29.0",
        "mlagents_envs_version": "0.29.0",
        "communication_protocol_version": "1.5.0",
        "pytorch_version": "2.2.2+cu121",
        "numpy_version": "1.21.2",
        "end_time_seconds": "1727837367"
    },
    "total": 574.0988764,
    "count": 1,
    "self": 0.009911199999919518,
    "children": {
        "run_training.setup": {
            "total": 0.0507597999999998,
            "count": 1,
            "self": 0.0507597999999998
        },
        "TrainerController.start_learning": {
            "total": 574.0382054,
            "count": 1,
            "self": 0.7561845999981642,
            "children": {
                "TrainerController._reset_env": {
                    "total": 10.870163999999999,
                    "count": 1,
                    "self": 10.870163999999999
                },
                "TrainerController.advance": {
                    "total": 562.2418069000018,
                    "count": 28914,
                    "self": 0.6552670000022545,
                    "children": {
                        "env_step": {
                            "total": 543.6429950999964,
                            "count": 28914,
                            "self": 489.25976280000026,
                            "children": {
                                "SubprocessEnvManager._take_step": {
                                    "total": 53.86620149999783,
                                    "count": 28914,
                                    "self": 2.317733499993423,
                                    "children": {
                                        "TorchPolicy.evaluate": {
                                            "total": 51.548468000004405,
                                            "count": 28841,
                                            "self": 14.09915250000433,
                                            "children": {
                                                "TorchPolicy.sample_actions": {
                                                    "total": 37.449315500000075,
                                                    "count": 28841,
                                                    "self": 37.449315500000075
                                                }
                                            }
                                        }
                                    }
                                },
                                "workers": {
                                    "total": 0.5170307999982953,
                                    "count": 28913,
                                    "self": 0.0,
                                    "children": {
                                        "worker_root": {
                                            "total": 556.5797226999983,
                                            "count": 28913,
                                            "is_parallel": true,
                                            "self": 114.89549670000207,