{
    "name": "root",
    "gauges": {
        "TankBehavior.Policy.Entropy.mean": {
            "value": 1.4451713562011719,
            "min": 1.4451713562011719,
            "max": 2.0772082805633545,
            "count": 10
        },
        "TankBehavior.Policy.Entropy.sum": {
            "value": 72310.59375,
            "min": 72310.59375,
            "max": 103955.9609375,
            "count": 10
        },
        "TankBehavior.Step.mean": {
            "value": 499995.0,
            "min": 49948.0,
            "max": 499995.0,
            "count": 10
        },
        "TankBehavior.Step.sum": {
            "value": 499995.0,
            "min": 49948.0,
            "max": 499995.0,
            "count": 10
        },
        "TankBehavior.Policy.ExtrinsicValueEstimate.mean": {
            "value": -1.5670241117477417,
            "min": -7.520673751831055,
            "max": -1.5670241117477417,
            "count": 10
        },
        "TankBehavior.Policy.ExtrinsicValueEstimate.sum": {
            "value": -1371.1461181640625,
            "min": -6136.86962890625,
            "max": -1371.1461181640625,
            "count": 10
        },
        "TankBehavior.Environment.EpisodeLength.mean": {
            "value": 257.78125,
            "min": 186.16349809885932,
            "max": 762.2727272727273,
            "count": 10
        },
        "TankBehavior.Environment.EpisodeLength.sum": {
            "value": 49494.0,
            "min": 48961.0,
            "max": 50667.0,
            "count": 10
        },
        "TankBehavior.Environment.CumulativeReward.mean": {
            "value": -3.578125,
            "min": -70.07575757575758,
            "max": -3.578125,
            "count": 10
        },
        "TankBehavior.Environment.CumulativeReward.sum": {
            "value": -687.0,
            "min": -4756.0,
            "max": -687.0,
            "count": 10
        },
        "TankBehavior.Policy.ExtrinsicReward.mean": {
            "value": -3.578125,
            "min": -70.07575757575758,
            "max": -3.578125,
            "count": 10
        },
        "TankBehavior.Policy.ExtrinsicReward.sum": {
            "value": -687.0,
            "min": -4756.0,
            "max": -687.0,
            "count": 10
        },
        "TankBehavior.Losses.PolicyLoss.mean": {
            "value": 0.024523263136288737,
            "min": 0.021896675869259828,
            "max": 0.024945348086960924,
            "count": 10
        },
        "TankBehavior.Losses.PolicyLoss.sum": {
            "value": 0.12261631568144368,
            "min": 0.0933408112046891,
            "max": 0.12391347132991844,
            "count": 10
        },
        "TankBehavior.Losses.ValueLoss.mean": {
            "value": 0.11700610135992369,
            "min": 0.11700610135992369,
            "max": 0.8146494860450426,
            "count": 10
        },
        "TankBehavior.Losses.ValueLoss.sum": {
            "value": 0.5850305067996184,
            "min": 0.5850305067996184,
            "max": 3.2585979441801705,
            "count": 10
        },
        "TankBehavior.Policy.LearningRate.mean": {
            "value": 1.650585449808e-05,
            "min": 1.650585449808e-05,
            "max": 0.00028457595514135004,
            "count": 10
        },
        "TankBehavior.Policy.LearningRate.sum": {
            "value": 8.252927249039999e-05,
            "min": 8.252927249039999e-05,
            "max": 0.0012842028719324,
            "count": 10
        },
        "TankBehavior.Policy.Epsilon.mean": {
            "value": 0.10550192000000003,
            "min": 0.10550192000000003,
            "max": 0.19485865,
            "count": 10
        },
        "TankBehavior.Policy.Epsilon.sum": {
            "value": 0.5275096000000001,
            "min": 0.5000954000000001,
            "max": 0.9280676,
            "count": 10
        },
        "TankBehavior.Policy.Beta.mean": {
            "value": 0.00028454580800000006,
            "min": 0.00028454580800000006,
            "max": 0.004743446635,
            "count": 10
        },
        "TankBehavior.Policy.Beta.sum": {
            "value": 0.0014227290400000002,
            "min": 0.0014227290400000002,
            "max": 0.02141057324,
            "count": 10
        },
        "TankBehavior.IsTraining.mean": {
            "value": 1.0,
            "min": 1.0,
            "max": 1.0,
            "count": 10
        },
        "TankBehavior.IsTraining.sum": {
            "value": 1.0,
            "min": 1.0,
            "max": 1.0,
            "count": 10
        }
    },
    "metadata": {
        "timer_format_version": "0.1.0",
        "start_time_seconds": "1727841850",
        "python_version": "3.8.10 (tags/v3.8.10:3d8993a, May  3 2021, 11:48:03) [MSC v.1928 64 bit (AMD64)]",
        "command_line_arguments": "C:\\Users\\User\\Desktop\\Tank-Game-AI\\venv\\Scripts\\mlagents-learn results/Test3/configuration.yaml --initialize-from=Test3 --run-id=Test3.5",
        "mlagents_version": "0.29.0",
        "mlagents_envs_version": "0.29.0",
        "communication_protocol_version": "1.5.0",
        "pytorch_version": "2.2.2+cu121",
        "numpy_version": "1.21.2",
        "end_time_seconds": "1727846530"
    },
    "total": 4679.6013766999995,
    "count": 1,
    "self": 0.008680599999934202,
    "children": {
        "run_training.setup": {
            "total": 0.13242360000000009,
            "count": 1,
            "self": 0.13242360000000009
        },
        "TrainerController.start_learning": {
            "total": 4679.4602724999995,
            "count": 1,
            "self": 6.401050199992824,
            "children": {
                "TrainerController._reset_env": {
                    "total": 12.0974751,
                    "count": 1,
                    "self": 12.0974751
                },
                "TrainerController.advance": {
                    "total": 4660.8892623000065,
                    "count": 251357,
                    "self": 5.568047899901103,
                    "children": {
                        "env_step": {
                            "total": 4493.243392200103,
                            "count": 251357,
                            "self": 4035.197038300065,
                            "children": {
                                "SubprocessEnvManager._take_step": {
                                    "total": 453.3881316000436,
                                    "count": 251357,
                                    "self": 18.96156259996792,
                                    "children": {
                                        "TorchPolicy.evaluate": {
                                            "total": 434.4265690000757,
                                            "count": 250053,
                                            "self": 119.9047206000547,
                                            "children": {
                                                "TorchPolicy.sample_actions": {
                                                    "total": 314.521848400021,
                                                    "count": 250053,
                                                    "self": 314.521848400021
                                                }
                                            }
                                        }
                                    }
                                },
                                "workers": {
                                    "total": 4.658222299994508,
                                    "count": 251357,
                                    "self": 0.0,
                                    "children": {
                                        "worker_root": {
                                            "total": 4657.691106800135,
                                            "count": 251357,
                                            "is_parallel": true,