{
    "name": "root",
    "gauges": {
        "TankBehavior.Policy.Entropy.mean": {
            "value": 1.1562389135360718,
            "min": 1.1562389135360718,
            "max": 1.8774172067642212,
            "count": 72
        },
        "TankBehavior.Policy.Entropy.sum": {
            "value": 57754.1328125,
            "min": 28380.677734375,
            "max": 93683.1171875,
            "count": 72
        },
        "TankBehavior.Environment.EpisodeLength.mean": {
            "value": 357.9117647058824,
            "min": 104.71232876712328,
            "max": 933.574074074074,
            "count": 72
        },
        "TankBehavior.Environment.EpisodeLength.sum": {
            "value": 48676.0,
            "min": 7644.0,
            "max": 52231.0,
            "count": 72
        },
        "TankBehavior.Step.mean": {
            "value": 4399981.0,
            "min": 849997.0,
            "max": 4399981.0,
            "count": 72
        },
        "TankBehavior.Step.sum": {
            "value": 4399981.0,
            "min": 849997.0,
            "max": 4399981.0,
            "count": 72
        },
        "TankBehavior.Policy.ExtrinsicValueEstimate.mean": {
            "value": -0.2711597979068756,
            "min": -34.00572967529297,
            "max": 40.0101432800293,
            "count": 72
        },
        "TankBehavior.Policy.ExtrinsicValueEstimate.sum": {
            "value": -230.48583984375,
            "min": -28122.310546875,
            "max": 14958.927734375,
            "count": 72
        },
        "TankBehavior.Policy.GailValueEstimate.mean": {
            "value": 0.001702689565718174,
            "min": -0.04658321291208267,
            "max": 3.2612521648406982,
            "count": 72
        },
        "TankBehavior.Policy.GailValueEstimate.sum": {
            "value": 1.4472861289978027,
            "min": -39.68889617919922,
            "max": 2654.6591796875,
            "count": 72
        },
        "TankBehavior.Environment.CumulativeReward.mean": {
            "value": -0.9073143798501834,
            "min": -464.5087102420145,
            "max": -0.6654634722057851,
            "count": 72
        },
        "TankBehavior.Environment.CumulativeReward.sum": {
            "value": -123.39475565962493,
            "min": -25709.35832311958,
            "max": -103.14683819189668,
            "count": 72
        },
        "TankBehavior.Policy.ExtrinsicReward.mean": {
            "value": -0.7258515194578863,
            "min": -371.6069726674921,
            "max": -0.532370776478802,
            "count": 72
        },
        "TankBehavior.Policy.ExtrinsicReward.sum": {
            "value": -98.71580664627254,
            "min": -20567.48688685149,
            "max": -82.51747035421431,
            "count": 72
        },
        "TankBehavior.Policy.GailReward.mean": {
            "value": 0.17107180039301728,
            "min": 0.13183248882870297,
            "max": 22.427594728009016,
            "count": 72
        },
        "TankBehavior.Policy.GailReward.sum": {
            "value": 23.26576485345035,
            "min": 19.53022217317242,
            "max": 1450.1486417781562,
            "count": 72
        },
        "TankBehavior.Losses.PolicyLoss.mean": {
            "value": 0.024230857852380723,
            "min": 0.020456306458060375,
            "max": 0.0274287797898675,
            "count": 72
        },
        "TankBehavior.Losses.PolicyLoss.sum": {
            "value": 0.12115428926190362,
            "min": 0.0274287797898675,
            "max": 0.13510392578173197,
            "count": 72
        },
        "TankBehavior.Losses.ValueLoss.mean": {
            "value": 0.11075367746253809,
            "min": 0.11075367746253809,
            "max": 49.65833560943604,
            "count": 72
        },
        "TankBehavior.Losses.ValueLoss.sum": {
            "value": 0.5537683873126904,
            "min": 0.5537683873126904,
            "max": 248.2916780471802,
            "count": 72
        },
        "TankBehavior.Policy.LearningRate.mean": {
            "value": 3.771221142929201e-05,
            "min": 3.771221142929201e-05,
            "max": 0.00024941749686083995,
            "count": 72
        },
        "TankBehavior.Policy.LearningRate.sum": {
            "value": 0.00018856105714646005,
            "min": 0.00016192786602416001,
            "max": 0.0012376956874347999,
            "count": 72
        },
        "TankBehavior.Policy.Epsilon.mean": {
            "value": 0.11257070800000002,
            "min": 0.11257070800000002,
            "max": 0.18313915999999994,
            "count": 72
        },
        "TankBehavior.Policy.Epsilon.sum": {
            "value": 0.5628535400000001,
            "min": 0.18313915999999994,
            "max": 0.9125652000000001,
            "count": 72
        },
        "TankBehavior.Policy.Beta.mean": {
            "value": 0.0006372783292000002,
            "min": 0.0006372783292000002,
            "max": 0.004158644084000001,
            "count": 72
        },
        "TankBehavior.Policy.Beta.sum": {
            "value": 0.0031863916460000007,
            "min": 0.0027333944159999997,
            "max": 0.02063700348000001,
            "count": 72
        },
        "TankBehavior.Policy.GAILPolicyEstimate.mean": {
            "value": 0.0004561344882434545,
            "min": 0.000377480691713572,
            "max": 0.04516344238072634,
            "count": 72
        },
        "TankBehavior.Policy.GAILPolicyEstimate.sum": {
            "value": 0.0022806724412172724,
            "min": 0.001509922766854288,
            "max": 0.1569633439804117,
            "count": 72
        },
        "TankBehavior.Policy.GAILExpertEstimate.mean": {
            "value": 0.9999357302983602,
            "min": 0.9792786459128062,
            "max": 0.999944372177124,
            "count": 72
        },
        "TankBehavior.Policy.GAILExpertEstimate.sum": {
            "value": 4.999678651491801,
            "min": 0.9792786459128062,
            "max": 4.99972186088562,
            "count": 72
        },
        "TankBehavior.Losses.GAILLoss.mean": {
            "value": 0.0005463435478547278,
            "min": 0.000505933781338778,
            "max": 0.06970067881047726,
            "count": 72
        },
        "TankBehavior.Losses.GAILLoss.sum": {
            "value": 0.0027317177392736387,
            "min": 0.002023735125355112,
            "max": 0.26101426693300406,
            "count": 72
        },
        "TankBehavior.Policy.GAILGradMagLoss.mean": {
            "value": 0.0013246618673050155,
            "min": 0.0012429964763578025,
            "max": 0.1566271724800269,
            "count": 72
        },
        "TankBehavior.Policy.GAILGradMagLoss.sum": {
            "value": 0.006623309336525078,
            "min": 0.005322573392186314,
            "max": 0.3970867615193129,
            "count": 72
        },
        "TankBehavior.Losses.PretrainingLoss.mean": {
            "value": 0.8266165309482151,
            "min": 0.8266165309482151,
            "max": 3.3231568336486816,
            "count": 72
        },
        "TankBehavior.Losses.PretrainingLoss.sum": {
            "value": 4.1330826547410755,
            "min": 3.3231568336486816,
            "max": 9.62614095211029,
            "count": 72
        },
        "TankBehavior.IsTraining.mean": {
            "value": 1.0,
            "min": 1.0,
            "max": 1.0,
            "count": 72
        },
        "TankBehavior.IsTraining.sum": {
            "value": 1.0,
            "min": 1.0,
            "max": 1.0,
            "count": 72
        }
    },
    "metadata": {
        "timer_format_version": "0.1.0",
        "start_time_seconds": "1728564857",
        "python_version": "3.8.10 (tags/v3.8.10:3d8993a, May  3 2021, 11:48:03) [MSC v.1928 64 bit (AMD64)]",