{
    "name": "root",
    "gauges": {
        "TankBehavior.Policy.Entropy.mean": {
            "value": 1.8896373510360718,
            "min": 1.5161482095718384,
            "max": 1.945579171180725,
            "count": 19
        },
        "TankBehavior.Policy.Entropy.sum": {
            "value": 94576.3515625,
            "min": 76830.8125,
            "max": 97210.9765625,
            "count": 19
        },
        "TankBehavior.Environment.EpisodeLength.mean": {
            "value": 797.1290322580645,
            "min": 187.39224137931035,
            "max": 797.1290322580645,
            "count": 19
        },
        "TankBehavior.Environment.EpisodeLength.sum": {
            "value": 49422.0,
            "min": 41260.0,
            "max": 52410.0,
            "count": 19
        },
        "TankBehavior.Step.mean": {
            "value": 949981.0,
            "min": 49979.0,
            "max": 949981.0,
            "count": 19
        },
        "TankBehavior.Step.sum": {
            "value": 949981.0,
            "min": 49979.0,
            "max": 949981.0,
            "count": 19
        },
        "TankBehavior.Policy.ExtrinsicValueEstimate.mean": {
            "value": -0.29846370220184326,
            "min": -2.9534363746643066,
            "max": 29.926448822021484,
            "count": 19
        },
        "TankBehavior.Policy.ExtrinsicValueEstimate.sum": {
            "value": -241.15866088867188,
            "min": -2480.886474609375,
            "max": 26604.61328125,
            "count": 19
        },
        "TankBehavior.Policy.GailValueEstimate.mean": {
            "value": 0.14061300456523895,
            "min": 0.14061300456523895,
            "max": 2.2595787048339844,
            "count": 19
        },
        "TankBehavior.Policy.GailValueEstimate.sum": {
            "value": 113.61530303955078,
            "min": 113.61530303955078,
            "max": 2008.765380859375,
            "count": 19
        },
        "TankBehavior.Environment.CumulativeReward.mean": {
            "value": -17.10462303411576,
            "min": -23.40814411008358,
            "max": 15.758984803151684,
            "count": 19
        },
        "TankBehavior.Environment.CumulativeReward.sum": {
            "value": -1060.4866281151772,
            "min": -2926.0180137604475,
            "max": 3750.6383831501007,
            "count": 19
        },
        "TankBehavior.Policy.ExtrinsicReward.mean": {
            "value": -17.10462303411576,
            "min": -23.40814411008358,
            "max": 15.758984803151684,
            "count": 19
        },
        "TankBehavior.Policy.ExtrinsicReward.sum": {
            "value": -1060.4866281151772,
            "min": -2926.0180137604475,
            "max": 3750.6383831501007,
            "count": 19
        },
        "TankBehavior.Policy.GailReward.mean": {
            "value": 1.818775090591243,
            "min": 1.5948634964656583,
            "max": 8.14691242329668,
            "count": 19
        },
        "TankBehavior.Policy.GailReward.sum": {
            "value": 112.76405561665706,
            "min": 112.76405561665706,
            "max": 1890.0836822048295,
            "count": 19
        },
        "TankBehavior.Losses.PolicyLoss.mean": {
            "value": 0.023003329486430933,
            "min": 0.018791144262164987,
            "max": 0.027045714145351667,
            "count": 19
        },
        "TankBehavior.Losses.PolicyLoss.sum": {
            "value": 0.11501664743215467,
            "min": 0.07516457704865995,
            "max": 0.13522857072675834,
            "count": 19
        },
        "TankBehavior.Losses.ValueLoss.mean": {
            "value": 2.48646173371623,
            "min": 0.16013744045048953,
            "max": 21.86248655716578,
            "count": 19
        },
        "TankBehavior.Losses.ValueLoss.sum": {
            "value": 12.432308668581149,
            "min": 0.8006872022524476,
            "max": 87.44994622866312,
            "count": 19
        },
        "TankBehavior.Policy.LearningRate.mean": {
            "value": 0.000244365726544764,
            "min": 0.000244365726544764,
            "max": 0.00029843125552291494,
            "count": 19
        },
        "TankBehavior.Policy.LearningRate.sum": {
            "value": 0.0012218286327238198,
            "min": 0.0010139550020150199,
            "max": 0.0014782935672354796,
            "count": 19
        },
        "TankBehavior.Policy.Epsilon.mean": {
            "value": 0.18145523600000005,
            "min": 0.18145523600000005,
            "max": 0.199477085,
            "count": 19
        },
        "TankBehavior.Policy.Epsilon.sum": {
            "value": 0.9072761800000002,
            "min": 0.7379849800000002,
            "max": 0.99276452,
            "count": 19
        },
        "TankBehavior.Policy.Beta.mean": {
            "value": 0.004074616276400001,
            "min": 0.004074616276400001,
            "max": 0.004973906541500001,
            "count": 19
        },
        "TankBehavior.Policy.Beta.sum": {
            "value": 0.020373081382000002,
            "min": 0.016905450502,
            "max": 0.024638949548,
            "count": 19
        },
        "TankBehavior.Policy.GAILPolicyEstimate.mean": {
            "value": 0.0023876986963053547,
            "min": 0.0023876986963053547,
            "max": 0.041220620678116875,
            "count": 19
        },
        "TankBehavior.Policy.GAILPolicyEstimate.sum": {
            "value": 0.011938493481526773,
            "min": 0.01147490128253897,
            "max": 0.1648824827124675,
            "count": 19
        },
        "TankBehavior.Policy.GAILExpertEstimate.mean": {
            "value": 0.9987595514456432,
            "min": 0.9799615596731504,
            "max": 0.9987595514456432,
            "count": 19
        },
        "TankBehavior.Policy.GAILExpertEstimate.sum": {
            "value": 4.993797757228216,
            "min": 3.9198462386926014,
            "max": 4.993797757228216,
            "count": 19
        },
        "TankBehavior.Losses.GAILLoss.mean": {
            "value": 0.003816405030277868,
            "min": 0.003816405030277868,
            "max": 0.06459485276912649,
            "count": 19
        },
        "TankBehavior.Losses.GAILLoss.sum": {
            "value": 0.01908202515138934,
            "min": 0.01908202515138934,
            "max": 0.25837941107650597,
            "count": 19
        },
        "TankBehavior.Policy.GAILGradMagLoss.mean": {
            "value": 0.008859468347703417,
            "min": 0.008859468347703417,
            "max": 0.1148494778200984,
            "count": 19
        },
        "TankBehavior.Policy.GAILGradMagLoss.sum": {
            "value": 0.044297341738517085,
            "min": 0.044297341738517085,
            "max": 0.4593979112803936,
            "count": 19
        },
        "TankBehavior.IsTraining.mean": {
            "value": 1.0,
            "min": 1.0,
            "max": 1.0,
            "count": 19
        },
        "TankBehavior.IsTraining.sum": {
            "value": 1.0,
            "min": 1.0,
            "max": 1.0,
            "count": 19
        }
    },
    "metadata": {
        "timer_format_version": "0.1.0",
        "start_time_seconds": "1728538917",
        "python_version": "3.8.10 (tags/v3.8.10:3d8993a, May  3 2021, 11:48:03) [MSC v.1928 64 bit (AMD64)]",
        "command_line_arguments": "C:\\Users\\User\\Desktop\\Tank-Game-AI\\venv\\Scripts\\mlagents-learn results/Gen14-RCL-2/configuration.yaml --initialize-from=Gen14-RCL-2 --run-id=Gen14-MVT",
        "mlagents_version": "0.29.0",
        "mlagents_envs_version": "0.29.0",
        "communication_protocol_version": "1.5.0",
        "pytorch_version": "2.2.2+cu121",
        "numpy_version": "1.21.2",
        "end_time_seconds": "1728541794"
    },
    "total": 2876.6536035,
    "count": 1,
    "self": 0.015038800000183983,