{
    "name": "root",
    "gauges": {
        "TankBehavior.Policy.Entropy.mean": {
            "value": 1.4580225944519043,
            "min": 1.4505115747451782,
            "max": 1.924888014793396,
            "count": 25
        },
        "TankBehavior.Policy.Entropy.sum": {
            "value": 72718.875,
            "min": 28272.587890625,
            "max": 96196.28125,
            "count": 25
        },
        "TankBehavior.Environment.EpisodeLength.mean": {
            "value": 424.87068965517244,
            "min": 108.34285714285714,
            "max": 893.8571428571429,
            "count": 25
        },
        "TankBehavior.Environment.EpisodeLength.sum": {
            "value": 49285.0,
            "min": 7584.0,
            "max": 51809.0,
            "count": 25
        },
        "TankBehavior.Step.mean": {
            "value": 2049975.0,
            "min": 849998.0,
            "max": 2049975.0,
            "count": 25
        },
        "TankBehavior.Step.sum": {
            "value": 2049975.0,
            "min": 849998.0,
            "max": 2049975.0,
            "count": 25
        },
        "TankBehavior.Policy.ExtrinsicValueEstimate.mean": {
            "value": -0.19238899648189545,
            "min": -29.916519165039062,
            "max": 39.93092346191406,
            "count": 25
        },
        "TankBehavior.Policy.ExtrinsicValueEstimate.sum": {
            "value": -161.22198486328125,
            "min": -24411.87890625,
            "max": 15711.0234375,
            "count": 25
        },
        "TankBehavior.Policy.GailValueEstimate.mean": {
            "value": 0.21169960498809814,
            "min": 0.1885017305612564,
            "max": 3.1940383911132812,
            "count": 25
        },
        "TankBehavior.Policy.GailValueEstimate.sum": {
            "value": 177.40426635742188,
            "min": 156.6449432373047,
            "max": 2628.693603515625,
            "count": 25
        },
        "TankBehavior.Environment.CumulativeReward.mean": {
            "value": -1.2443423289966224,
            "min": -555.5433290637365,
            "max": -1.2443423289966224,
            "count": 25
        },
        "TankBehavior.Environment.CumulativeReward.sum": {
            "value": -144.3437101636082,
            "min": -31110.42642756924,
            "max": -117.57230279222131,
            "count": 25
        },
        "TankBehavior.Policy.ExtrinsicReward.mean": {
            "value": -0.9954738916090593,
            "min": -444.43466862746783,
            "max": -0.9954738916090593,
            "count": 25
        },
        "TankBehavior.Policy.ExtrinsicReward.sum": {
            "value": -115.47497142665088,
            "min": -24888.341443138197,
            "max": -94.05784241110086,
            "count": 25
        },
        "TankBehavior.Policy.GailReward.mean": {
            "value": 1.2758345941266185,
            "min": 1.217276625514663,
            "max": 21.803280953633866,
            "count": 25
        },
        "TankBehavior.Policy.GailReward.sum": {
            "value": 147.99681291868774,
            "min": 136.33498205764226,
            "max": 1553.9590786080807,
            "count": 25
        },
        "TankBehavior.Losses.PolicyLoss.mean": {
            "value": 0.022685472562831516,
            "min": 0.021021666114684194,
            "max": 0.026597465930196146,
            "count": 25
        },
        "TankBehavior.Losses.PolicyLoss.sum": {
            "value": 0.11342736281415758,
            "min": 0.024545165027181307,
            "max": 0.13298732965098073,
            "count": 25
        },
        "TankBehavior.Losses.ValueLoss.mean": {
            "value": 0.40683768317103386,
            "min": 0.2995731837550799,
            "max": 38.525147914886475,
            "count": 25
        },
        "TankBehavior.Losses.ValueLoss.sum": {
            "value": 2.0341884158551693,
            "min": 1.35812861820062,
            "max": 192.62573957443237,
            "count": 25
        },
        "TankBehavior.Policy.LearningRate.mean": {
            "value": 0.00017835383254873605,
            "min": 0.00017835383254873605,
            "max": 0.00024941719686093997,
            "count": 25
        },
        "TankBehavior.Policy.LearningRate.sum": {
            "value": 0.0008917691627436802,
            "min": 0.00024941719686093997,
            "max": 0.0012377000674333397,
            "count": 25
        },
        "TankBehavior.Policy.Epsilon.mean": {
            "value": 0.15945126399999995,
            "min": 0.15945126399999995,
            "max": 0.18313906000000008,
            "count": 25
        },
        "TankBehavior.Policy.Epsilon.sum": {
            "value": 0.7972563199999998,
            "min": 0.18313906000000008,
            "max": 0.9125666600000001,
            "count": 25
        },
        "TankBehavior.Policy.Beta.mean": {
            "value": 0.0029766180736000005,
            "min": 0.0029766180736000005,
            "max": 0.004158639093999998,
            "count": 25
        },
        "TankBehavior.Policy.Beta.sum": {
            "value": 0.014883090368000004,
            "min": 0.004158639093999998,
            "max": 0.020637076334,
            "count": 25
        },
        "TankBehavior.Policy.GAILPolicyEstimate.mean": {
            "value": 0.00285049231024459,
            "min": 0.00285049231024459,
            "max": 0.0448663134748737,
            "count": 25
        },
        "TankBehavior.Policy.GAILPolicyEstimate.sum": {
            "value": 0.01425246155122295,
            "min": 0.01425246155122295,
            "max": 0.15762415441373984,
            "count": 25
        },
        "TankBehavior.Policy.GAILExpertEstimate.mean": {
            "value": 0.9993277013301849,
            "min": 0.9791935642560323,
            "max": 0.9993277013301849,
            "count": 25
        },
        "TankBehavior.Policy.GAILExpertEstimate.sum": {
            "value": 4.996638506650925,
            "min": 0.9791935642560323,
            "max": 4.996638506650925,
            "count": 25
        },
        "TankBehavior.Losses.GAILLoss.mean": {
            "value": 0.003702247538603842,
            "min": 0.003702247538603842,
            "max": 0.06939155521492163,
            "count": 25
        },
        "TankBehavior.Losses.GAILLoss.sum": {
            "value": 0.01851123769301921,
            "min": 0.01851123769301921,
            "max": 0.26385882770021757,
            "count": 25
        },
        "TankBehavior.Policy.GAILGradMagLoss.mean": {
            "value": 0.006486916315431396,
            "min": 0.006486916315431396,
            "max": 0.1619631603360176,
            "count": 25
        },
        "TankBehavior.Policy.GAILGradMagLoss.sum": {
            "value": 0.03243458157715698,
            "min": 0.03243458157715698,
            "max": 0.4044207998861869,
            "count": 25
        },
        "TankBehavior.Losses.PretrainingLoss.mean": {
            "value": 1.1407692670822143,
            "min": 1.1407692670822143,
            "max": 3.227033323711819,
            "count": 25
        },
        "TankBehavior.Losses.PretrainingLoss.sum": {
            "value": 5.703846335411072,
            "min": 3.227033323711819,
            "max": 9.617444237073261,
            "count": 25
        },
        "TankBehavior.IsTraining.mean": {
            "value": 1.0,
            "min": 1.0,
            "max": 1.0,
            "count": 25
        },
        "TankBehavior.IsTraining.sum": {
            "value": 1.0,
            "min": 1.0,
            "max": 1.0,
            "count": 25
        }
    },
    "metadata": {
        "timer_format_version": "0.1.0",
        "start_time_seconds": "1728541932",
        "python_version": "3.8.10 (tags/v3.8.10:3d8993a, May  3 2021, 11:48:03) [MSC v.1928 64 bit (AMD64)]",