{
    "name": "root",
    "gauges": {
        "TankBehavior.Policy.Entropy.mean": {
            "value": 1.7709217071533203,
            "min": 1.613237738609314,
            "max": 1.9217133522033691,
            "count": 51
        },
        "TankBehavior.Policy.Entropy.sum": {
            "value": 88501.8125,
            "min": 30127.21484375,
            "max": 95845.453125,
            "count": 51
        },
        "TankBehavior.Environment.EpisodeLength.mean": {
            "value": 954.0185185185185,
            "min": 118.07058823529412,
            "max": 999.0,
            "count": 51
        },
        "TankBehavior.Environment.EpisodeLength.sum": {
            "value": 51517.0,
            "min": 10036.0,
            "max": 51517.0,
            "count": 51
        },
        "TankBehavior.Step.mean": {
            "value": 3349966.0,
            "min": 849969.0,
            "max": 3349966.0,
            "count": 51
        },
        "TankBehavior.Step.sum": {
            "value": 3349966.0,
            "min": 849969.0,
            "max": 3349966.0,
            "count": 51
        },
        "TankBehavior.Policy.ExtrinsicValueEstimate.mean": {
            "value": 20.344955444335938,
            "min": -15.12829303741455,
            "max": 20.344955444335938,
            "count": 51
        },
        "TankBehavior.Policy.ExtrinsicValueEstimate.sum": {
            "value": 16316.654296875,
            "min": -12269.0458984375,
            "max": 16316.654296875,
            "count": 51
        },
        "TankBehavior.Policy.GailValueEstimate.mean": {
            "value": 0.007074136286973953,
            "min": -0.07461154460906982,
            "max": 1.611948013305664,
            "count": 51
        },
        "TankBehavior.Policy.GailValueEstimate.sum": {
            "value": 5.673457145690918,
            "min": -59.9876823425293,
            "max": 1307.289794921875,
            "count": 51
        },
        "TankBehavior.Environment.CumulativeReward.mean": {
            "value": 208.83908302916421,
            "min": -183.3053603910587,
            "max": 208.83908302916421,
            "count": 51
        },
        "TankBehavior.Environment.CumulativeReward.sum": {
            "value": 11277.310483574867,
            "min": -16130.871714413166,
            "max": 11277.310483574867,
            "count": 51
        },
        "TankBehavior.Policy.ExtrinsicReward.mean": {
            "value": 208.83908302916421,
            "min": -183.3053603910587,
            "max": 208.83908302916421,
            "count": 51
        },
        "TankBehavior.Policy.ExtrinsicReward.sum": {
            "value": 11277.310483574867,
            "min": -16130.871714413166,
            "max": 11277.310483574867,
            "count": 51
        },
        "TankBehavior.Policy.GailReward.mean": {
            "value": 0.3672841186690313,
            "min": 0.3672841186690313,
            "max": 11.514464561238814,
            "count": 51
        },
        "TankBehavior.Policy.GailReward.sum": {
            "value": 19.83334240812769,
            "min": 19.6181433201898,
            "max": 1134.575605938211,
            "count": 51
        },
        "TankBehavior.Losses.PolicyLoss.mean": {
            "value": 0.024676607176079418,
            "min": 0.020712671037763357,
            "max": 0.027786212386563425,
            "count": 51
        },
        "TankBehavior.Losses.PolicyLoss.sum": {
            "value": 0.12338303588039709,
            "min": 0.022924865353464458,
            "max": 0.13893106193281712,
            "count": 51
        },
        "TankBehavior.Losses.ValueLoss.mean": {
            "value": 2.0819763429959615,
            "min": 2.0819763429959615,
            "max": 58.24450467427571,
            "count": 51
        },
        "TankBehavior.Losses.ValueLoss.sum": {
            "value": 10.409881714979807,
            "min": 5.932541227340698,
            "max": 291.22252337137854,
            "count": 51
        },
        "TankBehavior.Policy.LearningRate.mean": {
            "value": 0.00010075842641388002,
            "min": 0.00010075842641388002,
            "max": 0.0002494251168583,
            "count": 51
        },
        "TankBehavior.Policy.LearningRate.sum": {
            "value": 0.0005037921320694001,
            "min": 0.0002494251168583,
            "max": 0.00123786740737756,
            "count": 51
        },
        "TankBehavior.Policy.Epsilon.mean": {
            "value": 0.13358612,
            "min": 0.13358612,
            "max": 0.18314170000000007,
            "count": 51
        },
        "TankBehavior.Policy.Epsilon.sum": {
            "value": 0.6679306,
            "min": 0.18314170000000007,
            "max": 0.9126224399999999,
            "count": 51
        },
        "TankBehavior.Policy.Beta.mean": {
            "value": 0.0016859473879999999,
            "min": 0.0016859473879999999,
            "max": 0.004158770830000001,
            "count": 51
        },
        "TankBehavior.Policy.Beta.sum": {
            "value": 0.00842973694,
            "min": 0.004158770830000001,
            "max": 0.020639859756,
            "count": 51
        },
        "TankBehavior.Policy.GAILPolicyEstimate.mean": {
            "value": 0.00047909149288898333,
            "min": 0.00047909149288898333,
            "max": 0.03988934233784676,
            "count": 51
        },
        "TankBehavior.Policy.GAILPolicyEstimate.sum": {
            "value": 0.0023954574644449167,
            "min": 0.001990085063759276,
            "max": 0.13732313110182684,
            "count": 51
        },
        "TankBehavior.Policy.GAILExpertEstimate.mean": {
            "value": 0.9998655915260315,
            "min": 0.9811682025591533,
            "max": 0.999894034465154,
            "count": 51
        },
        "TankBehavior.Policy.GAILExpertEstimate.sum": {
            "value": 4.9993279576301575,
            "min": 0.9811682025591533,
            "max": 4.99947017232577,
            "count": 51
        },
        "TankBehavior.Losses.GAILLoss.mean": {
            "value": 0.0006571769697378234,
            "min": 0.0006517928372098443,
            "max": 0.06196502211193244,
            "count": 51
        },
        "TankBehavior.Losses.GAILLoss.sum": {
            "value": 0.003285884848689117,
            "min": 0.002813724416773766,
            "max": 0.22032124785085522,
            "count": 51
        },
        "TankBehavior.Policy.GAILGradMagLoss.mean": {
            "value": 0.001572568292419116,
            "min": 0.001572568292419116,
            "max": 0.15132296482721966,
            "count": 51
        },
        "TankBehavior.Policy.GAILGradMagLoss.sum": {
            "value": 0.00786284146209558,
            "min": 0.007059494456431518,
            "max": 0.4097215107331673,
            "count": 51
        },
        "TankBehavior.Losses.PretrainingLoss.mean": {
            "value": 1.1227464490466645,
            "min": 1.1227464490466645,
            "max": 3.4029969374338784,
            "count": 51
        },
        "TankBehavior.Losses.PretrainingLoss.sum": {
            "value": 5.613732245233323,
            "min": 3.4029969374338784,
            "max": 11.870226078563267,
            "count": 51
        },
        "TankBehavior.IsTraining.mean": {
            "value": 1.0,
            "min": 1.0,
            "max": 1.0,
            "count": 51
        },
        "TankBehavior.IsTraining.sum": {
            "value": 1.0,
            "min": 1.0,
            "max": 1.0,
            "count": 51
        }
    },
    "metadata": {
        "timer_format_version": "0.1.0",
        "start_time_seconds": "1728617764",
        "python_version": "3.8.10 (tags/v3.8.10:3d8993a, May  3 2021, 11:48:03) [MSC v.1928 64 bit (AMD64)]",
        "command_line_arguments": "C:\\Users\\User\\Desktop\\Tank-Game-AI\\venv\\Scripts\\mlagents-learn results/Gen14-MVT/configuration.yaml --resume",