{
    "name": "root",
    "gauges": {
        "TankBehavior.Policy.Entropy.mean": {
            "value": 1.613115906715393,
            "min": 1.613115906715393,
            "max": 1.613115906715393,
            "count": 1
        },
        "TankBehavior.Policy.Entropy.sum": {
            "value": 29802.31640625,
            "min": 29802.31640625,
            "max": 29802.31640625,
            "count": 1
        },
        "TankBehavior.Environment.EpisodeLength.mean": {
            "value": 113.06666666666666,
            "min": 113.06666666666666,
            "max": 113.06666666666666,
            "count": 1
        },
        "TankBehavior.Environment.EpisodeLength.sum": {
            "value": 10176.0,
            "min": 10176.0,
            "max": 10176.0,
            "count": 1
        },
        "TankBehavior.Step.mean": {
            "value": 849986.0,
            "min": 849986.0,
            "max": 849986.0,
            "count": 1
        },
        "TankBehavior.Step.sum": {
            "value": 849986.0,
            "min": 849986.0,
            "max": 849986.0,
            "count": 1
        },
        "TankBehavior.Policy.ExtrinsicValueEstimate.mean": {
            "value": 9.18245792388916,
            "min": 9.18245792388916,
            "max": 9.18245792388916,
            "count": 1
        },
        "TankBehavior.Policy.ExtrinsicValueEstimate.sum": {
            "value": 2920.021728515625,
            "min": 2920.021728515625,
            "max": 2920.021728515625,
            "count": 1
        },
        "TankBehavior.Policy.GailValueEstimate.mean": {
            "value": 0.6600682735443115,
            "min": 0.6600682735443115,
            "max": 0.6600682735443115,
            "count": 1
        },
        "TankBehavior.Policy.GailValueEstimate.sum": {
            "value": 209.90170288085938,
            "min": 209.90170288085938,
            "max": 209.90170288085938,
            "count": 1
        },
        "TankBehavior.Environment.CumulativeReward.mean": {
            "value": 17.34757420619329,
            "min": 17.34757420619329,
            "max": 17.34757420619329,
            "count": 1
        },
        "TankBehavior.Environment.CumulativeReward.sum": {
            "value": 1561.281678557396,
            "min": 1561.281678557396,
            "max": 1561.281678557396,
            "count": 1
        },
        "TankBehavior.Policy.ExtrinsicReward.mean": {
            "value": 17.34757420619329,
            "min": 17.34757420619329,
            "max": 17.34757420619329,
            "count": 1
        },
        "TankBehavior.Policy.ExtrinsicReward.sum": {
            "value": 1561.281678557396,
            "min": 1561.281678557396,
            "max": 1561.281678557396,
            "count": 1
        },
        "TankBehavior.Policy.GailReward.mean": {
            "value": 4.6585054350189035,
            "min": 4.6585054350189035,
            "max": 4.6585054350189035,
            "count": 1
        },
        "TankBehavior.Policy.GailReward.sum": {
            "value": 419.26548915170133,
            "min": 419.26548915170133,
            "max": 419.26548915170133,
            "count": 1
        },
        "TankBehavior.Losses.PolicyLoss.mean": {
            "value": 0.019219956351541136,
            "min": 0.019219956351541136,
            "max": 0.019219956351541136,
            "count": 1
        },
        "TankBehavior.Losses.PolicyLoss.sum": {
            "value": 0.019219956351541136,
            "min": 0.019219956351541136,
            "max": 0.019219956351541136,
            "count": 1
        },
        "TankBehavior.Losses.ValueLoss.mean": {
            "value": 6.257380819320678,
            "min": 6.257380819320678,
            "max": 6.257380819320678,
            "count": 1
        },
        "TankBehavior.Losses.ValueLoss.sum": {
            "value": 6.257380819320678,
            "min": 6.257380819320678,
            "max": 6.257380819320678,
            "count": 1
        },
        "TankBehavior.Policy.LearningRate.mean": {
            "value": 0.0002494266768577801,
            "min": 0.0002494266768577801,
            "max": 0.0002494266768577801,
            "count": 1
        },
        "TankBehavior.Policy.LearningRate.sum": {
            "value": 0.0002494266768577801,
            "min": 0.0002494266768577801,
            "max": 0.0002494266768577801,
            "count": 1
        },
        "TankBehavior.Policy.Epsilon.mean": {
            "value": 0.18314221999999997,
            "min": 0.18314221999999997,
            "max": 0.18314221999999997,
            "count": 1
        },
        "TankBehavior.Policy.Epsilon.sum": {
            "value": 0.18314221999999997,
            "min": 0.18314221999999997,
            "max": 0.18314221999999997,
            "count": 1
        },
        "TankBehavior.Policy.Beta.mean": {
            "value": 0.0041587967780000006,
            "min": 0.0041587967780000006,
            "max": 0.0041587967780000006,
            "count": 1
        },
        "TankBehavior.Policy.Beta.sum": {
            "value": 0.0041587967780000006,
            "min": 0.0041587967780000006,
            "max": 0.0041587967780000006,
            "count": 1
        },
        "TankBehavior.Policy.GAILPolicyEstimate.mean": {
            "value": 0.03898447491228581,
            "min": 0.03898447491228581,
            "max": 0.03898447491228581,
            "count": 1
        },
        "TankBehavior.Policy.GAILPolicyEstimate.sum": {
            "value": 0.03898447491228581,
            "min": 0.03898447491228581,
            "max": 0.03898447491228581,
            "count": 1
        },
        "TankBehavior.Policy.GAILExpertEstimate.mean": {
            "value": 0.9808110753695171,
            "min": 0.9808110753695171,
            "max": 0.9808110753695171,
            "count": 1
        },
        "TankBehavior.Policy.GAILExpertEstimate.sum": {
            "value": 0.9808110753695171,
            "min": 0.9808110753695171,
            "max": 0.9808110753695171,
            "count": 1
        },
        "TankBehavior.Losses.GAILLoss.mean": {
            "value": 0.061292566979924835,
            "min": 0.061292566979924835,
            "max": 0.061292566979924835,
            "count": 1
        },
        "TankBehavior.Losses.GAILLoss.sum": {
            "value": 0.061292566979924835,
            "min": 0.061292566979924835,
            "max": 0.061292566979924835,
            "count": 1
        },
        "TankBehavior.Policy.GAILGradMagLoss.mean": {
            "value": 0.1537250965833664,
            "min": 0.1537250965833664,
            "max": 0.1537250965833664,
            "count": 1
        },
        "TankBehavior.Policy.GAILGradMagLoss.sum": {
            "value": 0.1537250965833664,
            "min": 0.1537250965833664,
            "max": 0.1537250965833664,
            "count": 1
        },
        "TankBehavior.Losses.PretrainingLoss.mean": {
            "value": 3.4185763200124106,
            "min": 3.4185763200124106,
            "max": 3.4185763200124106,
            "count": 1
        },
        "TankBehavior.Losses.PretrainingLoss.sum": {
            "value": 3.4185763200124106,
            "min": 3.4185763200124106,
            "max": 3.4185763200124106,
            "count": 1
        },
        "TankBehavior.IsTraining.mean": {
            "value": 1.0,
            "min": 1.0,
            "max": 1.0,
            "count": 1
        },
        "TankBehavior.IsTraining.sum": {
            "value": 1.0,
            "min": 1.0,
            "max": 1.0,
            "count": 1
        }
    },
    "metadata": {
        "timer_format_version": "0.1.0",
        "start_time_seconds": "1728641853",
        "python_version": "3.8.10 (tags/v3.8.10:3d8993a, May  3 2021, 11:48:03) [MSC v.1928 64 bit (AMD64)]",
        "command_line_arguments": "C:\\Users\\User\\Desktop\\Tank-Game-AI\\venv\\Scripts\\mlagents-learn results/Gen14-MVT/configuration.yaml --resume",