{
    "name": "root",
    "gauges": {
        "TankBehavior.Policy.Entropy.mean": {
            "value": 1.8662749528884888,
            "min": 1.5409051179885864,
            "max": 1.9114611148834229,
            "count": 7
        },
        "TankBehavior.Policy.Entropy.sum": {
            "value": 92893.8359375,
            "min": 28853.447265625,
            "max": 95573.0546875,
            "count": 7
        },
        "TankBehavior.Environment.EpisodeLength.mean": {
            "value": 739.3478260869565,
            "min": 126.22666666666667,
            "max": 941.1320754716982,
            "count": 7
        },
        "TankBehavior.Environment.EpisodeLength.sum": {
            "value": 51015.0,
            "min": 9467.0,
            "max": 52066.0,
            "count": 7
        },
        "TankBehavior.Step.mean": {
            "value": 1149944.0,
            "min": 849966.0,
            "max": 1149944.0,
            "count": 7
        },
        "TankBehavior.Step.sum": {
            "value": 1149944.0,
            "min": 849966.0,
            "max": 1149944.0,
            "count": 7
        },
        "TankBehavior.Policy.ExtrinsicValueEstimate.mean": {
            "value": -25.02422523498535,
            "min": -30.700414657592773,
            "max": 40.31916427612305,
            "count": 7
        },
        "TankBehavior.Policy.ExtrinsicValueEstimate.sum": {
            "value": -20344.6953125,
            "min": -24775.234375,
            "max": 17331.73046875,
            "count": 7
        },
        "TankBehavior.Policy.GailValueEstimate.mean": {
            "value": 1.899478793144226,
            "min": 1.899478793144226,
            "max": 3.3341457843780518,
            "count": 7
        },
        "TankBehavior.Policy.GailValueEstimate.sum": {
            "value": 1544.2762451171875,
            "min": 892.9539794921875,
            "max": 2673.98486328125,
            "count": 7
        },
        "TankBehavior.Environment.CumulativeReward.mean": {
            "value": -188.61284038035765,
            "min": -432.9769628263753,
            "max": 13.968523624340692,
            "count": 7
        },
        "TankBehavior.Environment.CumulativeReward.sum": {
            "value": -13014.285986244678,
            "min": -25112.663843929768,
            "max": 1047.639271825552,
            "count": 7
        },
        "TankBehavior.Policy.ExtrinsicReward.mean": {
            "value": -188.61284038035765,
            "min": -432.9769628263753,
            "max": 13.968523624340692,
            "count": 7
        },
        "TankBehavior.Policy.ExtrinsicReward.sum": {
            "value": -13014.285986244678,
            "min": -25112.663843929768,
            "max": 1047.639271825552,
            "count": 7
        },
        "TankBehavior.Policy.GailReward.mean": {
            "value": 10.42838094370993,
            "min": 7.736831006507079,
            "max": 27.804660513715923,
            "count": 7
        },
        "TankBehavior.Policy.GailReward.sum": {
            "value": 719.5582851159852,
            "min": 580.2623254880309,
            "max": 1692.7208525799215,
            "count": 7
        },
        "TankBehavior.Losses.PolicyLoss.mean": {
            "value": 0.02544988943326947,
            "min": 0.018472814270838474,
            "max": 0.02803480743112014,
            "count": 7
        },
        "TankBehavior.Losses.PolicyLoss.sum": {
            "value": 0.12724944716634734,
            "min": 0.018472814270838474,
            "max": 0.12724944716634734,
            "count": 7
        },
        "TankBehavior.Losses.ValueLoss.mean": {
            "value": 49.4756893157959,
            "min": 36.146477635701494,
            "max": 61.20336816151937,
            "count": 7
        },
        "TankBehavior.Losses.ValueLoss.sum": {
            "value": 247.3784465789795,
            "min": 36.146477635701494,
            "max": 306.01684080759685,
            "count": 7
        },
        "TankBehavior.Policy.LearningRate.mean": {
            "value": 0.00023273807842064798,
            "min": 0.00023273807842064798,
            "max": 0.0002494172568609199,
            "count": 7
        },
        "TankBehavior.Policy.LearningRate.sum": {
            "value": 0.0011636903921032398,
            "min": 0.0002494172568609199,
            "max": 0.00123783446738854,
            "count": 7
        },
        "TankBehavior.Policy.Epsilon.mean": {
            "value": 0.17757935199999997,
            "min": 0.17757935199999997,
            "max": 0.18313908000000004,
            "count": 7
        },
        "TankBehavior.Policy.Epsilon.sum": {
            "value": 0.8878967599999998,
            "min": 0.18313908000000004,
            "max": 0.9126114600000003,
            "count": 7
        },
        "TankBehavior.Policy.Beta.mean": {
            "value": 0.0038812096648000007,
            "min": 0.0038812096648000007,
            "max": 0.004158640091999999,
            "count": 7
        },
        "TankBehavior.Policy.Beta.sum": {
            "value": 0.019406048324000003,
            "min": 0.004158640091999999,
            "max": 0.020639311854,
            "count": 7
        },
        "TankBehavior.Policy.GAILPolicyEstimate.mean": {
            "value": 0.012861510838071504,
            "min": 0.012861510838071504,
            "max": 0.04552807242920001,
            "count": 7
        },
        "TankBehavior.Policy.GAILPolicyEstimate.sum": {
            "value": 0.06430755419035752,
            "min": 0.04552807242920001,
            "max": 0.1569976275165876,
            "count": 7
        },
        "TankBehavior.Policy.GAILExpertEstimate.mean": {
            "value": 0.9919747285048167,
            "min": 0.97903946240743,
            "max": 0.9919747285048167,
            "count": 7
        },
        "TankBehavior.Policy.GAILExpertEstimate.sum": {
            "value": 4.959873642524084,
            "min": 0.97903946240743,
            "max": 4.959873642524084,
            "count": 7
        },
        "TankBehavior.Losses.GAILLoss.mean": {
            "value": 0.021464605269332727,
            "min": 0.021464605269332727,
            "max": 0.07035532668232918,
            "count": 7
        },
        "TankBehavior.Losses.GAILLoss.sum": {
            "value": 0.10732302634666363,
            "min": 0.07035532668232918,
            "max": 0.2629542437692483,
            "count": 7
        },
        "TankBehavior.Policy.GAILGradMagLoss.mean": {
            "value": 0.03920073514183363,
            "min": 0.03920073514183363,
            "max": 0.1614197020729383,
            "count": 7
        },
        "TankBehavior.Policy.GAILGradMagLoss.sum": {
            "value": 0.19600367570916813,
            "min": 0.1614197020729383,
            "max": 0.40302606423695886,
            "count": 7
        },
        "TankBehavior.Losses.PretrainingLoss.mean": {
            "value": 1.4231055418650307,
            "min": 1.4231055418650307,
            "max": 3.1983183754814997,
            "count": 7
        },
        "TankBehavior.Losses.PretrainingLoss.sum": {
            "value": 7.115527709325153,
            "min": 3.1983183754814997,
            "max": 9.580726358625624,
            "count": 7
        },
        "TankBehavior.IsTraining.mean": {
            "value": 1.0,
            "min": 1.0,
            "max": 1.0,
            "count": 7
        },
        "TankBehavior.IsTraining.sum": {
            "value": 1.0,
            "min": 1.0,
            "max": 1.0,
            "count": 7
        }
    },
    "metadata": {
        "timer_format_version": "0.1.0",
        "start_time_seconds": "1728613072",
        "python_version": "3.8.10 (tags/v3.8.10:3d8993a, May  3 2021, 11:48:03) [MSC v.1928 64 bit (AMD64)]",
        "command_line_arguments": "C:\\Users\\User\\Desktop\\Tank-Game-AI\\venv\\Scripts\\mlagents-learn results/Gen14-MVT/configuration.yaml --resume",