{
    "name": "root",
    "gauges": {
        "TankBehavior.Policy.Entropy.mean": {
            "value": 1.8011713027954102,
            "min": 1.618897557258606,
            "max": 1.8803483247756958,
            "count": 17
        },
        "TankBehavior.Policy.Entropy.sum": {
            "value": 90103.59375,
            "min": 30232.912109375,
            "max": 94017.4140625,
            "count": 17
        },
        "TankBehavior.Environment.EpisodeLength.mean": {
            "value": 930.4528301886793,
            "min": 106.97849462365592,
            "max": 934.6415094339623,
            "count": 17
        },
        "TankBehavior.Environment.EpisodeLength.sum": {
            "value": 49314.0,
            "min": 9949.0,
            "max": 51145.0,
            "count": 17
        },
        "TankBehavior.Step.mean": {
            "value": 1649967.0,
            "min": 849954.0,
            "max": 1649967.0,
            "count": 17
        },
        "TankBehavior.Step.sum": {
            "value": 1649967.0,
            "min": 849954.0,
            "max": 1649967.0,
            "count": 17
        },
        "TankBehavior.Policy.ExtrinsicValueEstimate.mean": {
            "value": 1.2866637706756592,
            "min": -28.96327018737793,
            "max": 9.35686206817627,
            "count": 17
        },
        "TankBehavior.Policy.ExtrinsicValueEstimate.sum": {
            "value": 1033.1910400390625,
            "min": -23518.17578125,
            "max": 5342.46484375,
            "count": 17
        },
        "TankBehavior.Policy.GailValueEstimate.mean": {
            "value": 0.26021111011505127,
            "min": 0.22173181176185608,
            "max": 1.6214040517807007,
            "count": 17
        },
        "TankBehavior.Policy.GailValueEstimate.sum": {
            "value": 208.94952392578125,
            "min": 178.49411010742188,
            "max": 1310.094482421875,
            "count": 17
        },
        "TankBehavior.Environment.CumulativeReward.mean": {
            "value": -34.93873351699901,
            "min": -321.8512933191694,
            "max": 107.62803897430312,
            "count": 17
        },
        "TankBehavior.Environment.CumulativeReward.sum": {
            "value": -1851.7528764009476,
            "min": -26069.95475885272,
            "max": 5704.286065638065,
            "count": 17
        },
        "TankBehavior.Policy.ExtrinsicReward.mean": {
            "value": -34.93873351699901,
            "min": -321.8512933191694,
            "max": 107.62803897430312,
            "count": 17
        },
        "TankBehavior.Policy.ExtrinsicReward.sum": {
            "value": -1851.7528764009476,
            "min": -26069.95475885272,
            "max": 5704.286065638065,
            "count": 17
        },
        "TankBehavior.Policy.GailReward.mean": {
            "value": 1.7442953021885808,
            "min": 1.7442953021885808,
            "max": 11.214459069153685,
            "count": 17
        },
        "TankBehavior.Policy.GailReward.sum": {
            "value": 92.44765101599478,
            "min": 92.44765101599478,
            "max": 1051.2384142372757,
            "count": 17
        },
        "TankBehavior.Losses.PolicyLoss.mean": {
            "value": 0.021571035179076714,
            "min": 0.020260335385780006,
            "max": 0.029302751461315592,
            "count": 17
        },
        "TankBehavior.Losses.PolicyLoss.sum": {
            "value": 0.10785517589538357,
            "min": 0.02262052439909894,
            "max": 0.14651375730657795,
            "count": 17
        },
        "TankBehavior.Losses.ValueLoss.mean": {
            "value": 27.38456732432047,
            "min": 5.885186139742533,
            "max": 64.69839701334635,
            "count": 17
        },
        "TankBehavior.Losses.ValueLoss.sum": {
            "value": 136.92283662160236,
            "min": 5.885186139742533,
            "max": 323.4919850667318,
            "count": 17
        },
        "TankBehavior.Policy.LearningRate.mean": {
            "value": 0.00020252771649077202,
            "min": 0.00020252771649077202,
            "max": 0.00024942175685942,
            "count": 17
        },
        "TankBehavior.Policy.LearningRate.sum": {
            "value": 0.00101263858245386,
            "min": 0.00024942175685942,
            "max": 0.00123785804738068,
            "count": 17
        },
        "TankBehavior.Policy.Epsilon.mean": {
            "value": 0.167509228,
            "min": 0.167509228,
            "max": 0.18314057999999997,
            "count": 17
        },
        "TankBehavior.Policy.Epsilon.sum": {
            "value": 0.83754614,
            "min": 0.18314057999999997,
            "max": 0.9126193200000001,
            "count": 17
        },
        "TankBehavior.Policy.Beta.mean": {
            "value": 0.0033787104772000005,
            "min": 0.0033787104772000005,
            "max": 0.004158714942,
            "count": 17
        },
        "TankBehavior.Policy.Beta.sum": {
            "value": 0.016893552386000002,
            "min": 0.004158714942,
            "max": 0.020639704067999996,
            "count": 17
        },
        "TankBehavior.Policy.GAILPolicyEstimate.mean": {
            "value": 0.0022323918133042753,
            "min": 0.0022323918133042753,
            "max": 0.039855782749752204,
            "count": 17
        },
        "TankBehavior.Policy.GAILPolicyEstimate.sum": {
            "value": 0.011161959066521376,
            "min": 0.011161959066521376,
            "max": 0.13714740984141827,
            "count": 17
        },
        "TankBehavior.Policy.GAILExpertEstimate.mean": {
            "value": 0.9985409621397654,
            "min": 0.981119857231776,
            "max": 0.9985409621397654,
            "count": 17
        },
        "TankBehavior.Policy.GAILExpertEstimate.sum": {
            "value": 4.992704810698827,
            "min": 0.981119857231776,
            "max": 4.992704810698827,
            "count": 17
        },
        "TankBehavior.Losses.GAILLoss.mean": {
            "value": 0.0038752545850972335,
            "min": 0.0038752545850972335,
            "max": 0.061889098833004634,
            "count": 17
        },
        "TankBehavior.Losses.GAILLoss.sum": {
            "value": 0.019376272925486167,
            "min": 0.019376272925486167,
            "max": 0.21963761970400808,
            "count": 17
        },
        "TankBehavior.Policy.GAILGradMagLoss.mean": {
            "value": 0.010928586234028141,
            "min": 0.010928586234028141,
            "max": 0.15048063869277636,
            "count": 17
        },
        "TankBehavior.Policy.GAILGradMagLoss.sum": {
            "value": 0.054642931170140706,
            "min": 0.054642931170140706,
            "max": 0.4127964743723472,
            "count": 17
        },
        "TankBehavior.Losses.PretrainingLoss.mean": {
            "value": 1.372199657228258,
            "min": 1.369623531235589,
            "max": 3.3128440380096436,
            "count": 17
        },
        "TankBehavior.Losses.PretrainingLoss.sum": {
            "value": 6.86099828614129,
            "min": 3.3128440380096436,
            "max": 11.356004741456772,
            "count": 17
        },
        "TankBehavior.IsTraining.mean": {
            "value": 1.0,
            "min": 1.0,
            "max": 1.0,
            "count": 17
        },
        "TankBehavior.IsTraining.sum": {
            "value": 1.0,
            "min": 1.0,
            "max": 1.0,
            "count": 17
        }
    },
    "metadata": {
        "timer_format_version": "0.1.0",
        "start_time_seconds": "1728642295",
        "python_version": "3.8.10 (tags/v3.8.10:3d8993a, May  3 2021, 11:48:03) [MSC v.1928 64 bit (AMD64)]",
        "command_line_arguments": "C:\\Users\\User\\Desktop\\Tank-Game-AI\\venv\\Scripts\\mlagents-learn results/Gen14-MVT/configuration.yaml --resume",