{
    "name": "root",
    "gauges": {
        "TankBehavior.Policy.Entropy.mean": {
            "value": 1.9024007320404053,
            "min": 1.5357452630996704,
            "max": 1.9180753231048584,
            "count": 9
        },
        "TankBehavior.Policy.Entropy.sum": {
            "value": 95120.0390625,
            "min": 28603.255859375,
            "max": 95903.765625,
            "count": 9
        },
        "TankBehavior.Environment.EpisodeLength.mean": {
            "value": 895.719298245614,
            "min": 112.88888888888889,
            "max": 990.12,
            "count": 9
        },
        "TankBehavior.Environment.EpisodeLength.sum": {
            "value": 51056.0,
            "min": 8128.0,
            "max": 51056.0,
            "count": 9
        },
        "TankBehavior.Step.mean": {
            "value": 1249953.0,
            "min": 849995.0,
            "max": 1249953.0,
            "count": 9
        },
        "TankBehavior.Step.sum": {
            "value": 1249953.0,
            "min": 849995.0,
            "max": 1249953.0,
            "count": 9
        },
        "TankBehavior.Policy.ExtrinsicValueEstimate.mean": {
            "value": -7.3319783210754395,
            "min": -31.46656608581543,
            "max": 40.67388153076172,
            "count": 9
        },
        "TankBehavior.Policy.ExtrinsicValueEstimate.sum": {
            "value": -5894.91064453125,
            "min": -25204.71875,
            "max": 17211.625,
            "count": 9
        },
        "TankBehavior.Policy.GailValueEstimate.mean": {
            "value": 1.3757755756378174,
            "min": 1.3757755756378174,
            "max": 3.2465975284576416,
            "count": 9
        },
        "TankBehavior.Policy.GailValueEstimate.sum": {
            "value": 1106.12353515625,
            "min": 886.9065551757812,
            "max": 2649.2236328125,
            "count": 9
        },
        "TankBehavior.Environment.CumulativeReward.mean": {
            "value": 98.53580120258164,
            "min": -416.04008526563643,
            "max": 98.53580120258164,
            "count": 9
        },
        "TankBehavior.Environment.CumulativeReward.sum": {
            "value": 5616.5406685471535,
            "min": -20802.004263281822,
            "max": 5616.5406685471535,
            "count": 9
        },
        "TankBehavior.Policy.ExtrinsicReward.mean": {
            "value": 98.53580120258164,
            "min": -416.04008526563643,
            "max": 98.53580120258164,
            "count": 9
        },
        "TankBehavior.Policy.ExtrinsicReward.sum": {
            "value": 5616.5406685471535,
            "min": -20802.004263281822,
            "max": 5616.5406685471535,
            "count": 9
        },
        "TankBehavior.Policy.GailReward.mean": {
            "value": 8.632015398744363,
            "min": 7.213712099900233,
            "max": 28.226549960523844,
            "count": 9
        },
        "TankBehavior.Policy.GailReward.sum": {
            "value": 492.0248777284287,
            "min": 492.0248777284287,
            "max": 2113.8979233019054,
            "count": 9
        },
        "TankBehavior.Losses.PolicyLoss.mean": {
            "value": 0.024473790594687066,
            "min": 0.021446519815799547,
            "max": 0.028370691418725377,
            "count": 9
        },
        "TankBehavior.Losses.PolicyLoss.sum": {
            "value": 0.12236895297343534,
            "min": 0.028370691418725377,
            "max": 0.12236895297343534,
            "count": 9
        },
        "TankBehavior.Losses.ValueLoss.mean": {
            "value": 11.907542095184326,
            "min": 11.907542095184326,
            "max": 62.725738843282066,
            "count": 9
        },
        "TankBehavior.Losses.ValueLoss.sum": {
            "value": 59.53771047592163,
            "min": 38.99969170888265,
            "max": 310.14982380867,
            "count": 9
        },
        "TankBehavior.Policy.LearningRate.mean": {
            "value": 0.00022669784443406002,
            "min": 0.00022669784443406002,
            "max": 0.00024941713686096,
            "count": 9
        },
        "TankBehavior.Policy.LearningRate.sum": {
            "value": 0.0011334892221703,
            "min": 0.00024941713686096,
            "max": 0.0012375825274725202,
            "count": 9
        },
        "TankBehavior.Policy.Epsilon.mean": {
            "value": 0.17556594000000003,
            "min": 0.17556594000000003,
            "max": 0.18313904000000006,
            "count": 9
        },
        "TankBehavior.Policy.Epsilon.sum": {
            "value": 0.8778297000000002,
            "min": 0.18313904000000006,
            "max": 0.9125274800000001,
            "count": 9
        },
        "TankBehavior.Policy.Beta.mean": {
            "value": 0.003780740406,
            "min": 0.003780740406,
            "max": 0.0041586380960000014,
            "count": 9
        },
        "TankBehavior.Policy.Beta.sum": {
            "value": 0.01890370203,
            "min": 0.0041586380960000014,
            "max": 0.020635121252,
            "count": 9
        },
        "TankBehavior.Policy.GAILPolicyEstimate.mean": {
            "value": 0.009249837212264538,
            "min": 0.009249837212264538,
            "max": 0.044815615223099785,
            "count": 9
        },
        "TankBehavior.Policy.GAILPolicyEstimate.sum": {
            "value": 0.04624918606132269,
            "min": 0.04282663177388409,
            "max": 0.15469179501136143,
            "count": 9
        },
        "TankBehavior.Policy.GAILExpertEstimate.mean": {
            "value": 0.993988966147105,
            "min": 0.9788991550604502,
            "max": 0.993988966147105,
            "count": 9
        },
        "TankBehavior.Policy.GAILExpertEstimate.sum": {
            "value": 4.969944830735525,
            "min": 0.9788991550604502,
            "max": 4.969944830735525,
            "count": 9
        },
        "TankBehavior.Losses.GAILLoss.mean": {
            "value": 0.015666304491460323,
            "min": 0.015666304491460323,
            "max": 0.06968955049912134,
            "count": 9
        },
        "TankBehavior.Losses.GAILLoss.sum": {
            "value": 0.07833152245730161,
            "min": 0.06968955049912134,
            "max": 0.26146946276227634,
            "count": 9
        },
        "TankBehavior.Policy.GAILGradMagLoss.mean": {
            "value": 0.029770797031621138,
            "min": 0.029770797031621138,
            "max": 0.15755847493807476,
            "count": 9
        },
        "TankBehavior.Policy.GAILGradMagLoss.sum": {
            "value": 0.1488539851581057,
            "min": 0.13629637571672598,
            "max": 0.40075588350494706,
            "count": 9
        },
        "TankBehavior.Losses.PretrainingLoss.mean": {
            "value": 1.3628241618474326,
            "min": 1.3628241618474326,
            "max": 3.2523694568210177,
            "count": 9
        },
        "TankBehavior.Losses.PretrainingLoss.sum": {
            "value": 6.814120809237163,
            "min": 3.2523694568210177,
            "max": 9.606780714458889,
            "count": 9
        },
        "TankBehavior.IsTraining.mean": {
            "value": 1.0,
            "min": 1.0,
            "max": 1.0,
            "count": 9
        },
        "TankBehavior.IsTraining.sum": {
            "value": 1.0,
            "min": 1.0,
            "max": 1.0,
            "count": 9
        }
    },
    "metadata": {
        "timer_format_version": "0.1.0",
        "start_time_seconds": "1728606681",
        "python_version": "3.8.10 (tags/v3.8.10:3d8993a, May  3 2021, 11:48:03) [MSC v.1928 64 bit (AMD64)]",
        "command_line_arguments": "C:\\Users\\User\\Desktop\\Tank-Game-AI\\venv\\Scripts\\mlagents-learn results/Gen14-MVT/configuration.yaml --resume",
        "mlagents_version": "0.29.0",