{
    "name": "root",
    "gauges": {
        "TankBehavior.Policy.Entropy.mean": {
            "value": 1.6191227436065674,
            "min": 1.6191227436065674,
            "max": 1.6191227436065674,
            "count": 1
        },
        "TankBehavior.Policy.Entropy.sum": {
            "value": 29872.814453125,
            "min": 29872.814453125,
            "max": 29872.814453125,
            "count": 1
        },
        "TankBehavior.Environment.EpisodeLength.mean": {
            "value": 103.47311827956989,
            "min": 103.47311827956989,
            "max": 103.47311827956989,
            "count": 1
        },
        "TankBehavior.Environment.EpisodeLength.sum": {
            "value": 9623.0,
            "min": 9623.0,
            "max": 9623.0,
            "count": 1
        },
        "TankBehavior.Step.mean": {
            "value": 849948.0,
            "min": 849948.0,
            "max": 849948.0,
            "count": 1
        },
        "TankBehavior.Step.sum": {
            "value": 849948.0,
            "min": 849948.0,
            "max": 849948.0,
            "count": 1
        },
        "TankBehavior.Policy.ExtrinsicValueEstimate.mean": {
            "value": 9.146075248718262,
            "min": 9.146075248718262,
            "max": 9.146075248718262,
            "count": 1
        },
        "TankBehavior.Policy.ExtrinsicValueEstimate.sum": {
            "value": 2890.15966796875,
            "min": 2890.15966796875,
            "max": 2890.15966796875,
            "count": 1
        },
        "TankBehavior.Policy.GailValueEstimate.mean": {
            "value": 0.6458497643470764,
            "min": 0.6458497643470764,
            "max": 0.6458497643470764,
            "count": 1
        },
        "TankBehavior.Policy.GailValueEstimate.sum": {
            "value": 204.08853149414062,
            "min": 204.08853149414062,
            "max": 204.08853149414062,
            "count": 1
        },
        "TankBehavior.Environment.CumulativeReward.mean": {
            "value": 15.511163927534575,
            "min": 15.511163927534575,
            "max": 15.511163927534575,
            "count": 1
        },
        "TankBehavior.Environment.CumulativeReward.sum": {
            "value": 1442.5382452607155,
            "min": 1442.5382452607155,
            "max": 1442.5382452607155,
            "count": 1
        },
        "TankBehavior.Policy.ExtrinsicReward.mean": {
            "value": 15.511163927534575,
            "min": 15.511163927534575,
            "max": 15.511163927534575,
            "count": 1
        },
        "TankBehavior.Policy.ExtrinsicReward.sum": {
            "value": 1442.5382452607155,
            "min": 1442.5382452607155,
            "max": 1442.5382452607155,
            "count": 1
        },
        "TankBehavior.Policy.GailReward.mean": {
            "value": 4.118742316580748,
            "min": 4.118742316580748,
            "max": 4.118742316580748,
            "count": 1
        },
        "TankBehavior.Policy.GailReward.sum": {
            "value": 383.04303544200957,
            "min": 383.04303544200957,
            "max": 383.04303544200957,
            "count": 1
        },
        "TankBehavior.Losses.PolicyLoss.mean": {
            "value": 0.02474531322562446,
            "min": 0.02474531322562446,
            "max": 0.02474531322562446,
            "count": 1
        },
        "TankBehavior.Losses.PolicyLoss.sum": {
            "value": 0.02474531322562446,
            "min": 0.02474531322562446,
            "max": 0.02474531322562446,
            "count": 1
        },
        "TankBehavior.Losses.ValueLoss.mean": {
            "value": 6.38686249256134,
            "min": 6.38686249256134,
            "max": 6.38686249256134,
            "count": 1
        },
        "TankBehavior.Losses.ValueLoss.sum": {
            "value": 6.38686249256134,
            "min": 6.38686249256134,
            "max": 6.38686249256134,
            "count": 1
        },
        "TankBehavior.Policy.LearningRate.mean": {
            "value": 0.0002494249968583399,
            "min": 0.0002494249968583399,
            "max": 0.0002494249968583399,
            "count": 1
        },
        "TankBehavior.Policy.LearningRate.sum": {
            "value": 0.0002494249968583399,
            "min": 0.0002494249968583399,
            "max": 0.0002494249968583399,
            "count": 1
        },
        "TankBehavior.Policy.Epsilon.mean": {
            "value": 0.1831416600000001,
            "min": 0.1831416600000001,
            "max": 0.1831416600000001,
            "count": 1
        },
        "TankBehavior.Policy.Epsilon.sum": {
            "value": 0.1831416600000001,
            "min": 0.1831416600000001,
            "max": 0.1831416600000001,
            "count": 1
        },
        "TankBehavior.Policy.Beta.mean": {
            "value": 0.004158768834,
            "min": 0.004158768834,
            "max": 0.004158768834,
            "count": 1
        },
        "TankBehavior.Policy.Beta.sum": {
            "value": 0.004158768834,
            "min": 0.004158768834,
            "max": 0.004158768834,
            "count": 1
        },
        "TankBehavior.Policy.GAILPolicyEstimate.mean": {
            "value": 0.0403062063579758,
            "min": 0.0403062063579758,
            "max": 0.0403062063579758,
            "count": 1
        },
        "TankBehavior.Policy.GAILPolicyEstimate.sum": {
            "value": 0.0403062063579758,
            "min": 0.0403062063579758,
            "max": 0.0403062063579758,
            "count": 1
        },
        "TankBehavior.Policy.GAILExpertEstimate.mean": {
            "value": 0.9813866297403971,
            "min": 0.9813866297403971,
            "max": 0.9813866297403971,
            "count": 1
        },
        "TankBehavior.Policy.GAILExpertEstimate.sum": {
            "value": 0.9813866297403971,
            "min": 0.9813866297403971,
            "max": 0.9813866297403971,
            "count": 1
        },
        "TankBehavior.Losses.GAILLoss.mean": {
            "value": 0.062263641009728116,
            "min": 0.062263641009728116,
            "max": 0.062263641009728116,
            "count": 1
        },
        "TankBehavior.Losses.GAILLoss.sum": {
            "value": 0.062263641009728116,
            "min": 0.062263641009728116,
            "max": 0.062263641009728116,
            "count": 1
        },
        "TankBehavior.Policy.GAILGradMagLoss.mean": {
            "value": 0.15952576870719593,
            "min": 0.15952576870719593,
            "max": 0.15952576870719593,
            "count": 1
        },
        "TankBehavior.Policy.GAILGradMagLoss.sum": {
            "value": 0.15952576870719593,
            "min": 0.15952576870719593,
            "max": 0.15952576870719593,
            "count": 1
        },
        "TankBehavior.Losses.PretrainingLoss.mean": {
            "value": 3.3866362306806774,
            "min": 3.3866362306806774,
            "max": 3.3866362306806774,
            "count": 1
        },
        "TankBehavior.Losses.PretrainingLoss.sum": {
            "value": 3.3866362306806774,
            "min": 3.3866362306806774,
            "max": 3.3866362306806774,
            "count": 1
        },
        "TankBehavior.IsTraining.mean": {
            "value": 1.0,
            "min": 1.0,
            "max": 1.0,
            "count": 1
        },
        "TankBehavior.IsTraining.sum": {
            "value": 1.0,
            "min": 1.0,
            "max": 1.0,
            "count": 1
        }
    },
    "metadata": {
        "timer_format_version": "0.1.0",
        "start_time_seconds": "1728645547",
        "python_version": "3.8.10 (tags/v3.8.10:3d8993a, May  3 2021, 11:48:03) [MSC v.1928 64 bit (AMD64)]",
        "command_line_arguments": "C:\\Users\\User\\Desktop\\Tank-Game-AI\\venv\\Scripts\\mlagents-learn results/Gen14-MVT/configuration.yaml --resume",
        "mlagents_version": "0.29.0",